src_port,dst_port,ip_version,protocol,duration,packet_count,total_bytes,avg_packet_size,packets_per_sec,syn_count,ack_count,fin_count,rst_count,label
0,0,4,OTHER,594.513,91,5460,60.0,0.15,0,0,0,0,0
0,0,6,OTHER,594.535,206,20280,98.45,0.35,0,0,0,0,0
0,0,4,OTHER,595.411,196,11964,61.04,0.33,0,0,0,0,0
0,0,6,OTHER,595.019,185,23850,128.92,0.31,0,0,0,0,0
0,0,4,OTHER,594.342,90,5092,56.58,0.15,0,0,0,0,0
0,0,6,OTHER,594.253,114,13120,115.09,0.19,0,0,0,0,0
5353,5353,4,UDP,580.405,26,3094,119.0,0.04,0,0,0,0,0
53,50197,4,UDP,0.05,2,296,148.0,40.04,0,0,0,0,0
80,44232,4,TCP,0.519,9,882,98.0,17.36,2,8,2,0,0
53,47703,4,UDP,0.217,2,281,140.5,9.24,0,0,0,0,0
53,44269,4,UDP,0.2,2,228,114.0,10.0,0,0,0,0,0
53,41301,4,UDP,0.198,2,240,120.0,10.1,0,0,0,0,0
48882,443,6,TCP,0.001,1,94,94.0,1000.0,1,0,0,0,0
48894,443,6,TCP,0.001,1,94,94.0,1000.0,1,0,0,0,0
41952,443,4,TCP,180.06,60,14956,249.27,0.33,2,59,2,0,0
41964,443,4,TCP,0.817,22,5388,244.91,26.94,2,21,2,0,0
57621,57621,4,UDP,240.946,9,774,86.0,0.04,0,0,0,0,0
53,41789,4,UDP,0.175,2,301,150.5,11.44,0,0,0,0,0
53,36362,4,UDP,0.158,2,313,156.5,12.68,0,0,0,0,0
53,38473,4,UDP,0.214,2,375,187.5,9.35,0,0,0,0,0
53,44593,4,UDP,0.381,2,319,159.5,5.25,0,0,0,0,0
34588,80,6,TCP,35.976,10,940,94.0,0.28,10,0,0,0,0
41496,80,4,TCP,174.278,43,4052,94.23,0.25,2,42,2,0,0
0,0,6,OTHER,477.641,4,360,90.0,0.01,0,0,0,0,0
68,67,4,UDP,0.001,1,348,348.0,1000.0,0,0,0,0,0
0,0,4,OTHER,477.637,4,240,60.0,0.01,0,0,0,0,0
51870,5355,4,UDP,0.41,2,134,67.0,4.88,0,0,0,0,0
57654,5355,4,UDP,0.386,2,134,67.0,5.19,0,0,0,0,0
0,0,6,OTHER,0.001,1,86,86.0,1000.0,0,0,0,0,0
0,0,6,OTHER,0.001,1,86,86.0,1000.0,0,0,0,0,0
0,0,6,OTHER,0.001,1,86,86.0,1000.0,0,0,0,0,0
0,0,6,OTHER,567.956,44,3680,83.64,0.08,0,0,0,0,0
53,36146,4,UDP,0.034,2,224,112.0,58.95,0,0,0,0,0
53,47789,4,UDP,0.036,2,236,118.0,55.32,0,0,0,0,0
53,44153,4,UDP,0.033,2,269,134.5,59.94,0,0,0,0,0
53,37205,4,UDP,0.04,2,247,123.5,49.46,0,0,0,0,0
44134,443,6,TCP,68.316,11,1034,94.0,0.16,11,0,0,0,0
53,41656,4,UDP,0.065,2,248,124.0,30.88,0,0,0,0,0
53,45459,4,UDP,0.062,2,260,130.0,32.03,0,0,0,0,0
44138,443,6,TCP,2.055,3,282,94.0,1.46,3,0,0,0,0
64860,1900,4,UDP,3.407,4,848,212.0,1.17,0,0,0,0,0
64862,1900,4,UDP,3.408,4,848,212.0,1.17,0,0,0,0,0
45076,443,4,TCP,171.811,87,42539,488.95,0.51,2,83,2,3,0
53,42639,4,UDP,0.192,2,232,116.0,10.39,0,0,0,0,0
53,50603,4,UDP,0.137,2,244,122.0,14.55,0,0,0,0,0
53,50412,4,UDP,0.131,2,277,138.5,15.27,0,0,0,0,0
53,38714,4,UDP,0.206,2,229,114.5,9.72,0,0,0,0,0
53,56495,4,UDP,0.073,2,241,120.5,27.25,0,0,0,0,0
53,60580,4,UDP,0.095,2,247,123.5,21.08,0,0,0,0,0
53,53820,4,UDP,0.096,2,271,135.5,20.84,0,0,0,0,0
53,60961,4,UDP,0.098,2,212,106.0,20.41,0,0,0,0,0
53,41104,4,UDP,0.098,2,192,96.0,20.37,0,0,0,0,0
53,60224,4,UDP,0.135,2,284,142.0,14.79,0,0,0,0,0
53,34596,4,UDP,0.109,2,254,127.0,18.27,0,0,0,0,0
53,34124,4,UDP,0.107,2,251,125.5,18.7,0,0,0,0,0
53,46118,4,UDP,0.167,2,291,145.5,11.96,0,0,0,0,0
53,50016,4,UDP,0.187,2,296,148.0,10.69,0,0,0,0,0
53,44565,4,UDP,193.767,4,481,120.25,0.02,0,0,0,0,0
53,38755,4,UDP,0.299,2,390,195.0,6.7,0,0,0,0,0
53,53819,4,UDP,0.242,2,253,126.5,8.27,0,0,0,0,0
53,53254,4,UDP,0.27,2,266,133.0,7.4,0,0,0,0,0
53,43317,4,UDP,0.27,2,290,145.0,7.41,0,0,0,0,0
53,37198,4,UDP,0.324,2,298,149.0,6.18,0,0,0,0,0
53,40583,4,UDP,0.105,2,258,129.0,19.1,0,0,0,0,0
53,36613,4,UDP,0.149,2,250,125.0,13.4,0,0,0,0,0
53,56599,4,UDP,0.147,2,327,163.5,13.59,0,0,0,0,0
53,40991,4,UDP,0.143,2,268,134.0,14.0,0,0,0,0,0
53,38672,4,UDP,0.006,2,280,140.0,311.8,0,0,0,0,0
53,57359,4,UDP,0.083,2,260,130.0,24.21,0,0,0,0,0
55512,443,4,UDP,0.319,20,10411,520.55,62.7,0,0,0,0,0
44142,443,6,TCP,0.001,1,94,94.0,1000.0,1,0,0,0,0
45086,443,4,TCP,171.545,41,8145,198.66,0.24,2,39,2,1,0
53,39796,4,UDP,0.042,2,250,125.0,47.06,0,0,0,0,0
53,51633,4,UDP,0.04,2,327,163.5,50.36,0,0,0,0,0
53,52193,4,UDP,0.042,2,327,163.5,48.13,0,0,0,0,0
58838,443,4,TCP,0.945,23,7453,324.04,24.34,2,22,2,0,0
58848,443,4,TCP,0.888,23,7453,324.04,25.9,2,22,2,0,0
58864,443,4,TCP,0.888,22,7387,335.77,24.76,2,21,2,0,0
53,49726,4,UDP,0.027,2,311,155.5,73.15,0,0,0,0,0
53,55484,4,UDP,42.656,4,648,162.0,0.09,0,0,0,0,0
53,34300,4,UDP,0.006,2,388,194.0,347.86,0,0,0,0,0
53,53877,4,UDP,0.025,2,315,157.5,79.34,0,0,0,0,0
53,59108,4,UDP,0.002,2,315,157.5,1213.45,0,0,0,0,0
58870,443,4,TCP,246.188,414,236025,570.11,1.68,2,413,2,0,0
44732,443,6,TCP,0.001,1,94,94.0,1000.0,1,0,0,0,0
44746,443,6,TCP,0.001,1,94,94.0,1000.0,1,0,0,0,0
44752,443,6,TCP,0.001,1,94,94.0,1000.0,1,0,0,0,0
44760,443,6,TCP,0.001,1,94,94.0,1000.0,1,0,0,0,0
44772,443,6,TCP,0.001,1,94,94.0,1000.0,1,0,0,0,0
44774,443,6,TCP,0.001,1,94,94.0,1000.0,1,0,0,0,0
55570,443,4,TCP,0.715,23,7365,320.22,32.16,2,19,2,3,0
55576,443,4,TCP,0.713,21,7245,345.0,29.45,2,18,2,2,0
55580,443,4,TCP,407.109,205,90187,439.94,0.5,2,204,2,0,0
55588,443,4,TCP,0.825,22,7335,333.41,26.67,2,21,2,0,0
53,49789,4,UDP,0.141,2,216,108.0,14.2,0,0,0,0,0
53,35410,4,UDP,0.139,2,228,114.0,14.42,0,0,0,0,0
47626,443,6,TCP,0.653,2,188,94.0,3.06,2,0,0,0,0
5353,5353,4,UDP,248.584,21,1737,82.71,0.08,0,0,0,0,0
60188,443,4,TCP,466.933,133,50558,380.14,0.28,2,131,0,1,0
53,38657,4,UDP,0.074,2,279,139.5,26.91,0,0,0,0,0
53,46572,4,UDP,0.076,2,291,145.5,26.46,0,0,0,0,0
53,48292,4,UDP,0.076,2,324,162.0,26.19,0,0,0,0,0
53,43333,4,UDP,0.079,2,247,123.5,25.39,0,0,0,0,0
47632,443,6,TCP,68.324,11,1034,94.0,0.16,11,0,0,0,0
47636,443,6,TCP,68.306,11,1034,94.0,0.16,11,0,0,0,0
47642,443,6,TCP,68.305,11,1034,94.0,0.16,11,0,0,0,0
47656,443,6,TCP,68.283,11,1034,94.0,0.16,11,0,0,0,0
53,51409,4,UDP,0.279,2,196,98.0,7.16,0,0,0,0,0
53,57658,4,UDP,0.26,2,208,104.0,7.7,0,0,0,0,0
53,46295,4,UDP,0.266,2,253,126.5,7.53,0,0,0,0,0
35224,443,6,TCP,0.001,1,94,94.0,1000.0,1,0,0,0,0
35236,443,6,TCP,0.001,1,94,94.0,1000.0,1,0,0,0,0
35244,443,6,TCP,0.001,1,94,94.0,1000.0,1,0,0,0,0
35246,443,6,TCP,0.001,1,94,94.0,1000.0,1,0,0,0,0
35260,443,6,TCP,0.001,1,94,94.0,1000.0,1,0,0,0,0
35268,443,6,TCP,0.001,1,94,94.0,1000.0,1,0,0,0,0
443,54122,4,TCP,1.951,32,10325,322.66,16.4,2,26,2,5,0
443,54136,4,TCP,171.645,49,13232,270.04,0.29,2,48,1,1,0
443,54144,4,TCP,1.948,32,10325,322.66,16.43,2,26,2,5,0
53,57150,4,UDP,0.32,2,462,231.0,6.24,0,0,0,0,0
53,60591,4,UDP,0.276,2,318,159.0,7.24,0,0,0,0,0
53,59794,4,UDP,0.394,2,221,110.5,5.08,0,0,0,0,0
53,60106,4,UDP,0.268,2,466,233.0,7.45,0,0,0,0,0
53,53811,4,UDP,0.268,2,322,161.0,7.46,0,0,0,0,0
53,40825,4,UDP,0.347,2,225,112.5,5.77,0,0,0,0,0
53,50862,4,UDP,0.348,2,221,110.5,5.75,0,0,0,0,0
53,41623,4,UDP,0.33,2,233,116.5,6.06,0,0,0,0,0
53,51817,4,UDP,0.424,2,256,128.0,4.72,0,0,0,0,0
53,38799,4,UDP,0.405,2,174,87.0,4.94,0,0,0,0,0
53,40338,4,UDP,0.424,2,214,107.0,4.72,0,0,0,0,0
53,36502,4,UDP,0.419,2,226,113.0,4.77,0,0,0,0,0
53,60659,4,UDP,0.318,2,221,110.5,6.29,0,0,0,0,0
53,58321,4,UDP,0.351,2,263,131.5,5.7,0,0,0,0,0
53,43849,4,UDP,0.344,2,263,131.5,5.81,0,0,0,0,0
53,40737,4,UDP,0.345,2,237,118.5,5.79,0,0,0,0,0
53,33654,4,UDP,0.474,2,445,222.5,4.22,0,0,0,0,0
53,42781,4,UDP,0.475,2,308,154.0,4.21,0,0,0,0,0
53,38017,4,UDP,0.509,2,192,96.0,3.93,0,0,0,0,0
53,43789,4,UDP,0.509,2,260,130.0,3.93,0,0,0,0,0
53,49372,4,UDP,0.476,2,260,130.0,4.2,0,0,0,0,0
53,35815,4,UDP,0.553,2,235,117.5,3.61,0,0,0,0,0
53,60024,4,UDP,0.445,2,252,126.0,4.49,0,0,0,0,0
53,37617,4,UDP,0.446,2,256,128.0,4.48,0,0,0,0,0
53,41970,4,UDP,0.346,2,229,114.5,5.79,0,0,0,0,0
53,59188,4,UDP,0.317,2,245,122.5,6.31,0,0,0,0,0
53,32797,4,UDP,0.238,2,184,92.0,8.39,0,0,0,0,0
53,48499,4,UDP,0.188,2,291,145.5,10.65,0,0,0,0,0
53,34267,4,UDP,0.039,2,172,86.0,51.41,0,0,0,0,0
53,47705,4,UDP,0.14,2,241,120.5,14.33,0,0,0,0,0
53,36746,4,UDP,0.336,2,208,104.0,5.96,0,0,0,0,0
53,33550,4,UDP,0.257,2,273,136.5,7.78,0,0,0,0,0
51786,443,4,TCP,171.23,33,8256,250.18,0.19,2,32,2,0,0
53,54182,4,UDP,0.037,2,298,149.0,54.11,0,0,0,0,0
53,60332,4,UDP,0.039,2,394,197.0,51.72,0,0,0,0,0
443,40352,6,TCP,35.457,10,940,94.0,0.28,10,0,0,0,0
51788,443,4,TCP,300.966,24,6195,258.12,0.08,2,23,0,0,0
443,33734,4,TCP,0.125,13,5255,404.23,104.03,2,10,2,2,0
53,40841,4,UDP,0.237,2,195,97.5,8.45,0,0,0,0,0
443,33740,4,TCP,0.807,5,330,66.0,6.2,3,2,0,2,0
443,44236,6,UDP,19.222,14,18116,1294.0,0.73,0,0,0,0,0
443,33756,4,TCP,0.684,5,330,66.0,7.31,3,2,0,2,0
443,50420,6,TCP,69.1,11,1034,94.0,0.16,11,0,0,0,0
443,44948,4,TCP,173.004,999,738891,739.63,5.77,2,998,2,0,0
53,42100,4,UDP,0.221,2,218,109.0,9.04,0,0,0,0,0
53,45108,4,UDP,0.218,2,242,121.0,9.16,0,0,0,0,0
53,51560,4,UDP,0.22,2,255,127.5,9.1,0,0,0,0,0
53,41118,4,UDP,0.269,2,279,139.5,7.43,0,0,0,0,0
53,33219,4,UDP,0.269,2,303,151.5,7.43,0,0,0,0,0
53,49375,4,UDP,0.347,2,320,160.0,5.76,0,0,0,0,0
53,54957,4,UDP,0.141,2,188,94.0,14.16,0,0,0,0,0
53,33385,4,UDP,0.117,2,200,100.0,17.07,0,0,0,0,0
53,39976,4,UDP,0.116,2,229,114.5,17.23,0,0,0,0,0
50517,1900,4,UDP,240.023,3,501,167.0,0.01,0,0,0,0,0
53,42360,4,UDP,0.065,2,277,138.5,30.96,0,0,0,0,0
53,36942,4,UDP,0.054,2,340,170.0,36.97,0,0,0,0,0
53,48190,4,UDP,0.126,2,232,116.0,15.85,0,0,0,0,0
53,33985,4,UDP,0.086,2,244,122.0,23.38,0,0,0,0,0
53,48081,4,UDP,0.162,2,289,144.5,12.35,0,0,0,0,0
53,40624,4,UDP,0.162,2,289,144.5,12.32,0,0,0,0,0
53,54292,4,UDP,0.237,2,258,129.0,8.43,0,0,0,0,0
53,50877,4,UDP,0.164,2,418,209.0,12.22,0,0,0,0,0
53,54240,4,UDP,0.158,2,281,140.5,12.66,0,0,0,0,0
40086,443,4,TCP,550.432,345,117748,341.3,0.63,2,344,2,0,0
53,45434,4,UDP,0.074,2,190,95.0,27.06,0,0,0,0,0
53,39621,4,UDP,0.074,2,251,125.5,26.9,0,0,0,0,0
54336,123,4,UDP,0.002,2,180,90.0,905.12,0,0,0,0,0
53,37513,4,UDP,0.163,2,192,96.0,12.29,0,0,0,0,0
53,47945,4,UDP,0.161,2,204,102.0,12.42,0,0,0,0,0
53,59523,4,UDP,0.152,2,201,100.5,13.15,0,0,0,0,0
443,46760,6,UDP,18.976,14,18116,1294.0,0.74,0,0,0,0,0
53,48603,4,UDP,0.247,2,196,98.0,8.11,0,0,0,0,0
53,34831,4,UDP,0.248,2,192,96.0,8.07,0,0,0,0,0
53,55337,4,UDP,0.211,2,223,111.5,9.48,0,0,0,0,0
53,43413,4,UDP,0.219,2,200,100.0,9.13,0,0,0,0,0
53,57763,4,UDP,0.22,2,225,112.5,9.09,0,0,0,0,0
46602,80,4,TCP,154.3,41,3798,92.63,0.27,3,40,2,0,0
38124,80,6,TCP,35.706,10,940,94.0,0.28,10,0,0,0,0
46614,80,4,TCP,6.378,8,552,69.0,1.25,3,7,2,0,0
38130,80,6,TCP,35.889,10,940,94.0,0.28,10,0,0,0,0
61883,1900,4,UDP,2.994,4,848,212.0,1.34,0,0,0,0,0
61885,1900,4,UDP,3.001,4,848,212.0,1.33,0,0,0,0,0
53,39633,4,UDP,0.041,2,206,103.0,48.27,0,0,0,0,0
53,45849,4,UDP,0.04,2,247,123.5,50.59,0,0,0,0,0
53,42193,4,UDP,0.094,2,215,107.5,21.21,0,0,0,0,0
443,42567,4,UDP,0.665,24,14086,586.92,36.11,0,0,0,0,0
443,36414,4,TCP,283.917,51,12560,246.27,0.18,2,50,2,0,0
60158,443,6,TCP,0.001,1,94,94.0,1000.0,1,0,0,0,0
53,58981,4,UDP,0.035,2,276,138.0,56.44,0,0,0,0,0
53,46048,4,UDP,0.029,2,353,176.5,68.06,0,0,0,0,0
53,57371,4,UDP,0.001,2,260,130.0,3124.25,0,0,0,0,0
40056,443,4,TCP,171.475,35,9085,259.57,0.2,2,34,2,0,0
56224,443,4,TCP,377.806,65,16798,258.43,0.17,2,62,3,2,0
53,50632,4,UDP,0.086,2,192,96.0,23.21,0,0,0,0,0
53,51970,4,UDP,0.07,2,216,108.0,28.53,0,0,0,0,0
53,43779,4,UDP,0.075,2,308,154.0,26.73,0,0,0,0,0
53,55723,4,UDP,0.076,2,198,99.0,26.46,0,0,0,0,0
53,59876,4,UDP,0.076,2,322,161.0,26.2,0,0,0,0,0
53,38832,4,UDP,0.115,2,244,122.0,17.32,0,0,0,0,0
53,35956,4,UDP,0.038,2,266,133.0,52.34,0,0,0,0,0
53,44227,4,UDP,0.064,2,278,139.0,31.11,0,0,0,0,0
46924,443,6,TCP,0.001,1,94,94.0,1000.0,1,0,0,0,0
56228,443,4,TCP,171.703,46,10760,233.91,0.27,2,45,2,1,0
123,58757,4,UDP,0.044,2,180,90.0,45.77,0,0,0,0,0
53,48807,4,UDP,0.038,2,192,96.0,52.65,0,0,0,0,0
53,55033,4,UDP,0.067,2,245,122.5,29.73,0,0,0,0,0
53,50284,4,UDP,0.063,2,245,122.5,31.71,0,0,0,0,0
53,49407,4,UDP,0.045,2,237,118.5,44.44,0,0,0,0,0
53,49369,4,UDP,0.063,2,282,141.0,31.74,0,0,0,0,0
53,38466,4,UDP,0.059,2,282,141.0,33.74,0,0,0,0,0
53,58786,4,UDP,0.061,2,249,124.5,32.82,0,0,0,0,0
53,34140,4,UDP,0.031,2,188,94.0,64.1,0,0,0,0,0
123,54627,4,UDP,0.1,2,180,90.0,19.93,0,0,0,0,0
53,48337,4,UDP,0.044,2,186,93.0,45.13,0,0,0,0,0
53,58975,4,UDP,0.07,2,310,155.0,28.73,0,0,0,0,0
53,40670,4,UDP,0.031,2,232,116.0,63.61,0,0,0,0,0
53,56732,4,UDP,0.032,2,242,121.0,62.45,0,0,0,0,0
53,46206,4,UDP,0.097,2,402,201.0,20.71,0,0,0,0,0
53,41312,4,UDP,0.056,2,265,132.5,35.88,0,0,0,0,0
546,547,6,UDP,449.374,4,440,110.0,0.01,0,0,0,0,0
53,47437,4,UDP,0.045,2,232,116.0,44.38,0,0,0,0,0
53,58022,4,UDP,0.05,2,392,196.0,40.19,0,0,0,0,0
53,42926,4,UDP,0.066,2,252,126.0,30.18,0,0,0,0,0
53,45602,4,UDP,0.09,2,223,111.5,22.29,0,0,0,0,0
53,46757,4,UDP,0.064,2,265,132.5,31.4,0,0,0,0,0
53,37218,4,UDP,0.048,2,265,132.5,41.55,0,0,0,0,0
53,33643,4,UDP,0.046,2,178,89.0,43.94,0,0,0,0,0
53,60674,4,UDP,0.073,2,224,112.0,27.23,0,0,0,0,0
53,37843,4,UDP,0.074,2,224,112.0,26.97,0,0,0,0,0
53,35391,4,UDP,0.003,2,188,94.0,602.59,0,0,0,0,0
53,56388,4,UDP,0.004,2,249,124.5,486.27,0,0,0,0,0
53,44639,4,UDP,0.049,2,242,121.0,40.67,0,0,0,0,0
53,39035,4,UDP,0.083,2,284,142.0,24.11,0,0,0,0,0
53,53303,4,UDP,0.044,2,284,142.0,45.08,0,0,0,0,0
53,53323,4,UDP,0.031,2,239,119.5,64.44,0,0,0,0,0
53,38868,4,UDP,0.003,2,178,89.0,687.14,0,0,0,0,0
53,44359,4,UDP,0.036,2,244,122.0,55.11,0,0,0,0,0
53,50635,4,UDP,0.035,2,236,118.0,56.82,0,0,0,0,0
53,52571,4,UDP,0.319,2,236,118.0,6.27,0,0,0,0,0
53,43110,4,UDP,0.035,2,186,93.0,57.44,0,0,0,0,0
53,59342,4,UDP,0.036,2,198,99.0,55.14,0,0,0,0,0
53,53366,4,UDP,0.032,2,229,114.5,62.98,0,0,0,0,0
53,56024,4,UDP,0.076,2,239,119.5,26.29,0,0,0,0,0
53,52488,4,UDP,0.076,2,198,99.0,26.26,0,0,0,0,0
53,45270,4,UDP,0.076,2,210,105.0,26.22,0,0,0,0,0
443,48018,6,TCP,0.001,1,94,94.0,1000.0,1,0,0,0,0
443,51428,6,TCP,0.001,1,94,94.0,1000.0,1,0,0,0,0
443,51434,6,TCP,0.001,1,94,94.0,1000.0,1,0,0,0,0
443,51436,6,TCP,0.001,1,94,94.0,1000.0,1,0,0,0,0
443,51442,6,TCP,0.001,1,94,94.0,1000.0,1,0,0,0,0
443,51454,6,TCP,0.001,1,94,94.0,1000.0,1,0,0,0,0
443,51466,6,TCP,0.001,1,94,94.0,1000.0,1,0,0,0,0
443,48032,6,TCP,0.001,1,94,94.0,1000.0,1,0,0,0,0
443,42154,4,TCP,171.408,58,19758,340.66,0.34,2,57,2,0,0
443,33432,4,TCP,372.271,803,552590,688.16,2.16,2,802,0,0,0
443,33442,4,TCP,1.562,27,11354,420.52,17.28,2,25,1,2,0
443,33458,4,TCP,0.678,31,11550,372.58,45.69,2,27,2,3,0
443,33460,4,TCP,0.927,26,10235,393.65,28.05,2,23,2,2,0
443,33474,4,TCP,0.306,3,202,67.33,9.82,2,1,0,1,0
443,33488,4,TCP,0.313,3,202,67.33,9.59,2,1,0,1,0
443,42040,6,UDP,19.226,14,18116,1294.0,0.73,0,0,0,0,0
443,44410,6,UDP,19.191,14,18116,1294.0,0.73,0,0,0,0,0
138,138,4,UDP,405.508,3,703,234.33,0.01,0,0,0,0,0
53,40451,4,UDP,0.03,2,284,142.0,67.55,0,0,0,0,0
53,49621,4,UDP,0.036,2,308,154.0,55.92,0,0,0,0,0
53,34415,4,UDP,0.125,2,212,106.0,15.94,0,0,0,0,0
53,55970,4,UDP,0.126,2,224,112.0,15.83,0,0,0,0,0
443,33262,6,TCP,0.001,1,94,94.0,1000.0,1,0,0,0,0
53,36663,4,UDP,0.051,2,298,149.0,39.2,0,0,0,0,0
53,49756,4,UDP,0.049,2,322,161.0,40.57,0,0,0,0,0
53,54124,4,UDP,0.047,2,327,163.5,42.35,0,0,0,0,0
443,48420,4,TCP,89.784,2836,2232595,787.23,31.59,2,2834,1,1,0
53,43691,4,UDP,0.048,2,260,130.0,41.38,0,0,0,0,0
443,40629,6,UDP,19.22,14,18116,1294.0,0.73,0,0,0,0,0
53,35122,4,UDP,0.1,2,282,141.0,20.03,0,0,0,0,0
53,42133,4,UDP,0.1,2,306,153.0,20.06,0,0,0,0,0
53,36029,4,UDP,0.101,2,315,157.5,19.77,0,0,0,0,0
53,35802,4,UDP,0.081,2,251,125.5,24.78,0,0,0,0,0
53,45398,4,UDP,0.05,2,225,112.5,39.68,0,0,0,0,0
38268,80,6,TCP,68.041,9,846,94.0,0.13,9,0,0,0,0
38270,80,6,TCP,68.297,9,846,94.0,0.13,9,0,0,0,0
53,54354,4,UDP,0.032,2,301,150.5,62.19,0,0,0,0,0
53,50349,4,UDP,0.043,2,313,156.5,46.54,0,0,0,0,0
53,33458,4,UDP,0.079,2,434,217.0,25.33,0,0,0,0,0
53,33258,4,UDP,0.043,2,430,215.0,46.9,0,0,0,0,0
53,57278,4,UDP,0.043,2,351,175.5,46.12,0,0,0,0,0
53,40019,4,UDP,0.079,2,260,130.0,25.39,0,0,0,0,0
53,36524,4,UDP,0.057,2,296,148.0,35.23,0,0,0,0,0
53,43294,4,UDP,0.058,2,251,125.5,34.37,0,0,0,0,0
53,46498,4,UDP,0.056,2,291,145.5,35.7,0,0,0,0,0
53,54131,4,UDP,0.032,2,258,129.0,62.19,0,0,0,0,0
443,55742,6,TCP,0.001,1,94,94.0,1000.0,1,0,0,0,0
443,55758,6,TCP,0.001,1,94,94.0,1000.0,1,0,0,0,0
443,55766,6,TCP,0.001,1,94,94.0,1000.0,1,0,0,0,0
443,51770,4,TCP,258.794,1217,827984,680.35,4.7,2,1213,2,3,0
443,36612,6,UDP,20.901,14,18116,1294.0,0.67,0,0,0,0,0
443,53886,6,TCP,0.001,1,94,94.0,1000.0,1,0,0,0,0
443,53890,6,TCP,0.001,1,94,94.0,1000.0,1,0,0,0,0
443,53904,6,TCP,0.001,1,94,94.0,1000.0,1,0,0,0,0
443,53916,6,TCP,0.001,1,94,94.0,1000.0,1,0,0,0,0
443,53920,6,TCP,0.001,1,94,94.0,1000.0,1,0,0,0,0
443,53922,6,TCP,0.001,1,94,94.0,1000.0,1,0,0,0,0
443,50954,4,TCP,3.049,19,7112,374.32,6.23,2,15,2,3,0
53,43524,4,UDP,0.102,2,252,126.0,19.51,0,0,0,0,0
53,55272,4,UDP,0.126,2,294,147.0,15.91,0,0,0,0,0
53,51280,4,UDP,0.14,2,294,147.0,14.26,0,0,0,0,0
53,45478,4,UDP,0.136,2,260,130.0,14.67,0,0,0,0,0
53,41996,4,UDP,0.191,2,300,150.0,10.46,0,0,0,0,0
53,33604,4,UDP,0.165,2,305,152.5,12.16,0,0,0,0,0
443,50964,4,TCP,2.386,21,9294,442.57,8.8,2,20,1,0,0
443,50966,4,TCP,2.477,19,9105,479.21,7.67,2,18,0,1,0
53,34152,4,UDP,0.108,2,188,94.0,18.47,0,0,0,0,0
53,60963,4,UDP,0.122,2,249,124.5,16.37,0,0,0,0,0
53,38337,4,UDP,0.042,2,258,129.0,47.84,0,0,0,0,0
443,50974,4,TCP,1.371,24,9600,400.0,17.5,2,23,2,0,0
443,50976,4,TCP,2.331,19,9176,482.95,8.15,2,18,0,1,0
443,50984,4,TCP,421.915,345,230284,667.49,0.82,2,344,2,0,0
59130,443,4,TCP,207.009,824,623595,756.79,3.98,2,820,2,3,0
45500,443,6,TCP,67.899,8,752,94.0,0.12,8,0,0,0,0
45506,443,6,TCP,67.84,8,752,94.0,0.12,8,0,0,0,0
59138,443,4,TCP,1.916,18,7702,427.89,9.39,2,17,1,0,0
53,50100,4,UDP,0.255,2,265,132.5,7.83,0,0,0,0,0
53,49165,4,UDP,0.251,2,333,166.5,7.97,0,0,0,0,0
53,40575,4,UDP,0.23,2,313,156.5,8.71,0,0,0,0,0
53,49132,4,UDP,0.181,2,256,128.0,11.05,0,0,0,0,0
443,41200,6,TCP,0.001,1,94,94.0,1000.0,1,0,0,0,0
443,45654,4,TCP,120.613,83,49825,600.3,0.69,2,81,1,1,0
55043,443,6,UDP,18.452,11,14234,1294.0,0.6,0,0,0,0,0
53,47838,4,UDP,0.005,2,327,163.5,413.05,0,0,0,0,0
53,37369,4,UDP,0.066,2,206,103.0,30.1,0,0,0,0,0
53,56124,4,UDP,0.04,2,218,109.0,50.6,0,0,0,0,0
53,37866,4,UDP,0.039,2,247,123.5,50.69,0,0,0,0,0
443,38784,6,TCP,0.945,2,188,94.0,2.12,2,0,0,0,0
443,38798,6,TCP,1.046,2,188,94.0,1.91,2,0,0,0,0
443,54114,4,TCP,256.727,903,664112,735.45,3.52,2,902,2,0,0
53,47745,4,UDP,0.116,2,233,116.5,17.31,0,0,0,0,0
53,44558,4,UDP,0.133,2,275,137.5,15.05,0,0,0,0,0
53,49880,4,UDP,0.116,2,275,137.5,17.3,0,0,0,0,0
53,35041,4,UDP,0.253,2,249,124.5,7.91,0,0,0,0,0
53,50842,4,UDP,0.234,2,188,94.0,8.56,0,0,0,0,0
443,47928,6,UDP,19.815,14,18116,1294.0,0.71,0,0,0,0,0
443,36894,6,TCP,1.066,2,188,94.0,1.88,2,0,0,0,0
53,43627,4,UDP,0.11,2,222,111.0,18.19,0,0,0,0,0
53,38252,4,UDP,0.113,2,223,111.5,17.76,0,0,0,0,0
53,38572,4,UDP,0.063,2,223,111.5,31.79,0,0,0,0,0
443,36910,6,TCP,0.001,1,94,94.0,1000.0,1,0,0,0,0
443,40950,4,TCP,441.623,4592,3381783,736.45,10.4,2,4591,2,0,0
53,48667,4,UDP,0.042,2,274,137.0,47.08,0,0,0,0,0
53,43653,4,UDP,0.026,2,314,157.0,77.86,0,0,0,0,0
53,49401,4,UDP,0.028,2,325,162.5,71.35,0,0,0,0,0
57954,443,6,TCP,0.001,1,94,94.0,1000.0,1,0,0,0,0
53,41169,4,UDP,0.003,2,265,132.5,600.73,0,0,0,0,0
57970,443,6,TCP,0.001,1,94,94.0,1000.0,1,0,0,0,0
49892,443,4,TCP,121.435,42,9700,230.95,0.35,2,38,2,3,0
53,42758,4,UDP,0.233,2,242,121.0,8.58,0,0,0,0,0
53,36182,4,UDP,0.136,2,402,201.0,14.71,0,0,0,0,0
53,32848,4,UDP,382.473,4,515,128.75,0.01,0,0,0,0,0
53,48860,4,UDP,3.596,4,516,129.0,1.11,0,0,0,0,0
53,37216,4,UDP,0.186,2,269,134.5,10.75,0,0,0,0,0
53,33841,4,UDP,0.187,2,286,143.0,10.72,0,0,0,0,0
40497,443,6,UDP,19.52,10,12940,1294.0,0.51,0,0,0,0,0
0,0,4,OTHER,0.001,1,60,60.0,1000.0,0,0,0,0,0
53,43630,4,UDP,0.233,2,217,108.5,8.6,0,0,0,0,0
53,55956,4,UDP,0.04,2,259,129.5,50.07,0,0,0,0,0
53,54878,4,UDP,0.142,2,259,129.5,14.04,0,0,0,0,0
53,50965,4,UDP,0.261,2,293,146.5,7.66,0,0,0,0,0
53,57414,4,UDP,0.371,2,335,167.5,5.39,0,0,0,0,0
53,49412,4,UDP,0.132,2,335,167.5,15.11,0,0,0,0,0
53,40339,4,UDP,0.431,2,188,94.0,4.64,0,0,0,0,0
53,39587,4,UDP,0.44,2,249,124.5,4.55,0,0,0,0,0
53,40474,4,UDP,0.511,2,247,123.5,3.91,0,0,0,0,0
53,59610,4,UDP,0.15,2,186,93.0,13.33,0,0,0,0,0
53,51291,4,UDP,0.359,2,442,221.0,5.56,0,0,0,0,0
53,47035,4,UDP,0.41,2,298,149.0,4.88,0,0,0,0,0
443,52096,4,TCP,1.43,14,4157,296.93,9.79,1,14,0,1,0
443,52056,4,TCP,1.817,10,3833,383.3,5.5,0,10,1,0,0
443,52086,4,TCP,178.882,207,164982,797.01,1.16,0,207,2,0,0
443,52078,4,TCP,2.532,12,7768,647.33,4.74,0,12,0,0,0
443,52072,4,TCP,1.789,5,3623,724.6,2.8,0,4,1,1,0
443,52092,4,TCP,1.122,9,3381,375.67,8.02,0,8,0,1,0
443,44478,6,TCP,0.001,1,94,94.0,1000.0,1,0,0,0,0
443,44474,6,TCP,0.001,1,94,94.0,1000.0,1,0,0,0,0
53,45887,4,UDP,0.001,1,178,178.0,1000.0,0,0,0,0,0
53,34299,4,UDP,0.001,1,218,218.0,1000.0,0,0,0,0,0
53,41997,4,UDP,0.001,1,223,223.0,1000.0,0,0,0,0,0
53,54653,4,UDP,0.169,2,258,129.0,11.87,0,0,0,0,0
443,44482,6,TCP,0.001,1,94,94.0,1000.0,1,0,0,0,0
53,59123,4,UDP,0.001,1,195,195.0,1000.0,0,0,0,0,0
53,38682,4,UDP,0.001,1,355,355.0,1000.0,0,0,0,0,0
45088,443,4,TCP,2.497,11,3317,301.55,4.41,1,7,1,3,0
45096,443,4,TCP,203.219,142,103892,731.63,0.7,1,139,2,3,0
53,59079,4,UDP,0.127,2,229,114.5,15.8,0,0,0,0,0
53,36488,4,UDP,0.001,1,90,90.0,1000.0,0,0,0,0,0
53,50069,4,UDP,0.087,2,294,147.0,23.1,0,0,0,0,0
53,59404,4,UDP,0.001,1,166,166.0,1000.0,0,0,0,0,0
53,43171,4,UDP,361.62,4,506,126.5,0.01,0,0,0,0,0
443,41874,4,TCP,2.886,11,4086,371.45,3.81,1,11,2,0,0
443,41886,4,TCP,439.788,374,157008,419.81,0.85,1,374,2,0,0
55244,443,4,TCP,1.041,12,2060,171.67,11.53,1,8,2,3,0
443,52284,6,UDP,16.954,10,12940,1294.0,0.59,0,0,0,0,0
55256,443,4,TCP,1.576,19,3403,179.11,12.06,1,11,2,7,0
55258,443,4,TCP,442.476,452,97752,216.27,1.02,1,449,1,2,0
55274,443,4,TCP,1.387,21,4851,231.0,15.14,0,14,2,7,0
123,52915,4,UDP,0.001,1,90,90.0,1000.0,0,0,0,0,0
60812,443,6,UDP,18.454,12,15528,1294.0,0.65,0,0,0,0,0
53,58318,4,UDP,0.004,2,277,138.5,522.07,0,0,0,0,0
53,41407,4,UDP,0.001,2,340,170.0,1793.59,0,0,0,0,0
53,42087,4,UDP,0.002,2,232,116.0,1001.39,0,0,0,0,0
123,56170,4,UDP,0.001,1,90,90.0,1000.0,0,0,0,0,0
37557,123,4,UDP,0.008,2,180,90.0,243.85,0,0,0,0,0
123,46145,4,UDP,0.085,2,180,90.0,23.48,0,0,0,0,0
123,55795,4,UDP,0.122,2,180,90.0,16.34,0,0,0,0,0
37014,123,4,UDP,0.052,2,180,90.0,38.12,0,0,0,0,0
53,45724,4,UDP,0.009,2,206,103.0,220.4,0,0,0,0,0
53,39013,4,UDP,0.058,2,218,109.0,34.4,0,0,0,0,0
53,57101,4,UDP,0.055,2,247,123.5,36.36,0,0,0,0,0
123,46416,4,UDP,0.021,2,180,90.0,95.17,0,0,0,0,0
443,58428,6,TCP,1.111,2,188,94.0,1.8,2,0,0,0,0
443,58436,6,TCP,1.067,2,188,94.0,1.87,2,0,0,0,0
443,38158,4,TCP,174.019,83,36805,443.43,0.48,2,82,2,0,0
443,45038,6,UDP,19.626,14,18116,1294.0,0.71,0,0,0,0,0
53,39844,4,UDP,0.215,2,218,109.0,9.28,0,0,0,0,0
53,33480,4,UDP,0.215,2,230,115.0,9.3,0,0,0,0,0
53,37972,4,UDP,0.213,2,227,113.5,9.4,0,0,0,0,0
443,48640,6,UDP,2.47,9,11646,1294.0,3.64,0,0,0,0,0
443,45372,6,TCP,68.261,9,846,94.0,0.13,9,0,0,0,0
443,52902,4,TCP,174.581,89,51151,574.73,0.51,2,88,2,0,0
443,45380,6,TCP,0.001,1,94,94.0,1000.0,1,0,0,0,0
53,44532,4,UDP,0.12,2,230,115.0,16.64,0,0,0,0,0
53,56327,4,UDP,0.037,2,258,129.0,54.67,0,0,0,0,0
53,40425,4,UDP,0.005,2,232,116.0,438.83,0,0,0,0,0
443,44206,4,TCP,1.029,21,7513,357.76,20.41,2,20,2,0,0
443,44208,4,TCP,178.237,289,225756,781.16,1.62,2,288,2,0,0
443,52906,4,TCP,16.889,274,201860,736.72,16.22,2,273,0,0,0
53,55323,4,UDP,0.112,2,212,106.0,17.81,0,0,0,0,0
53,56497,4,UDP,0.1,2,224,112.0,19.99,0,0,0,0,0
53,35516,4,UDP,0.159,2,221,110.5,12.61,0,0,0,0,0
443,53396,6,UDP,1.098,5,6470,1294.0,4.55,0,0,0,0,0
443,37586,6,TCP,68.052,10,940,94.0,0.15,10,0,0,0,0
53,35089,4,UDP,0.072,2,286,143.0,27.83,0,0,0,0,0
53,51773,4,UDP,0.184,2,298,149.0,10.86,0,0,0,0,0
53,51310,4,UDP,0.129,2,295,147.5,15.56,0,0,0,0,0
443,50968,4,TCP,102.303,58,27754,478.52,0.57,2,57,2,0,0
443,60102,6,UDP,0.502,4,5176,1294.0,7.96,0,0,0,0,0
443,55264,6,TCP,67.967,10,940,94.0,0.15,10,0,0,0,0
443,55342,4,TCP,170.95,25,5211,208.44,0.15,2,24,2,0,0
53,60317,4,UDP,0.001,1,100,100.0,1000.0,0,0,0,0,0
53,33169,4,UDP,0.001,1,100,100.0,1000.0,0,0,0,0,0
53,40881,4,UDP,0.001,1,100,100.0,1000.0,0,0,0,0,0
53,46520,4,UDP,0.004,2,212,106.0,483.44,0,0,0,0,0
53,33529,4,UDP,0.005,2,224,112.0,393.61,0,0,0,0,0
53,45644,4,UDP,0.006,2,256,128.0,355.4,0,0,0,0,0
443,36695,6,UDP,0.475,4,5176,1294.0,8.41,0,0,0,0,0
443,49762,6,TCP,0.001,1,94,94.0,1000.0,1,0,0,0,0
443,36424,6,TCP,67.748,9,846,94.0,0.13,9,0,0,0,0
443,43312,4,TCP,185.946,70,25956,370.8,0.38,2,69,2,0,0
43856,443,4,TCP,170.147,44,13168,299.27,0.26,1,44,2,0,0
443,40691,6,UDP,19.936,12,15528,1294.0,0.6,0,0,0,0,0
53,59869,4,UDP,0.036,2,220,110.0,54.95,0,0,0,0,0
53,39167,4,UDP,0.004,2,232,116.0,571.31,0,0,0,0,0
53,38191,4,UDP,0.004,2,264,132.0,524.29,0,0,0,0,0
53,38726,4,UDP,0.079,2,254,127.0,25.25,0,0,0,0,0
53,54346,4,UDP,0.108,2,208,104.0,18.48,0,0,0,0,0
53,33278,4,UDP,0.108,2,220,110.0,18.45,0,0,0,0,0
53,35607,4,UDP,0.218,2,249,124.5,9.18,0,0,0,0,0
53,35075,4,UDP,0.108,2,195,97.5,18.58,0,0,0,0,0
443,52472,6,TCP,1.641,2,188,94.0,1.22,2,0,0,0,0
443,52488,6,TCP,1.703,2,188,94.0,1.17,2,0,0,0,0
443,52490,6,TCP,1.702,2,188,94.0,1.18,2,0,0,0,0
443,52494,6,TCP,1.953,2,188,94.0,1.02,2,0,0,0,0
443,52504,6,TCP,1.952,2,188,94.0,1.02,2,0,0,0,0
443,52512,6,TCP,1.96,2,188,94.0,1.02,2,0,0,0,0
443,38810,6,TCP,4.663,3,282,94.0,0.64,3,0,0,0,0
443,38814,6,TCP,4.663,3,282,94.0,0.64,3,0,0,0,0
443,38828,6,TCP,4.775,3,282,94.0,0.63,3,0,0,0,0
41206,443,4,TCP,4.539,36,17887,496.86,7.93,2,35,2,0,0
41216,443,4,TCP,4.634,29,17302,596.62,6.26,2,28,0,0,0
41226,443,4,TCP,4.553,28,17240,615.71,6.15,2,27,0,0,0
41230,443,4,TCP,231.019,174,116352,668.69,0.75,2,173,1,0,0
41236,443,4,TCP,4.467,32,18929,591.53,7.16,2,31,0,0,0
443,45692,4,TCP,3.14,14,6786,484.71,4.46,2,13,0,0,0
443,45696,4,TCP,180.723,46,9983,217.02,0.25,2,45,2,0,0
37400,443,4,TCP,0.229,16,7162,447.62,69.91,0,13,2,3,0
37394,443,4,TCP,171.068,54,24040,445.19,0.32,0,54,2,0,0
443,33074,6,TCP,33.15,8,752,94.0,0.24,8,0,0,0,0
443,33076,6,TCP,33.15,8,752,94.0,0.24,8,0,0,0,0
443,33088,6,TCP,33.149,8,752,94.0,0.24,8,0,0,0,0
443,40353,6,UDP,16.917,8,10352,1294.0,0.47,0,0,0,0,0
53,33390,4,UDP,0.004,2,394,197.0,477.44,0,0,0,0,0
443,54702,6,TCP,0.001,1,94,94.0,1000.0,1,0,0,0,0
443,58140,4,TCP,209.328,86,21040,244.65,0.41,1,85,0,0,0
57669,1900,4,UDP,2.875,4,848,212.0,1.39,0,0,0,0,0
57671,1900,4,UDP,2.875,4,848,212.0,1.39,0,0,0,0,0
53,38456,4,UDP,0.124,2,194,97.0,16.19,0,0,0,0,0
53,51731,4,UDP,0.121,2,206,103.0,16.54,0,0,0,0,0
53,45046,4,UDP,0.124,2,235,117.5,16.1,0,0,0,0,0
53,44719,4,UDP,0.141,2,254,127.0,14.21,0,0,0,0,0
53,35010,4,UDP,0.004,2,247,123.5,453.41,0,0,0,0,0
443,58866,6,TCP,1.666,2,188,94.0,1.2,2,0,0,0,0
443,52448,4,UDP,0.309,11,9396,854.18,35.62,0,0,0,0,0
443,58876,6,TCP,1.315,2,188,94.0,1.52,2,0,0,0,0
42594,443,4,TCP,397.252,97,23223,239.41,0.24,2,96,2,0,0
53,41481,4,UDP,0.074,2,214,107.0,27.09,0,0,0,0,0
53,57331,4,UDP,0.072,2,226,113.0,27.72,0,0,0,0,0
53,42785,4,UDP,0.001,1,99,99.0,1000.0,0,0,0,0,0
443,45288,4,TCP,271.149,61,17371,284.77,0.22,0,61,1,0,0
53,48050,4,UDP,0.001,1,86,86.0,1000.0,0,0,0,0,0
53,34670,4,UDP,267.007,3,353,117.67,0.01,0,0,0,0,0
53,40525,4,UDP,0.053,2,200,100.0,37.94,0,0,0,0,0
443,53212,6,TCP,0.001,1,94,94.0,1000.0,1,0,0,0,0
443,53228,6,TCP,0.001,1,94,94.0,1000.0,1,0,0,0,0
443,46368,6,TCP,1.72,3,282,94.0,1.74,3,0,0,0,0
443,59638,4,TCP,414.248,175,35276,201.58,0.42,2,174,2,0,0
443,46380,6,TCP,0.001,1,94,94.0,1000.0,1,0,0,0,0
443,46372,6,TCP,0.001,1,94,94.0,1000.0,1,0,0,0,0
443,52348,6,UDP,18.902,12,15528,1294.0,0.63,0,0,0,0,0
443,50155,6,UDP,18.594,14,18116,1294.0,0.75,0,0,0,0,0
443,41885,6,UDP,18.839,14,18116,1294.0,0.74,0,0,0,0,0
443,49004,4,TCP,407.305,118,25769,218.38,0.29,2,117,2,0,0
53,60452,4,UDP,0.027,2,258,129.0,73.86,0,0,0,0,0
53,32836,4,UDP,0.106,2,210,105.0,18.9,0,0,0,0,0
53,33933,4,UDP,0.051,2,250,125.0,39.02,0,0,0,0,0
443,57406,6,TCP,0.001,1,94,94.0,1000.0,1,0,0,0,0
443,57422,6,TCP,0.001,1,94,94.0,1000.0,1,0,0,0,0
443,44448,4,TCP,170.477,27,4479,165.89,0.16,2,26,2,0,0
50748,1900,4,UDP,2.686,4,848,212.0,1.49,0,0,0,0,0
50750,1900,4,UDP,2.659,4,848,212.0,1.5,0,0,0,0,0
443,33880,6,TCP,0.001,1,94,94.0,1000.0,1,0,0,0,0
443,49852,4,TCP,118.242,44,11538,262.23,0.37,2,43,3,0,0
137,137,4,UDP,304.892,8,736,92.0,0.03,0,0,0,0,0
123,55341,4,UDP,0.075,2,180,90.0,26.8,0,0,0,0,0
42904,80,6,TCP,68.03,11,1034,94.0,0.16,11,0,0,0,0
53,42428,4,UDP,0.017,2,301,150.5,117.14,0,0,0,0,0
53,46683,4,UDP,0.004,2,313,156.5,473.93,0,0,0,0,0
42916,80,6,TCP,67.948,11,1034,94.0,0.16,11,0,0,0,0
123,52511,4,UDP,0.065,2,180,90.0,30.56,0,0,0,0,0
443,33118,4,TCP,0.512,31,7559,243.84,60.51,2,30,2,0,0
443,33122,4,TCP,255.265,55,9744,177.16,0.22,2,54,2,0,0
53,43710,4,UDP,0.045,2,188,94.0,44.06,0,0,0,0,0
123,45167,4,UDP,0.063,2,180,90.0,31.6,0,0,0,0,0
53,47327,4,UDP,0.482,2,322,161.0,4.15,0,0,0,0,0
53,57341,4,UDP,0.531,2,206,103.0,3.77,0,0,0,0,0
53,59357,4,UDP,0.05,2,230,115.0,40.0,0,0,0,0,0
59854,443,6,UDP,18.667,14,18116,1294.0,0.75,0,0,0,0,0
59446,443,6,TCP,35.847,10,940,94.0,0.28,10,0,0,0,0
443,37926,4,TCP,189.546,185,124655,673.81,0.98,2,184,0,0,0
53,53349,4,UDP,0.039,2,229,114.5,51.65,0,0,0,0,0
53,57323,4,UDP,0.111,2,294,147.0,18.01,0,0,0,0,0
53,39645,4,UDP,0.038,2,192,96.0,52.12,0,0,0,0,0
53,35243,4,UDP,0.103,2,254,127.0,19.49,0,0,0,0,0
53,41240,4,UDP,0.002,2,192,96.0,895.55,0,0,0,0,0
443,47832,6,TCP,0.001,1,94,94.0,1000.0,1,0,0,0,0
443,47848,6,TCP,0.001,1,94,94.0,1000.0,1,0,0,0,0
443,50626,4,TCP,188.537,94,37210,395.85,0.5,2,93,2,0,0
53,44568,4,UDP,0.129,2,224,112.0,15.52,0,0,0,0,0
53,40363,4,UDP,0.069,2,220,110.0,29.19,0,0,0,0,0
53,36682,4,UDP,0.07,2,237,118.5,28.59,0,0,0,0,0
33760,443,6,UDP,0.66,5,6470,1294.0,7.58,0,0,0,0,0
48266,443,6,TCP,68.345,11,1034,94.0,0.16,11,0,0,0,0
443,48142,4,TCP,172.604,59,32929,558.12,0.34,2,58,1,0,0
53,53424,4,UDP,0.068,2,210,105.0,29.31,0,0,0,0,0
53,32917,4,UDP,0.086,2,250,125.0,23.36,0,0,0,0,0
53,35530,4,UDP,0.035,2,258,129.0,57.44,0,0,0,0,0
48270,443,6,TCP,1.062,2,188,94.0,1.88,2,0,0,0,0
48272,443,6,TCP,1.038,2,188,94.0,1.93,2,0,0,0,0
443,48154,4,TCP,260.839,1026,917454,894.2,3.93,2,1025,2,0,0
443,44872,6,TCP,0.001,1,94,94.0,1000.0,1,0,0,0,0
443,44874,6,TCP,0.001,1,94,94.0,1000.0,1,0,0,0,0
443,44876,6,TCP,0.001,1,94,94.0,1000.0,1,0,0,0,0
53,46290,4,UDP,0.151,2,274,137.0,13.21,0,0,0,0,0
53,53926,4,UDP,0.174,2,298,149.0,11.47,0,0,0,0,0
53,48214,4,UDP,0.175,2,303,151.5,11.45,0,0,0,0,0
53,57724,4,UDP,0.157,2,248,124.0,12.77,0,0,0,0,0
443,54018,4,TCP,0.522,21,9323,443.95,40.24,2,19,1,2,0
443,54026,4,TCP,0.592,20,7914,395.7,33.76,1,19,2,0,0
443,54038,4,TCP,177.779,96,60633,631.59,0.54,1,95,1,0,0
35784,443,6,TCP,35.598,10,940,94.0,0.28,10,0,0,0,0
37174,443,4,TCP,242.859,60,11321,188.68,0.25,2,59,1,1,0
443,41231,6,UDP,18.825,14,18116,1294.0,0.74,0,0,0,0,0
35780,443,6,TCP,35.018,9,846,94.0,0.26,9,0,0,0,0
53,36840,4,UDP,0.073,2,256,128.0,27.58,0,0,0,0,0
53,33080,4,UDP,0.003,2,280,140.0,596.54,0,0,0,0,0
53,40499,4,UDP,0.003,2,288,144.0,678.09,0,0,0,0,0
53,35726,4,UDP,0.002,2,248,124.0,854.67,0,0,0,0,0
443,45486,6,TCP,68.114,11,1034,94.0,0.16,11,0,0,0,0
443,45496,6,TCP,68.11,11,1034,94.0,0.16,11,0,0,0,0
40390,443,4,TCP,119.974,54,13615,252.13,0.45,2,52,1,2,0
53,42037,4,UDP,0.022,2,212,106.0,90.1,0,0,0,0,0
53,49371,4,UDP,0.061,2,224,112.0,32.91,0,0,0,0,0
53,58977,4,UDP,0.061,2,221,110.5,32.68,0,0,0,0,0
443,35364,6,UDP,0.98,7,9058,1294.0,7.14,0,0,0,0,0
443,56492,6,TCP,68.676,11,1034,94.0,0.16,11,0,0,0,0
443,55868,4,TCP,175.692,43,10960,254.88,0.24,2,42,1,0,0
53,40252,4,UDP,0.061,2,256,128.0,32.74,0,0,0,0,0
53,54914,4,UDP,0.057,2,280,140.0,35.09,0,0,0,0,0
53,49585,4,UDP,0.134,2,288,144.0,14.9,0,0,0,0,0
53,46349,4,UDP,0.073,2,248,124.0,27.56,0,0,0,0,0
443,55138,6,TCP,68.205,11,1034,94.0,0.16,11,0,0,0,0
443,55152,6,TCP,68.807,10,940,94.0,0.15,10,0,0,0,0
36734,443,4,TCP,2.072,120,84664,705.53,57.91,2,118,1,1,0
53,59538,4,UDP,0.79,2,294,147.0,2.53,0,0,0,0,0
53,51445,4,UDP,0.044,2,364,182.0,45.33,0,0,0,0,0
53,33415,4,UDP,0.465,2,364,182.0,4.3,0,0,0,0,0
53,33224,4,UDP,298.093,4,636,159.0,0.01,0,0,0,0,0
40392,443,4,TCP,5.14,19,4542,239.05,3.7,2,15,2,3,0
53,35563,4,UDP,0.169,2,408,204.0,11.86,0,0,0,0,0
42228,443,4,TCP,1.387,24,7928,330.33,17.3,2,20,2,3,0
42230,443,4,TCP,290.89,53,13437,253.53,0.18,2,49,2,3,0
39918,443,4,TCP,174.274,9536,9148427,959.36,54.72,2,9532,2,3,0
37386,443,4,TCP,111.966,15,1221,81.4,0.13,0,15,2,0,0
39926,443,4,TCP,4.895,17,1500,88.24,3.47,2,13,2,3,0
53,59092,4,UDP,0.118,2,291,145.5,16.97,0,0,0,0,0
60742,443,4,TCP,5.383,18,4500,250.0,3.34,2,16,2,1,0
53,39248,4,UDP,0.004,2,368,184.0,534.07,0,0,0,0,0
58534,80,6,TCP,10.922,8,752,94.0,0.73,8,0,0,0,0
39738,80,6,TCP,10.879,8,752,94.0,0.74,8,0,0,0,0
42264,80,6,TCP,10.617,8,752,94.0,0.75,8,0,0,0,0
37380,80,6,TCP,10.743,8,752,94.0,0.74,8,0,0,0,0
34416,80,6,TCP,10.818,8,752,94.0,0.74,8,0,0,0,0
44836,80,6,TCP,10.909,8,752,94.0,0.73,8,0,0,0,0
60312,443,4,TCP,5.86,18,4500,250.0,3.07,2,16,2,1,0
52929,123,4,UDP,0.186,2,180,90.0,10.76,0,0,0,0,0
123,59850,4,UDP,0.119,2,180,90.0,16.79,0,0,0,0,0
53,44314,4,UDP,0.053,2,216,108.0,37.52,0,0,0,0,0
53,35006,4,UDP,0.047,2,228,114.0,42.39,0,0,0,0,0
41891,123,4,UDP,0.264,2,180,90.0,7.57,0,0,0,0,0
52782,443,4,TCP,0.218,10,3936,393.6,45.83,2,9,0,0,0
53,32999,4,UDP,0.039,2,210,105.0,51.03,0,0,0,0,0
53,60492,4,UDP,0.037,2,222,111.0,53.64,0,0,0,0,0
443,45610,6,TCP,1.524,2,188,94.0,1.31,2,0,0,0,0
443,38970,4,TCP,182.48,42,13568,323.05,0.23,2,41,2,0,0
53,34730,4,UDP,0.375,2,192,96.0,5.34,0,0,0,0,0
53,59278,4,UDP,0.333,2,254,127.0,6.01,0,0,0,0,0
53,40521,4,UDP,0.057,2,204,102.0,35.2,0,0,0,0,0
123,43402,4,UDP,0.182,2,180,90.0,11.01,0,0,0,0,0
443,50560,6,UDP,14.186,6,7764,1294.0,0.42,0,0,0,0,0
55592,3478,6,UDP,0.001,1,82,82.0,1000.0,0,0,0,0,0
53,54200,4,UDP,0.002,2,218,109.0,876.37,0,0,0,0,0
53,42250,4,UDP,0.108,2,242,121.0,18.6,0,0,0,0,0
53,37716,4,UDP,0.146,2,255,127.5,13.72,0,0,0,0,0
40585,3478,6,UDP,0.001,1,82,82.0,1000.0,0,0,0,0,0
44278,3478,6,UDP,0.001,1,82,82.0,1000.0,0,0,0,0,0
60190,3478,6,UDP,0.001,1,82,82.0,1000.0,0,0,0,0,0
53,34715,4,UDP,0.102,2,206,103.0,19.67,0,0,0,0,0
53,59951,4,UDP,0.004,2,247,123.5,481.58,0,0,0,0,0
53,35829,4,UDP,0.156,2,220,110.0,12.79,0,0,0,0,0
53,48250,4,UDP,0.143,2,210,105.0,13.96,0,0,0,0,0
53,40214,4,UDP,0.144,2,250,125.0,13.86,0,0,0,0,0
443,52638,6,TCP,2.842,3,282,94.0,1.06,3,0,0,0,0
41866,443,4,TCP,7.172,17,4446,261.53,2.37,2,16,1,1,0
443,52648,6,TCP,2.9,3,282,94.0,1.03,3,0,0,0,0
44252,443,4,TCP,124.222,91,63804,701.14,0.73,2,89,0,1,0
53,47758,4,UDP,0.003,2,274,137.0,764.9,0,0,0,0,0
53,37639,4,UDP,0.004,2,298,149.0,554.55,0,0,0,0,0
53,38451,4,UDP,0.184,2,228,114.0,10.84,0,0,0,0,0
53,52271,4,UDP,114.277,4,511,127.75,0.04,0,0,0,0,0
53,54939,4,UDP,0.001,1,98,98.0,1000.0,0,0,0,0,0
53,55086,4,UDP,0.001,1,89,89.0,1000.0,0,0,0,0,0
53,38249,4,UDP,0.001,1,89,89.0,1000.0,0,0,0,0,0
53,56026,4,UDP,0.124,2,265,132.5,16.16,0,0,0,0,0
45380,443,4,TCP,4.586,12,792,66.0,2.62,0,8,3,4,0
53,35134,4,UDP,0.171,2,266,133.0,11.71,0,0,0,0,0
53,40509,4,UDP,0.006,2,290,145.0,316.37,0,0,0,0,0
53,37973,4,UDP,0.129,2,298,149.0,15.56,0,0,0,0,0
53,51110,4,UDP,0.007,2,258,129.0,298.04,0,0,0,0,0
53,56809,4,UDP,0.13,2,418,209.0,15.43,0,0,0,0,0
53,36828,4,UDP,0.243,2,281,140.5,8.24,0,0,0,0,0
53,53227,4,UDP,0.243,2,294,147.0,8.22,0,0,0,0,0
53,59511,4,UDP,0.407,2,364,182.0,4.91,0,0,0,0,0
53,40612,4,UDP,0.115,2,260,130.0,17.41,0,0,0,0,0
53,46458,4,UDP,0.001,2,322,161.0,2243.54,0,0,0,0,0
53,58758,4,UDP,195.362,4,479,119.75,0.02,0,0,0,0,0
53,59160,4,UDP,0.051,2,240,120.0,39.48,0,0,0,0,0
45966,443,4,TCP,6.572,21,4686,223.14,3.2,2,17,3,3,0
53,49183,4,UDP,0.108,2,457,228.5,18.56,0,0,0,0,0
53,47349,4,UDP,0.216,2,313,156.5,9.25,0,0,0,0,0
53,53328,4,UDP,0.217,2,251,125.5,9.22,0,0,0,0,0
53,34436,4,UDP,0.159,2,251,125.5,12.59,0,0,0,0,0
53,35087,4,UDP,0.14,2,228,114.0,14.25,0,0,0,0,0
443,53010,6,TCP,1.594,2,188,94.0,1.25,2,0,0,0,0
53,49086,4,UDP,0.199,2,218,109.0,10.05,0,0,0,0,0
53,52394,4,UDP,0.287,2,242,121.0,6.98,0,0,0,0,0
53,34669,4,UDP,0.287,2,251,125.5,6.98,0,0,0,0,0
443,53012,6,TCP,1.569,2,188,94.0,1.28,2,0,0,0,0
53,50329,4,UDP,0.196,2,192,96.0,10.2,0,0,0,0,0
53,35346,4,UDP,0.194,2,245,122.5,10.28,0,0,0,0,0
53,49454,4,UDP,0.196,2,245,122.5,10.21,0,0,0,0,0
443,53022,6,TCP,1.521,2,188,94.0,1.31,2,0,0,0,0
443,53024,6,TCP,1.424,2,188,94.0,1.4,2,0,0,0,0
443,56368,4,TCP,303.283,65,19659,302.45,0.21,2,64,2,0,0
443,56376,4,TCP,3.147,24,9609,400.38,7.63,2,23,1,1,0
443,38527,6,UDP,18.899,14,18116,1294.0,0.74,0,0,0,0,0
50996,1900,4,UDP,2.761,4,848,212.0,1.45,0,0,0,0,0
50998,1900,4,UDP,2.611,4,848,212.0,1.53,0,0,0,0,0
443,57006,6,TCP,67.979,11,1034,94.0,0.16,11,0,0,0,0
443,57022,6,TCP,67.979,11,1034,94.0,0.16,11,0,0,0,0
443,57038,6,TCP,67.977,11,1034,94.0,0.16,11,0,0,0,0
443,57050,6,TCP,67.845,11,1034,94.0,0.16,11,0,0,0,0
43398,443,4,TCP,1.288,13,4827,371.31,10.09,2,11,2,1,0
43402,443,4,TCP,1.213,10,3216,321.6,8.24,2,8,1,1,0
53,36478,4,UDP,0.002,2,322,161.0,859.05,0,0,0,0,0
53,54805,4,UDP,0.051,2,346,173.0,39.53,0,0,0,0,0
53,37746,4,UDP,0.051,2,351,175.5,39.05,0,0,0,0,0
53,52187,4,UDP,0.001,2,260,130.0,1430.53,0,0,0,0,0
33252,443,4,TCP,5.173,21,4674,222.57,4.06,2,17,2,3,0
53,50441,4,UDP,0.029,2,232,116.0,68.06,0,0,0,0,0
53,53148,4,UDP,0.139,2,392,196.0,14.35,0,0,0,0,0
53,54649,4,UDP,0.139,2,252,126.0,14.36,0,0,0,0,0
53,38286,4,UDP,0.142,2,198,99.0,14.09,0,0,0,0,0
53,33646,4,UDP,110.942,4,510,127.5,0.04,0,0,0,0,0
53,45389,4,UDP,0.111,2,244,122.0,17.95,0,0,0,0,0
53,35549,4,UDP,0.007,2,178,89.0,279.01,0,0,0,0,0
53,33571,4,UDP,0.004,2,224,112.0,482.1,0,0,0,0,0
53,60785,4,UDP,0.004,2,224,112.0,525.04,0,0,0,0,0
53,48814,4,UDP,0.041,2,327,163.5,49.31,0,0,0,0,0
53,44501,4,UDP,0.058,2,233,116.5,34.43,0,0,0,0,0
53,41397,4,UDP,0.06,2,275,137.5,33.22,0,0,0,0,0
53,34575,4,UDP,0.057,2,275,137.5,34.85,0,0,0,0,0
53,43652,4,UDP,0.116,2,249,124.5,17.27,0,0,0,0,0
53,33608,4,UDP,0.113,2,188,94.0,17.66,0,0,0,0,0
33258,443,4,TCP,5.645,20,4608,230.4,3.54,2,16,3,3,0
53,51386,4,UDP,0.05,2,206,103.0,40.06,0,0,0,0,0
53,42598,4,UDP,0.025,2,230,115.0,79.17,0,0,0,0,0
45850,443,6,TCP,0.001,1,94,94.0,1000.0,1,0,0,0,0
45864,443,6,TCP,0.001,1,94,94.0,1000.0,1,0,0,0,0
443,56514,4,TCP,226.611,670,552078,824.0,2.96,2,669,2,0,0
53,41389,4,UDP,0.092,2,218,109.0,21.62,0,0,0,0,0
53,53984,4,UDP,0.004,2,242,121.0,567.45,0,0,0,0,0
53,48746,4,UDP,0.016,2,255,127.5,121.78,0,0,0,0,0
38138,443,4,TCP,174.884,33,6547,198.39,0.19,2,32,2,0,0
53,55368,4,UDP,0.06,2,222,111.0,33.12,0,0,0,0,0
53,47096,4,UDP,0.06,2,223,111.5,33.15,0,0,0,0,0
53,39168,4,UDP,0.121,2,223,111.5,16.54,0,0,0,0,0
53,35488,4,UDP,0.304,2,264,132.0,6.57,0,0,0,0,0
53,54999,4,UDP,0.178,2,424,212.0,11.25,0,0,0,0,0
53,37456,4,UDP,0.179,2,222,111.0,11.18,0,0,0,0,0
53,46194,4,UDP,0.303,2,206,103.0,6.59,0,0,0,0,0
53,53804,4,UDP,0.298,2,247,123.5,6.71,0,0,0,0,0
53,51282,4,UDP,0.3,2,206,103.0,6.67,0,0,0,0,0
53,50905,4,UDP,0.423,2,302,151.0,4.73,0,0,0,0,0
53,35690,4,UDP,0.298,2,247,123.5,6.72,0,0,0,0,0
53,47518,4,UDP,0.117,2,192,96.0,17.08,0,0,0,0,0
53,42064,4,UDP,0.698,2,200,100.0,2.86,0,0,0,0,0
53,48928,4,UDP,0.699,2,196,98.0,2.86,0,0,0,0,0
53,48285,4,UDP,0.723,2,213,106.5,2.77,0,0,0,0,0
53,39517,4,UDP,0.662,2,232,116.0,3.02,0,0,0,0,0
53,37328,4,UDP,0.663,2,228,114.0,3.02,0,0,0,0,0
53,54583,4,UDP,0.617,2,242,121.0,3.24,0,0,0,0,0
443,53708,6,TCP,5.067,6,564,94.0,1.18,6,0,0,0,0
443,45428,6,TCP,1.505,3,282,94.0,1.99,3,0,0,0,0
443,41226,6,TCP,10.737,8,752,94.0,0.75,8,0,0,0,0
46974,443,6,TCP,68.221,11,1034,94.0,0.16,11,0,0,0,0
62988,1900,4,UDP,3.155,4,848,212.0,1.27,0,0,0,0,0
62990,1900,4,UDP,3.172,4,848,212.0,1.26,0,0,0,0,0
46976,443,6,TCP,0.001,1,94,94.0,1000.0,1,0,0,0,0
46992,443,6,TCP,0.001,1,94,94.0,1000.0,1,0,0,0,0
47002,443,6,TCP,0.001,1,94,94.0,1000.0,1,0,0,0,0
47004,443,6,TCP,0.001,1,94,94.0,1000.0,1,0,0,0,0
47018,443,6,TCP,0.001,1,94,94.0,1000.0,1,0,0,0,0
53658,443,6,TCP,0.976,2,188,94.0,2.05,2,0,0,0,0
443,44372,4,TCP,1.98,30,10345,344.83,15.15,2,29,2,0,0
443,44374,4,TCP,185.673,197,110278,559.79,1.06,2,196,2,0,0
443,44376,4,TCP,3.032,29,10279,354.45,9.56,2,28,2,0,0
443,44392,4,TCP,2.512,27,10147,375.81,10.75,2,26,2,0,0
33284,443,4,TCP,180.326,262,193669,739.19,1.45,2,261,2,0,0
443,55922,4,TCP,174.212,51,22019,431.75,0.29,2,50,2,0,0
53,60257,4,UDP,0.13,2,273,136.5,15.37,0,0,0,0,0
53,52683,4,UDP,0.13,2,286,143.0,15.39,0,0,0,0,0
53,55235,4,UDP,0.13,2,217,108.5,15.33,0,0,0,0,0
53,34344,4,UDP,0.264,2,259,129.5,7.56,0,0,0,0,0
53,45299,4,UDP,0.296,2,259,129.5,6.75,0,0,0,0,0
53,58598,4,UDP,0.265,2,269,134.5,7.55,0,0,0,0,0
53,51601,4,UDP,0.084,2,188,94.0,23.74,0,0,0,0,0
53,48149,4,UDP,0.084,2,249,124.5,23.7,0,0,0,0,0
53,42114,4,UDP,0.004,2,293,146.5,490.85,0,0,0,0,0
53,54050,4,UDP,0.102,2,335,167.5,19.55,0,0,0,0,0
53,53698,4,UDP,0.132,2,335,167.5,15.13,0,0,0,0,0
53,33499,4,UDP,0.006,2,186,93.0,315.9,0,0,0,0,0
53,59634,4,UDP,0.002,2,186,93.0,820.72,0,0,0,0,0
53,60624,4,UDP,124.406,4,492,123.0,0.03,0,0,0,0,0
53,44839,4,UDP,0.217,2,232,116.0,9.2,0,0,0,0,0
53,43988,4,UDP,0.091,2,247,123.5,21.89,0,0,0,0,0
42820,443,4,TCP,4.817,20,4608,230.4,4.15,2,16,2,3,0
443,53714,6,TCP,1.74,2,188,94.0,1.15,2,0,0,0,0
443,56732,4,TCP,113.307,69,42653,618.16,0.61,2,68,1,0,0
443,56748,4,TCP,2.093,17,5576,328.0,8.12,2,13,2,3,0
53,48844,4,UDP,0.288,2,283,141.5,6.94,0,0,0,0,0
53,53043,4,UDP,0.197,2,443,221.5,10.16,0,0,0,0,0
53,44615,4,UDP,0.344,2,241,120.5,5.82,0,0,0,0,0
53989,443,6,UDP,0.632,5,6470,1294.0,7.91,0,0,0,0,0
33970,443,6,TCP,35.662,10,940,94.0,0.28,10,0,0,0,0
443,57608,4,TCP,173.066,68,41565,611.25,0.39,2,67,2,0,0
41862,443,4,TCP,6.043,20,4608,230.4,3.31,2,16,2,3,0
33978,443,6,TCP,0.001,1,94,94.0,1000.0,1,0,0,0,0
33980,443,6,TCP,0.001,1,94,94.0,1000.0,1,0,0,0,0
53,35419,4,UDP,0.02,2,184,92.0,100.67,0,0,0,0,0
53,39088,4,UDP,0.027,2,233,116.5,75.4,0,0,0,0,0
53,55154,4,UDP,0.031,2,233,116.5,65.55,0,0,0,0,0
44848,443,4,TCP,23.303,28,8809,314.61,1.2,4,23,2,3,0
443,57622,4,TCP,216.386,44,11063,251.43,0.2,2,43,3,0,0
44864,443,4,TCP,28.838,58,22871,394.33,2.01,5,56,2,0,0
443,38874,6,TCP,0.001,1,94,94.0,1000.0,1,0,0,0,0
443,33000,4,TCP,171.051,44,11887,270.16,0.26,2,43,2,0,0
53,35082,4,UDP,0.078,2,192,96.0,25.55,0,0,0,0,0
53,39048,4,UDP,0.081,2,254,127.0,24.68,0,0,0,0,0
53,58544,4,UDP,0.091,2,229,114.5,21.99,0,0,0,0,0
53,55454,4,UDP,0.083,2,294,147.0,24.08,0,0,0,0,0
53,56434,4,UDP,0.109,2,192,96.0,18.35,0,0,0,0,0
123,34474,4,UDP,0.053,2,180,90.0,37.57,0,0,0,0,0
123,49623,4,UDP,0.122,2,180,90.0,16.39,0,0,0,0,0
53,35272,4,UDP,0.077,2,188,94.0,25.85,0,0,0,0,0
53,44543,4,UDP,0.041,2,200,100.0,49.08,0,0,0,0,0
53,43427,4,UDP,0.026,2,296,148.0,76.36,0,0,0,0,0
58212,80,4,TCP,0.792,9,770,85.56,11.36,2,7,1,2,0
80,44450,4,TCP,0.22,3,202,67.33,13.64,2,1,0,1,0
47945,443,4,UDP,0.138,15,10770,718.0,108.35,0,0,0,0,0
45352,443,4,TCP,5.27,20,4608,230.4,3.8,2,16,2,3,0
443,41026,4,TCP,5.25,19,4478,235.68,3.62,2,16,2,2,0
53,45703,4,UDP,0.025,2,184,92.0,79.83,0,0,0,0,0
53,43420,4,UDP,0.025,2,233,116.5,79.27,0,0,0,0,0
53,57282,4,UDP,0.03,2,233,116.5,66.05,0,0,0,0,0
46648,443,6,TCP,0.001,1,94,94.0,1000.0,1,0,0,0,0
53,55632,4,UDP,0.014,2,218,109.0,138.3,0,0,0,0,0
46660,443,6,TCP,0.001,1,94,94.0,1000.0,1,0,0,0,0
443,37098,6,TCP,1.062,2,188,94.0,1.88,2,0,0,0,0
443,37114,6,TCP,1.197,2,188,94.0,1.67,2,0,0,0,0
46664,443,6,TCP,0.001,1,94,94.0,1000.0,1,0,0,0,0
443,58884,4,TCP,271.393,392,295583,754.04,1.44,2,391,2,0,0
443,59862,4,TCP,271.458,593,403297,680.1,2.18,2,592,2,0,0
443,51022,4,TCP,0.478,20,7441,372.05,41.81,2,18,1,2,0
37442,443,4,TCP,29.192,52,13303,255.83,1.78,2,51,2,0,0
37452,443,4,TCP,1.079,25,8903,356.12,23.18,2,21,2,3,0
46535,443,4,UDP,48.217,64,38415,600.23,1.33,0,0,0,0,0
5353,5353,4,UDP,0.001,1,146,146.0,1000.0,0,0,0,0,0
51514,443,6,TCP,37.103,8,752,94.0,0.22,8,0,0,0,0
53,46389,4,UDP,0.142,2,224,112.0,14.05,0,0,0,0,0
53,41161,4,UDP,0.143,2,236,118.0,13.95,0,0,0,0,0
53,51504,4,UDP,0.044,2,216,108.0,45.94,0,0,0,0,0
53,53357,4,UDP,0.049,2,228,114.0,41.08,0,0,0,0,0
53,51966,4,UDP,0.272,2,216,108.0,7.36,0,0,0,0,0
53,49329,4,UDP,0.272,2,240,120.0,7.34,0,0,0,0,0
60624,443,4,TCP,5.821,19,4586,241.37,3.26,3,18,1,1,0
53,58520,4,UDP,0.001,1,235,235.0,1000.0,0,0,0,0,0
53,45323,4,UDP,0.001,1,143,143.0,1000.0,0,0,0,0,0
53,51241,4,UDP,0.053,2,188,94.0,38.02,0,0,0,0,0
53,37329,4,UDP,0.003,2,284,142.0,781.64,0,0,0,0,0
53,44053,4,UDP,0.112,2,182,91.0,17.81,0,0,0,0,0
53,60091,4,UDP,0.05,2,259,129.5,40.4,0,0,0,0,0
53,58715,4,UDP,0.05,2,259,129.5,40.05,0,0,0,0,0
54942,443,4,TCP,2.174,30,9328,310.93,13.8,2,24,2,5,0
54946,443,4,TCP,2.772,39,12327,316.08,14.07,2,38,2,0,0
54960,443,4,TCP,21.654,39,11196,287.08,1.8,2,38,1,0,0
52574,443,4,UDP,17.006,21,15179,722.81,1.23,0,0,0,0,0
53,39375,4,UDP,0.004,2,243,121.5,481.14,0,0,0,0,0
53,43407,4,UDP,0.005,2,305,152.5,420.61,0,0,0,0,0
53,52339,4,UDP,0.108,2,249,124.5,18.43,0,0,0,0,0
53,55916,4,UDP,0.151,2,200,100.0,13.25,0,0,0,0,0
53,34278,4,UDP,0.152,2,208,104.0,13.18,0,0,0,0,0
53,53918,4,UDP,0.05,2,220,110.0,40.2,0,0,0,0,0
53,37106,4,UDP,26.519,4,563,140.75,0.15,0,0,0,0,0
53,54848,4,UDP,0.009,2,200,100.0,221.45,0,0,0,0,0
443,41658,4,TCP,2.485,32,11191,349.72,12.88,2,31,2,0,0
443,38912,6,TCP,1.027,2,188,94.0,1.95,2,0,0,0,0
443,41664,4,TCP,176.554,188,123370,656.22,1.06,2,187,2,0,0
443,38924,6,TCP,1.068,2,188,94.0,1.87,2,0,0,0,0
443,42276,4,TCP,172.278,43,12127,282.02,0.25,3,42,2,0,0
443,33711,6,UDP,25.757,14,18116,1294.0,0.54,0,0,0,0,0
56728,443,4,TCP,7.47,13,4158,319.85,1.74,2,12,1,0,0
53,46014,4,UDP,0.064,2,266,133.0,31.19,0,0,0,0,0
53,44820,4,UDP,0.033,2,284,142.0,60.65,0,0,0,0,0
53,34694,4,UDP,0.047,2,284,142.0,42.2,0,0,0,0,0
48478,443,4,TCP,1.635,26,10096,388.31,15.9,2,25,1,1,0
48482,443,4,TCP,172.027,40,13444,336.1,0.23,2,39,2,0,0
53,60195,4,UDP,0.043,2,196,98.0,47.02,0,0,0,0,0
53,41779,4,UDP,0.065,2,238,119.0,30.66,0,0,0,0,0
53,57502,4,UDP,0.226,2,261,130.5,8.86,0,0,0,0,0
53,50353,4,UDP,0.153,2,261,130.5,13.09,0,0,0,0,0
45644,443,4,TCP,1.749,29,10287,354.72,16.58,2,28,2,0,0
45660,443,4,TCP,4.181,73,37489,513.55,17.46,2,72,1,0,0
53,35308,4,UDP,0.059,2,211,105.5,33.72,0,0,0,0,0
53,39004,4,UDP,0.034,2,223,111.5,58.38,0,0,0,0,0
53,38774,4,UDP,0.084,2,254,127.0,23.69,0,0,0,0,0
53,45303,4,UDP,0.087,2,358,179.0,23.08,0,0,0,0,0
53,50696,4,UDP,0.168,2,225,112.5,11.93,0,0,0,0,0
53,34305,4,UDP,0.168,2,225,112.5,11.9,0,0,0,0,0
443,48620,6,TCP,0.001,1,94,94.0,1000.0,1,0,0,0,0
443,48622,6,TCP,68.578,6,564,94.0,0.09,6,0,0,0,0
443,49274,4,TCP,2.927,16,5736,358.5,5.47,2,14,1,1,0
443,49280,4,TCP,3.012,22,7756,352.55,7.3,2,21,0,0,0
53,57373,4,UDP,0.089,2,304,152.0,22.44,0,0,0,0,0
53,40246,4,UDP,0.007,2,333,166.5,302.48,0,0,0,0,0
53,48901,4,UDP,0.007,2,333,166.5,291.6,0,0,0,0,0
53,46115,4,UDP,0.237,2,190,95.0,8.42,0,0,0,0,0
53,52085,4,UDP,0.239,2,251,125.5,8.38,0,0,0,0,0
53,49215,4,UDP,0.082,2,242,121.0,24.46,0,0,0,0,0
53,53137,4,UDP,0.002,2,259,129.5,842.31,0,0,0,0,0
53,46687,4,UDP,0.08,2,259,129.5,24.95,0,0,0,0,0
52248,443,4,TCP,122.276,45,18851,418.91,0.37,2,41,2,3,0
52264,443,4,TCP,2.229,31,8086,260.84,13.91,2,27,2,3,0
53,42276,4,UDP,0.004,2,206,103.0,542.99,0,0,0,0,0
53,37339,4,UDP,0.034,2,202,101.0,58.52,0,0,0,0,0
53,33878,4,UDP,0.057,2,216,108.0,35.1,0,0,0,0,0
443,38088,4,TCP,2.621,15,6000,400.0,5.72,2,14,0,0,0
52274,443,4,TCP,2.622,15,4904,326.93,5.72,2,14,0,0,0
53,59268,4,UDP,0.101,2,282,141.0,19.76,0,0,0,0,0
53,38713,4,UDP,0.105,2,296,148.0,19.07,0,0,0,0,0
53,58287,4,UDP,0.103,2,296,148.0,19.39,0,0,0,0,0
44936,443,6,TCP,2.617,3,282,94.0,1.15,3,0,0,0,0
53,56760,4,UDP,0.106,2,216,108.0,18.83,0,0,0,0,0
53,49885,4,UDP,0.042,2,240,120.0,48.11,0,0,0,0,0
53,45394,4,UDP,0.102,2,265,132.5,19.55,0,0,0,0,0
36600,443,4,TCP,9.409,32,11796,368.62,3.4,2,31,2,0,0
44944,443,6,TCP,1.539,2,188,94.0,1.3,2,0,0,0,0
36604,443,4,TCP,2.441,15,3415,227.67,6.15,2,14,1,0,0
59963,443,4,UDP,1.656,12,9940,828.33,7.25,0,0,0,0,0
443,36856,4,TCP,171.925,35,10742,306.91,0.2,2,34,2,0,0
53,39634,4,UDP,0.098,2,178,89.0,20.37,0,0,0,0,0
53,51420,4,UDP,0.099,2,255,127.5,20.3,0,0,0,0,0
53,41894,4,UDP,0.099,2,255,127.5,20.12,0,0,0,0,0
443,36858,4,TCP,243.689,53,14087,265.79,0.22,2,52,2,0,0
443,36874,4,TCP,1.886,13,2607,200.54,6.89,2,12,1,0,0
53,59921,4,UDP,0.123,2,316,158.0,16.25,0,0,0,0,0
53,33757,4,UDP,0.191,2,270,135.0,10.46,0,0,0,0,0
53,33496,4,UDP,0.193,2,270,135.0,10.35,0,0,0,0,0
39506,443,4,UDP,96.49,170,162255,954.44,1.76,0,0,0,0,0
53,50074,4,UDP,0.08,2,176,88.0,24.88,0,0,0,0,0
53,36684,4,UDP,0.099,2,202,101.0,20.13,0,0,0,0,0
53,50014,4,UDP,0.001,1,85,85.0,1000.0,0,0,0,0,0
53,55765,4,UDP,0.001,1,88,88.0,1000.0,0,0,0,0,0
53,39524,4,UDP,0.001,1,85,85.0,1000.0,0,0,0,0,0
53,58830,4,UDP,0.001,1,84,84.0,1000.0,0,0,0,0,0
53,40871,4,UDP,0.001,1,84,84.0,1000.0,0,0,0,0,0
53,54153,4,UDP,0.133,2,273,136.5,15.0,0,0,0,0,0
443,48402,4,TCP,181.623,36,17613,489.25,0.2,2,35,2,0,0
53,51104,4,UDP,0.001,2,258,129.0,2314.74,0,0,0,0,0
53,50694,4,UDP,0.14,2,227,113.5,14.26,0,0,0,0,0
53,53391,4,UDP,0.001,1,100,100.0,1000.0,0,0,0,0,0
53,56939,4,UDP,0.001,1,143,143.0,1000.0,0,0,0,0,0
53,44318,4,UDP,0.065,2,436,218.0,30.87,0,0,0,0,0
53,45200,4,UDP,0.001,1,83,83.0,1000.0,0,0,0,0,0
53,50574,4,UDP,0.001,1,83,83.0,1000.0,0,0,0,0,0
53,57468,4,UDP,0.001,1,86,86.0,1000.0,0,0,0,0,0
53,46272,4,UDP,11.728,2,178,89.0,0.17,0,0,0,0,0
53,60357,4,UDP,0.001,1,86,86.0,1000.0,0,0,0,0,0
53,33949,4,UDP,0.001,1,91,91.0,1000.0,0,0,0,0,0
53,42946,4,UDP,0.001,1,91,91.0,1000.0,0,0,0,0,0
53,39584,4,UDP,0.066,2,243,121.5,30.09,0,0,0,0,0
53,56617,4,UDP,0.001,1,84,84.0,1000.0,0,0,0,0,0
53,38932,4,UDP,0.04,2,261,130.5,49.45,0,0,0,0,0
53,54942,4,UDP,0.041,2,261,130.5,49.32,0,0,0,0,0
53,42919,4,UDP,0.043,2,240,120.0,46.76,0,0,0,0,0
53,43819,4,UDP,0.041,2,273,136.5,49.11,0,0,0,0,0
53,55354,4,UDP,0.001,1,88,88.0,1000.0,0,0,0,0,0
53,55882,4,UDP,0.001,1,98,98.0,1000.0,0,0,0,0,0
53,47308,4,UDP,0.036,2,277,138.5,55.44,0,0,0,0,0
53,35909,4,UDP,0.001,1,98,98.0,1000.0,0,0,0,0,0
53,41438,4,UDP,0.001,1,87,87.0,1000.0,0,0,0,0,0
53,48753,4,UDP,0.001,1,141,141.0,1000.0,0,0,0,0,0
53,46505,4,UDP,0.001,1,99,99.0,1000.0,0,0,0,0,0
36620,443,4,TCP,2.461,7,3320,474.29,2.84,1,5,2,1,0
443,37720,6,TCP,0.001,1,94,94.0,1000.0,1,0,0,0,0
53,59010,4,UDP,0.001,1,91,91.0,1000.0,0,0,0,0,0
53,44133,4,UDP,0.001,1,91,91.0,1000.0,0,0,0,0,0
53,54308,4,UDP,0.029,2,241,120.5,68.39,0,0,0,0,0
53,51277,4,UDP,0.001,1,93,93.0,1000.0,0,0,0,0,0
53,59467,4,UDP,0.001,1,93,93.0,1000.0,0,0,0,0,0
53,57854,4,UDP,0.001,1,147,147.0,1000.0,0,0,0,0,0
53,45425,4,UDP,0.001,1,175,175.0,1000.0,0,0,0,0,0
48092,443,4,TCP,8.488,45,21302,473.38,5.3,2,44,0,0,0
48098,443,4,TCP,2.032,12,4670,389.17,5.9,2,11,0,0,0
443,39572,4,TCP,172.83,22,5613,255.14,0.13,2,21,2,0,0
58696,443,4,TCP,16.131,36,25140,698.33,2.23,1,34,1,1,0
48108,443,4,TCP,3.336,11,4729,429.91,3.3,2,10,1,0,0
48112,443,4,TCP,2.861,11,4078,370.73,3.84,2,9,2,1,0
58710,443,4,TCP,2.517,13,3479,267.62,5.17,2,10,1,2,0
443,51544,4,TCP,241.594,83,29709,357.94,0.34,2,82,2,0,0
38732,443,6,UDP,26.908,10,12940,1294.0,0.37,0,0,0,0,0
51880,443,4,TCP,73.376,59,27839,471.85,0.8,1,58,1,0,0
443,39724,4,TCP,56.594,24,5536,230.67,0.42,1,22,1,2,0
443,41930,4,TCP,10.293,23,5757,250.3,2.23,1,22,2,0,0
443,52150,4,TCP,18.427,26,7097,272.96,1.41,1,24,1,2,0
443,60934,4,TCP,23.936,38,15531,408.71,1.59,1,34,1,3,0
54878,443,6,TCP,2.933,3,282,94.0,1.02,3,0,0,0,0
50202,443,4,TCP,75.091,36,17376,482.67,0.48,1,35,3,0,0
48116,443,4,TCP,4.86,17,5299,311.71,3.5,1,16,1,0,0
48120,443,4,TCP,4.88,16,6130,383.12,3.28,1,15,1,0,0
58718,443,4,TCP,3.202,14,3432,245.14,4.37,1,8,2,5,0
443,54916,4,TCP,6.651,7,2736,390.86,1.05,1,5,0,1,0
443,43338,6,TCP,6.873,4,376,94.0,0.58,4,0,0,0,0
50634,443,4,TCP,241.022,133,76350,574.06,0.55,1,132,2,0,0
443,37734,6,TCP,0.001,1,94,94.0,1000.0,1,0,0,0,0
36930,443,4,TCP,70.591,61,25426,416.82,0.86,0,61,2,0,0
42934,443,4,TCP,173.919,44,13297,302.2,0.25,0,41,2,3,0
53,38313,4,UDP,0.999,2,260,130.0,2.0,0,0,0,0,0
443,60936,4,TCP,7.931,14,4969,354.93,1.77,1,13,0,0,0
50022,443,4,TCP,22.35,57,22186,389.23,2.55,1,56,0,0,0
50212,443,4,TCP,8.119,14,3661,261.5,1.72,2,13,2,0,0
443,54924,4,TCP,22.452,28,8465,302.32,1.25,1,26,0,1,0
443,52600,4,TCP,10.243,11,9705,882.27,1.07,1,10,0,0,0
47846,443,4,TCP,4.821,8,2542,317.75,1.66,1,6,0,1,0
443,51560,4,TCP,171.836,19,2473,130.16,0.11,0,19,2,0,0
443,52228,4,TCP,240.819,40,13949,348.73,0.17,1,39,2,0,0
53,60883,4,UDP,0.001,1,135,135.0,1000.0,0,0,0,0,0
53,54960,4,UDP,0.001,1,135,135.0,1000.0,0,0,0,0,0
53,51382,4,UDP,0.193,2,295,147.5,10.35,0,0,0,0,0
443,60450,6,TCP,3.277,3,282,94.0,0.92,3,0,0,0,0
53,39119,4,UDP,0.001,1,179,179.0,1000.0,0,0,0,0,0
53,51064,4,UDP,0.001,1,140,140.0,1000.0,0,0,0,0,0
443,52152,4,TCP,3.411,13,5591,430.08,3.81,0,12,1,1,0
443,39740,4,TCP,3.382,14,6611,472.21,4.14,0,12,1,2,0
51884,443,4,TCP,8.621,14,7759,554.21,1.62,0,14,1,0,0
42940,443,4,TCP,3.375,24,7939,330.79,7.11,0,24,0,0,0
36938,443,4,TCP,4.727,14,5056,361.14,2.96,0,14,2,0,0
443,48634,6,TCP,0.001,1,94,94.0,1000.0,1,0,0,0,0
443,35914,6,UDP,10.732,3,3882,1294.0,0.28,0,0,0,0,0
47743,443,4,UDP,4.014,11,7581,689.18,2.74,0,0,0,0,0
41768,443,6,TCP,7.66,4,376,94.0,0.52,4,0,0,0,0
59410,443,4,TCP,176.682,34,14120,415.29,0.19,1,33,2,0,0
53562,443,4,TCP,176.504,62,29365,473.63,0.35,2,61,2,0,0
53572,443,4,TCP,5.299,9,3291,365.67,1.7,1,8,1,0,0
443,43708,6,TCP,68.934,8,752,94.0,0.12,8,0,0,0,0
41774,443,6,TCP,5.217,4,376,94.0,0.77,4,0,0,0,0
53,47009,4,UDP,0.001,1,87,87.0,1000.0,0,0,0,0,0
53,35552,4,UDP,0.188,2,299,149.5,10.62,0,0,0,0,0
53,56663,4,UDP,0.001,1,87,87.0,1000.0,0,0,0,0,0
53,36998,4,UDP,0.001,1,82,82.0,1000.0,0,0,0,0,0
47927,443,4,UDP,2.492,9,5947,660.78,3.61,0,0,0,0,0
53,51196,4,UDP,0.001,1,86,86.0,1000.0,0,0,0,0,0
53,53192,4,UDP,0.001,1,95,95.0,1000.0,0,0,0,0,0
53,59164,4,UDP,0.001,1,95,95.0,1000.0,0,0,0,0,0
53,52906,4,UDP,0.001,1,197,197.0,1000.0,0,0,0,0,0
53,57233,4,UDP,0.001,1,95,95.0,1000.0,0,0,0,0,0
53,57752,4,UDP,0.001,1,95,95.0,1000.0,0,0,0,0,0
53,46456,4,UDP,0.001,1,151,151.0,1000.0,0,0,0,0,0
53,54283,4,UDP,0.103,2,317,158.5,19.35,0,0,0,0,0
53,46947,4,UDP,0.001,1,199,199.0,1000.0,0,0,0,0,0
53,54132,4,UDP,0.001,1,152,152.0,1000.0,0,0,0,0,0
53,33470,4,UDP,0.001,1,163,163.0,1000.0,0,0,0,0,0
53,53293,4,UDP,0.005,2,273,136.5,417.57,0,0,0,0,0
53,33306,4,UDP,0.001,1,152,152.0,1000.0,0,0,0,0,0
53,42836,4,UDP,0.001,1,101,101.0,1000.0,0,0,0,0,0
53,60408,4,UDP,0.001,1,87,87.0,1000.0,0,0,0,0,0
53,51053,4,UDP,0.001,1,189,189.0,1000.0,0,0,0,0,0
53,36304,4,UDP,0.001,1,244,244.0,1000.0,0,0,0,0,0
53,37582,4,UDP,0.001,1,171,171.0,1000.0,0,0,0,0,0
53,41308,4,UDP,0.001,1,90,90.0,1000.0,0,0,0,0,0
53,60940,4,UDP,0.001,1,145,145.0,1000.0,0,0,0,0,0
53,37926,4,UDP,0.432,2,261,130.5,4.63,0,0,0,0,0
53,50334,4,UDP,0.001,1,100,100.0,1000.0,0,0,0,0,0
53,56067,4,UDP,0.001,1,187,187.0,1000.0,0,0,0,0,0
53,46648,4,UDP,0.001,1,171,171.0,1000.0,0,0,0,0,0
53,50089,4,UDP,0.001,1,166,166.0,1000.0,0,0,0,0,0
53,50740,4,UDP,0.251,2,200,100.0,7.97,0,0,0,0,0
53,47739,4,UDP,0.279,2,215,107.5,7.16,0,0,0,0,0
53,52492,4,UDP,0.28,2,261,130.5,7.15,0,0,0,0,0
53,37176,4,UDP,0.001,1,107,107.0,1000.0,0,0,0,0,0
53,42703,4,UDP,0.001,1,159,159.0,1000.0,0,0,0,0,0
53,35397,4,UDP,0.001,1,159,159.0,1000.0,0,0,0,0,0
53,51779,4,UDP,0.001,1,93,93.0,1000.0,0,0,0,0,0
53,56194,4,UDP,0.001,1,223,223.0,1000.0,0,0,0,0,0
53,44443,4,UDP,0.001,1,213,213.0,1000.0,0,0,0,0,0
53,44315,4,UDP,0.001,1,158,158.0,1000.0,0,0,0,0,0
53,54718,4,UDP,0.001,1,159,159.0,1000.0,0,0,0,0,0
53,56969,4,UDP,0.001,1,159,159.0,1000.0,0,0,0,0,0
53580,443,4,TCP,3.211,9,3140,348.89,2.8,0,9,0,0,0
53,33764,4,UDP,0.001,1,84,84.0,1000.0,0,0,0,0,0
53,54740,4,UDP,0.067,2,245,122.5,29.82,0,0,0,0,0
53,36336,4,UDP,28.264,3,348,116.0,0.11,0,0,0,0,0
53,54142,4,UDP,0.001,1,168,168.0,1000.0,0,0,0,0,0
53,55853,4,UDP,0.072,2,386,193.0,27.95,0,0,0,0,0
53,49714,4,UDP,0.002,2,340,170.0,1004.38,0,0,0,0,0
53,49642,4,UDP,0.003,2,340,170.0,624.52,0,0,0,0,0
53,49851,4,UDP,0.001,1,139,139.0,1000.0,0,0,0,0,0
53,55681,4,UDP,0.001,1,139,139.0,1000.0,0,0,0,0,0
53,57510,4,UDP,0.134,2,196,98.0,14.91,0,0,0,0,0
53,44180,4,UDP,0.194,2,192,96.0,10.33,0,0,0,0,0
53,60962,4,UDP,0.194,2,206,103.0,10.29,0,0,0,0,0
53,60391,4,UDP,0.285,2,335,167.5,7.01,0,0,0,0,0
53,40908,4,UDP,0.067,2,302,151.0,29.95,0,0,0,0,0
53,56778,4,UDP,0.345,2,302,151.0,5.8,0,0,0,0,0
53,39834,4,UDP,0.22,2,230,115.0,9.09,0,0,0,0,0
53,43357,4,UDP,169.292,4,586,146.5,0.02,0,0,0,0,0
53,46315,4,UDP,0.043,2,278,139.0,46.46,0,0,0,0,0
443,47066,4,TCP,66.285,38,11547,303.87,0.57,1,32,2,5,0
443,48022,4,TCP,177.518,32,10412,325.38,0.18,1,31,2,0,0
53,56752,4,UDP,0.161,2,174,87.0,12.4,0,0,0,0,0
53,60345,4,UDP,0.115,2,174,87.0,17.35,0,0,0,0,0
53,56728,4,UDP,0.001,1,91,91.0,1000.0,0,0,0,0,0
53,53758,4,UDP,0.001,1,91,91.0,1000.0,0,0,0,0,0
53582,443,4,TCP,2.224,9,1440,160.0,4.05,0,9,1,0,0
33420,443,4,UDP,173.038,129,72901,565.12,0.75,0,0,0,0,0
53,52946,4,UDP,0.018,2,234,117.0,113.77,0,0,0,0,0
53,47917,4,UDP,0.018,2,296,148.0,110.68,0,0,0,0,0
53,37849,4,UDP,0.019,2,296,148.0,104.66,0,0,0,0,0
53,43889,4,UDP,0.061,2,214,107.0,33.01,0,0,0,0,0
53,37590,4,UDP,0.004,2,292,146.0,505.34,0,0,0,0,0
443,52540,4,UDP,3.585,14,12021,858.64,3.9,0,0,0,0,0
443,43576,6,UDP,21.097,8,10352,1294.0,0.38,0,0,0,0,0
42348,443,4,TCP,10.363,24,7998,333.25,2.32,2,21,2,2,0
44634,443,4,TCP,6.173,22,8422,382.82,3.56,2,21,2,0,0
42954,443,4,TCP,186.322,30,5992,199.73,0.16,2,27,3,2,0
42350,443,4,TCP,157.278,49,18637,380.35,0.31,2,45,2,3,0
44644,443,4,TCP,20.458,46,11514,250.3,2.25,2,45,2,0,0
42956,443,4,TCP,17.285,10,2674,267.4,0.58,2,9,1,0,0
51032,443,4,TCP,17.675,16,5100,318.75,0.91,2,13,1,2,0
443,55264,6,TCP,19.11,6,564,94.0,0.31,6,0,0,0,0
42146,443,6,TCP,11.518,4,376,94.0,0.35,4,0,0,0,0
48564,443,4,TCP,7.311,11,3455,314.09,1.5,0,11,2,0,0
53,45786,4,UDP,0.001,1,98,98.0,1000.0,0,0,0,0,0
53,44220,4,UDP,0.001,1,98,98.0,1000.0,0,0,0,0,0
53,38236,4,UDP,0.001,1,98,98.0,1000.0,0,0,0,0,0
57218,443,4,TCP,206.928,71,23965,337.54,0.34,1,70,3,0,0
42200,443,4,TCP,233.379,53,15221,287.19,0.23,1,53,2,0,0
36010,443,4,TCP,209.195,72,16420,228.06,0.34,1,72,2,0,0
56936,443,6,TCP,11.827,8,752,94.0,0.68,8,0,0,0,0
59982,443,4,TCP,18.688,24,4188,174.5,1.28,1,23,2,0,0
57280,443,4,TCP,21.102,21,5490,261.43,1.0,1,19,1,1,0
41764,443,4,TCP,10.612,4,1744,436.0,0.38,1,4,0,0,0
33872,443,4,TCP,131.181,30,5128,170.93,0.23,2,27,2,3,0
443,51316,6,TCP,0.001,1,94,94.0,1000.0,1,0,0,0,0
42362,443,4,TCP,9.633,21,3183,151.57,2.18,2,20,1,1,0
44650,443,4,TCP,8.479,19,6812,358.53,2.24,2,18,2,0,0
443,35634,4,TCP,232.419,25,2985,119.4,0.11,2,24,2,0,0
33242,443,6,TCP,67.099,8,752,94.0,0.12,8,0,0,0,0
53,46454,4,UDP,0.001,1,88,88.0,1000.0,0,0,0,0,0
45938,443,4,TCP,191.749,39,10444,267.79,0.2,1,36,2,3,0
42958,443,4,TCP,16.76,22,6861,311.86,1.31,0,19,2,3,0
443,55160,6,TCP,10.364,7,658,94.0,0.68,7,0,0,0,0
53,40479,4,UDP,0.001,1,108,108.0,1000.0,0,0,0,0,0
443,41192,4,TCP,183.898,29,5878,202.69,0.16,1,29,2,0,0
53,47004,4,UDP,0.001,1,120,120.0,1000.0,0,0,0,0,0
443,45358,6,TCP,66.654,7,658,94.0,0.11,7,0,0,0,0
53,56035,4,UDP,0.001,1,149,149.0,1000.0,0,0,0,0,0
51038,443,4,TCP,16.737,16,5944,371.5,0.96,1,16,2,0,0
43952,443,4,TCP,8.518,21,8052,383.43,2.47,2,20,1,0,0
443,60300,4,TCP,181.435,36,10876,302.11,0.2,2,35,6,0,0
53,46884,4,UDP,0.001,1,92,92.0,1000.0,0,0,0,0,0
53,40403,4,UDP,0.001,1,92,92.0,1000.0,0,0,0,0,0
53,42126,4,UDP,0.001,1,100,100.0,1000.0,0,0,0,0,0
53,56883,4,UDP,0.001,1,138,138.0,1000.0,0,0,0,0,0
53,59911,4,UDP,0.001,1,138,138.0,1000.0,0,0,0,0,0
443,56546,4,TCP,49.544,26,6439,247.65,0.52,2,24,2,1,0
443,60676,4,TCP,91.854,35,9202,262.91,0.38,1,31,2,3,0
443,56764,4,TCP,230.545,55,16944,308.07,0.24,1,54,2,0,0
42286,443,4,TCP,2.769,12,4486,373.83,4.33,1,11,1,0,0
443,35716,4,TCP,120.485,33,5508,166.91,0.27,1,30,2,3,0
37318,443,4,TCP,0.837,2,140,70.0,2.39,1,1,1,0,0
37304,443,4,TCP,2.722,8,3850,481.25,2.94,2,7,0,0,0
52766,443,4,TCP,11.514,13,6033,464.08,1.13,2,12,1,0,0
50580,443,4,TCP,18.989,19,5501,289.53,1.0,2,18,2,0,0
43964,443,4,TCP,12.558,16,6986,436.62,1.27,1,15,0,1,0
46950,443,4,TCP,19.667,28,8189,292.46,1.42,2,23,2,4,0
36836,443,4,TCP,229.558,72,9133,126.85,0.31,2,69,2,2,0
443,57624,4,TCP,14.738,22,5392,245.09,1.49,2,21,2,0,0
49042,443,4,TCP,7.819,10,5444,544.4,1.28,1,10,2,0,0
443,39590,4,TCP,3.483,10,3000,300.0,2.87,2,9,2,0,0
53106,443,4,TCP,7.659,17,7045,414.41,2.22,1,17,2,0,0
42894,443,6,TCP,5.695,4,376,94.0,0.7,4,0,0,0,0
443,54906,4,TCP,4.066,12,6999,583.25,2.95,0,12,2,0,0
443,60528,4,TCP,229.396,82,17053,207.96,0.36,2,81,2,0,0
57080,443,4,TCP,189.662,43,11132,258.88,0.23,1,43,2,0,0
443,48474,4,TCP,18.06,23,8306,361.13,1.27,1,22,1,0,0
443,55688,4,TCP,0.506,8,4092,511.5,15.81,0,8,0,0,0
36372,443,4,TCP,8.009,13,6459,496.85,1.62,0,13,2,0,0
0,0,4,OTHER,89.44,2,2508,1254.0,0.02,0,0,0,0,0
42290,443,4,TCP,1.718,13,6067,466.69,7.57,2,12,1,0,0
53,49394,4,UDP,0.003,2,192,96.0,702.45,0,0,0,0,0
53,33921,4,UDP,0.003,2,254,127.0,764.2,0,0,0,0,0
53,43078,4,UDP,0.112,2,284,142.0,17.84,0,0,0,0,0
53,55707,4,UDP,0.073,2,314,157.0,27.56,0,0,0,0,0
53,59787,4,UDP,0.004,2,338,169.0,451.29,0,0,0,0,0
53,53998,4,UDP,0.057,2,260,130.0,35.26,0,0,0,0,0
443,54912,4,TCP,14.615,26,10603,407.81,1.78,2,25,2,0,0
443,56550,4,TCP,14.614,32,11974,374.19,2.19,2,29,2,2,0
443,60686,4,TCP,14.591,27,8990,332.96,1.85,2,24,2,2,0
443,56766,4,TCP,14.492,27,11240,416.3,1.86,2,26,1,0,0
42298,443,4,TCP,9.075,15,6274,418.27,1.65,2,13,1,1,0
49834,123,4,UDP,0.03,2,180,90.0,66.07,0,0,0,0,0
53,44473,4,UDP,0.004,2,208,104.0,538.11,0,0,0,0,0
53,37311,4,UDP,0.1,2,273,136.5,20.07,0,0,0,0,0
443,39592,4,TCP,18.49,14,6252,446.57,0.76,2,12,0,1,0
443,51910,6,TCP,10.843,6,564,94.0,0.55,6,0,0,0,0
36234,443,4,UDP,11.699,15,11876,791.73,1.28,0,0,0,0,0
54355,123,4,UDP,0.076,2,180,90.0,26.45,0,0,0,0,0
53,39234,4,UDP,0.161,2,198,99.0,12.46,0,0,0,0,0
53,36472,4,UDP,0.209,2,242,121.0,9.58,0,0,0,0,0
53,45388,4,UDP,0.209,2,242,121.0,9.58,0,0,0,0,0
53,44667,4,UDP,0.055,2,236,118.0,36.65,0,0,0,0,0
53,51224,4,UDP,0.053,2,254,127.0,37.9,0,0,0,0,0
53,33431,4,UDP,0.113,2,215,107.5,17.67,0,0,0,0,0
53,59275,4,UDP,0.066,2,251,125.5,30.53,0,0,0,0,0
53,59723,4,UDP,0.001,1,86,86.0,1000.0,0,0,0,0,0
53,51131,4,UDP,0.001,1,97,97.0,1000.0,0,0,0,0,0
123,49829,4,UDP,0.001,1,90,90.0,1000.0,0,0,0,0,0
42310,443,4,TCP,5.936,11,4096,372.36,1.85,1,9,1,1,0
443,38438,6,TCP,6.725,5,470,94.0,0.74,5,0,0,0,0
37038,443,6,TCP,6.586,5,470,94.0,0.76,5,0,0,0,0
443,34352,4,TCP,28.205,55,25142,457.13,1.95,2,54,1,0,0
443,50448,6,TCP,6.566,5,470,94.0,0.76,5,0,0,0,0
123,34276,4,UDP,0.001,1,90,90.0,1000.0,0,0,0,0,0
53,35722,4,UDP,0.269,2,306,153.0,7.42,0,0,0,0,0
53,56111,4,UDP,0.322,2,302,151.0,6.21,0,0,0,0,0
53,33405,4,UDP,0.16,2,329,164.5,12.48,0,0,0,0,0
53,41025,4,UDP,0.132,2,270,135.0,15.18,0,0,0,0,0
47310,443,4,UDP,18.055,16,5418,338.62,0.89,0,0,0,0,0
53,45588,4,UDP,0.001,1,84,84.0,1000.0,0,0,0,0,0
53,42376,4,UDP,0.001,1,84,84.0,1000.0,0,0,0,0,0
53,48294,4,UDP,0.001,1,84,84.0,1000.0,0,0,0,0,0
53,59425,4,UDP,0.098,2,331,165.5,20.38,0,0,0,0,0
53,53176,4,UDP,0.001,1,82,82.0,1000.0,0,0,0,0,0
53,47674,4,UDP,0.001,1,82,82.0,1000.0,0,0,0,0,0
53,47958,4,UDP,0.001,1,94,94.0,1000.0,0,0,0,0,0
60776,443,4,TCP,15.504,22,5821,264.59,1.42,0,20,1,2,0
443,37510,4,TCP,25.405,54,15420,285.56,2.13,3,49,2,3,0
57052,443,4,TCP,12.376,41,18507,451.39,3.31,1,41,2,0,0
44601,443,4,UDP,12.986,19,5591,294.26,1.46,0,0,0,0,0
55054,443,4,TCP,218.643,746,274387,367.81,3.41,0,746,2,0,0
443,36034,4,TCP,178.94,30,4212,140.4,0.17,0,30,2,0,0
53,52273,4,UDP,0.001,1,86,86.0,1000.0,0,0,0,0,0
53,33975,4,UDP,0.001,1,86,86.0,1000.0,0,0,0,0,0
49256,443,4,TCP,6.631,19,6018,316.74,2.87,3,16,2,1,0
53,41428,4,UDP,0.001,1,203,203.0,1000.0,0,0,0,0,0
53,60587,4,UDP,0.001,1,94,94.0,1000.0,0,0,0,0,0
53,39720,4,UDP,0.001,1,94,94.0,1000.0,0,0,0,0,0
443,59738,4,TCP,201.773,385,294280,764.36,1.91,1,385,2,0,0
443,34060,6,TCP,3.232,5,470,94.0,1.55,5,0,0,0,0
443,37528,4,TCP,6.045,18,6118,339.89,2.98,2,17,2,0,0
57066,443,4,TCP,6.285,27,8686,321.7,4.3,1,26,2,0,0
443,37520,4,TCP,6.119,15,5833,388.87,2.45,1,14,1,1,0
42856,443,4,TCP,177.029,36,10099,280.53,0.2,0,36,2,0,0
53,47103,4,UDP,0.048,2,186,93.0,42.09,0,0,0,0,0
53,39928,4,UDP,0.106,2,263,131.5,18.81,0,0,0,0,0
53,35777,4,UDP,0.062,2,263,131.5,32.2,0,0,0,0,0
53,46318,4,UDP,0.077,2,252,126.0,25.96,0,0,0,0,0
53,50375,4,UDP,0.078,2,305,152.5,25.72,0,0,0,0,0
53,59088,4,UDP,0.079,2,305,152.5,25.2,0,0,0,0,0
53,48899,4,UDP,0.003,2,194,97.0,723.65,0,0,0,0,0
443,42536,4,TCP,9.727,71,15416,217.13,7.3,2,70,2,0,0
443,42548,4,TCP,4.96,25,9997,399.88,5.04,2,24,2,0,0
42120,443,4,TCP,216.526,52,14314,275.27,0.24,2,51,2,0,0
51930,443,4,TCP,116.011,48,14024,292.17,0.41,2,45,2,2,0
443,60512,6,TCP,7.524,6,564,94.0,0.8,6,0,0,0,0
53,34576,4,UDP,0.099,2,298,149.0,20.3,0,0,0,0,0
443,56442,4,TCP,172.109,47,12231,260.23,0.27,2,46,2,0,0
42858,443,4,TCP,5.641,18,7478,415.44,3.19,2,15,2,2,0
443,42552,4,TCP,0.773,6,412,68.67,7.76,2,5,2,0,0
443,45604,6,TCP,2.859,3,282,94.0,1.05,3,0,0,0,0
55507,123,4,UDP,0.163,2,180,90.0,12.24,0,0,0,0,0
57878,443,4,TCP,4.817,19,6803,358.05,3.94,2,17,2,1,0
443,42568,4,TCP,0.702,6,412,68.67,8.55,2,5,2,0,0
32770,443,6,TCP,5.834,5,470,94.0,0.86,5,0,0,0,0
53428,443,4,TCP,39.309,35,11624,332.11,0.89,2,32,2,2,0
53436,443,4,TCP,38.319,21,6360,302.86,0.55,2,18,2,2,0
44246,443,4,TCP,18.195,9,818,90.89,0.49,2,8,2,0,0
443,42572,4,TCP,0.348,3,202,67.33,8.62,2,1,0,1,0
443,42574,4,TCP,0.33,3,202,67.33,9.09,2,1,0,1,0
42122,443,4,TCP,4.998,15,4203,280.2,3.0,2,14,1,0,0
443,37512,4,TCP,4.228,10,1843,184.3,2.37,0,9,3,1,0
51934,443,4,TCP,5.076,8,4004,500.5,1.58,2,7,0,0,0
55200,443,4,TCP,3.994,13,5821,447.77,3.25,2,12,1,0,0
45372,443,4,TCP,213.054,71,19659,276.89,0.33,2,68,2,2,0
50660,443,4,TCP,174.485,35,10694,305.54,0.2,2,30,2,4,0
57880,443,4,TCP,4.038,22,8930,405.91,5.45,2,20,1,1,0
53,47203,4,UDP,0.396,2,212,106.0,5.04,0,0,0,0,0
53,34159,4,UDP,0.171,2,224,112.0,11.71,0,0,0,0,0
53,54159,4,UDP,0.001,1,91,91.0,1000.0,0,0,0,0,0
53,48884,4,UDP,0.001,1,91,91.0,1000.0,0,0,0,0,0
53,47794,4,UDP,0.107,2,321,160.5,18.75,0,0,0,0,0
53,34960,4,UDP,0.16,2,208,104.0,12.5,0,0,0,0,0
53,52866,4,UDP,0.001,1,96,96.0,1000.0,0,0,0,0,0
53,49113,4,UDP,0.001,1,96,96.0,1000.0,0,0,0,0,0
53,49968,4,UDP,0.283,2,251,125.5,7.07,0,0,0,0,0
53,43364,4,UDP,0.001,1,108,108.0,1000.0,0,0,0,0,0
53,42673,4,UDP,0.001,1,153,153.0,1000.0,0,0,0,0,0
53,46516,4,UDP,0.001,1,153,153.0,1000.0,0,0,0,0,0
53,56368,4,UDP,0.001,1,100,100.0,1000.0,0,0,0,0,0
443,58654,4,TCP,211.284,40,9714,242.85,0.19,2,39,2,0,0
53452,443,4,TCP,2.209,8,2768,346.0,3.62,2,7,0,0,0
49790,443,4,TCP,2.765,18,5241,291.17,6.51,2,17,1,0,0
36612,443,4,TCP,2.528,11,4076,370.55,4.35,2,8,2,2,0
443,40660,4,TCP,0.256,3,202,67.33,11.71,2,1,0,1,0
47358,443,4,TCP,6.139,19,6821,359.0,3.09,3,18,2,0,0
41052,443,4,TCP,3.239,17,3877,228.06,5.25,2,16,2,0,0
41066,443,4,TCP,4.061,16,3383,211.44,3.94,2,15,2,0,0
53444,443,4,TCP,2.518,9,5490,610.0,3.57,1,9,0,0,0
43258,443,4,TCP,210.087,66,29722,450.33,0.31,1,66,2,0,0
54038,443,4,TCP,8.867,10,4061,406.1,1.13,2,10,2,0,0
41078,443,4,TCP,5.482,13,6025,463.46,2.37,2,12,0,0,0
33698,443,4,TCP,4.187,13,5753,442.54,3.1,2,11,0,1,0
33702,443,4,TCP,3.916,10,2763,276.3,2.55,2,8,1,1,0
47370,443,4,TCP,7.821,14,5285,377.5,1.79,2,13,1,0,0
44262,443,4,TCP,3.504,7,3961,565.86,2.0,1,7,1,0,0
47384,443,4,TCP,110.133,51,7591,148.84,0.46,2,50,2,0,0
443,56193,6,UDP,29.837,8,10352,1294.0,0.27,0,0,0,0,0
37488,443,4,UDP,35.758,21,12168,579.43,0.59,0,0,0,0,0
56893,443,4,UDP,1.807,9,9016,1001.78,4.98,0,0,0,0,0
443,56756,4,UDP,90.527,72,24188,335.94,0.8,0,0,0,0,0
41082,443,4,TCP,5.34,15,3364,224.27,2.81,1,14,2,0,0
41096,443,4,TCP,5.453,10,2894,289.4,1.83,1,9,1,0,0
443,45526,6,TCP,4.931,4,376,94.0,0.81,4,0,0,0,0
33718,443,4,TCP,4.148,15,4489,299.27,3.62,1,11,1,4,0
34408,443,4,TCP,210.804,534,445052,833.43,2.53,1,533,2,0,0
443,49152,6,TCP,4.849,4,376,94.0,0.82,4,0,0,0,0
443,49154,6,TCP,4.849,4,376,94.0,0.82,4,0,0,0,0
443,56108,6,TCP,4.836,4,376,94.0,0.83,4,0,0,0,0
443,38744,4,TCP,13.964,21,3416,162.67,1.5,2,18,2,2,0
53,37151,4,UDP,0.498,2,292,146.0,4.01,0,0,0,0,0
53,59941,4,UDP,0.424,2,309,154.5,4.72,0,0,0,0,0
53,43380,4,UDP,0.425,2,309,154.5,4.71,0,0,0,0,0
34292,443,6,TCP,2.997,4,376,94.0,1.33,4,0,0,0,0
53,33093,4,UDP,0.231,2,180,90.0,8.66,0,0,0,0,0
53,53703,4,UDP,0.001,1,90,90.0,1000.0,0,0,0,0,0
53,59633,4,UDP,0.128,2,285,142.5,15.6,0,0,0,0,0
53,46828,4,UDP,0.001,1,83,83.0,1000.0,0,0,0,0,0
53,45375,4,UDP,0.001,1,83,83.0,1000.0,0,0,0,0,0
53,51180,4,UDP,0.001,1,102,102.0,1000.0,0,0,0,0,0
53,57583,4,UDP,0.001,1,160,160.0,1000.0,0,0,0,0,0
53,48576,4,UDP,0.001,1,103,103.0,1000.0,0,0,0,0,0
53,49868,4,UDP,0.002,2,354,177.0,1278.56,0,0,0,0,0
53,33127,4,UDP,0.228,2,188,94.0,8.79,0,0,0,0,0
53,41480,4,UDP,0.229,2,250,125.0,8.75,0,0,0,0,0
53,34879,4,UDP,0.001,1,167,167.0,1000.0,0,0,0,0,0
53,52442,4,UDP,0.001,1,211,211.0,1000.0,0,0,0,0,0
53,40067,4,UDP,0.001,1,167,167.0,1000.0,0,0,0,0,0
443,40596,4,TCP,208.465,271,153687,567.11,1.3,2,270,2,0,0
53,51303,4,UDP,0.246,2,255,127.5,8.14,0,0,0,0,0
53,55101,4,UDP,0.289,2,304,152.0,6.91,0,0,0,0,0
53,51467,4,UDP,0.087,2,307,153.5,23.11,0,0,0,0,0
53,35145,4,UDP,0.164,2,251,125.5,12.17,0,0,0,0,0
53,45732,4,UDP,0.164,2,251,125.5,12.2,0,0,0,0,0
34416,443,4,TCP,4.83,10,1669,166.9,2.07,2,9,1,0,0
53,54833,4,UDP,0.14,2,206,103.0,14.27,0,0,0,0,0
53,33822,4,UDP,0.083,2,272,136.0,24.01,0,0,0,0,0
53,56298,4,UDP,0.153,2,261,130.5,13.11,0,0,0,0,0
53,42482,4,UDP,0.182,2,283,141.5,10.97,0,0,0,0,0
53,41644,4,UDP,0.183,2,301,150.5,10.94,0,0,0,0,0
53,53521,4,UDP,0.101,2,241,120.5,19.82,0,0,0,0,0
53,60015,4,UDP,0.059,2,190,95.0,33.73,0,0,0,0,0
443,58164,4,TCP,1.827,10,3790,379.0,5.47,2,9,0,0,0
53,59158,4,UDP,0.11,2,200,100.0,18.12,0,0,0,0,0
443,58168,4,TCP,208.351,104,53234,511.87,0.5,2,103,2,0,0
443,34752,4,TCP,100.219,26,4054,155.92,0.26,2,25,2,0,0
443,38748,4,TCP,2.581,9,886,98.44,3.49,2,8,1,0,0
53,35423,4,UDP,0.001,1,100,100.0,1000.0,0,0,0,0,0
53,44285,4,UDP,0.001,1,178,178.0,1000.0,0,0,0,0,0
53,48419,4,UDP,0.001,1,81,81.0,1000.0,0,0,0,0,0
53,41466,4,UDP,0.001,1,81,81.0,1000.0,0,0,0,0,0
443,60428,4,TCP,174.449,25,10201,408.04,0.14,0,25,2,0,0
443,35724,4,TCP,82.988,28,6789,242.46,0.34,0,25,2,3,0
33356,443,4,TCP,9.481,27,9051,335.22,2.85,2,25,1,2,0
443,35740,4,TCP,6.11,17,4906,288.59,2.78,0,15,1,2,0
443,49168,6,TCP,0.001,1,94,94.0,1000.0,1,0,0,0,0
443,49170,6,TCP,0.001,1,94,94.0,1000.0,1,0,0,0,0
443,41134,4,TCP,5.159,12,5672,472.67,2.33,2,11,1,0,0
443,41146,4,TCP,4.944,12,6666,555.5,2.43,1,10,0,1,0
443,35752,4,TCP,4.419,11,3656,332.36,2.49,2,10,0,0,0
443,49622,4,TCP,48.028,27,7310,270.74,0.56,2,26,1,0,0
33358,443,4,TCP,4.945,9,2173,241.44,1.82,2,7,0,1,0
36428,443,4,TCP,130.891,42,8561,203.83,0.32,3,38,2,3,0
48292,443,4,TCP,206.411,52,14280,274.62,0.25,2,51,2,0,0
443,44730,4,TCP,205.258,39,8970,230.0,0.19,1,38,2,0,0
53,59383,4,UDP,0.001,1,84,84.0,1000.0,0,0,0,0,0
53,53329,4,UDP,0.001,1,84,84.0,1000.0,0,0,0,0,0
53,45420,4,UDP,0.001,1,84,84.0,1000.0,0,0,0,0,0
53,47804,4,UDP,0.001,1,83,83.0,1000.0,0,0,0,0,0
53,33628,4,UDP,0.001,1,83,83.0,1000.0,0,0,0,0,0
53,45554,4,UDP,0.001,1,130,130.0,1000.0,0,0,0,0,0
53,53468,4,UDP,0.001,1,154,154.0,1000.0,0,0,0,0,0
53,58221,4,UDP,0.001,1,216,216.0,1000.0,0,0,0,0,0
53,39061,4,UDP,0.001,1,216,216.0,1000.0,0,0,0,0,0
53,60221,4,UDP,0.001,1,170,170.0,1000.0,0,0,0,0,0
47280,443,4,TCP,0.709,6,2575,429.17,8.46,0,6,0,0,0
42284,443,4,TCP,3.102,13,4264,328.0,4.19,1,13,1,0,0
53,46486,4,UDP,0.001,1,208,208.0,1000.0,0,0,0,0,0
53,38051,4,UDP,0.001,1,208,208.0,1000.0,0,0,0,0,0
53,53659,4,UDP,0.001,1,86,86.0,1000.0,0,0,0,0,0
53,59569,4,UDP,0.001,1,166,166.0,1000.0,0,0,0,0,0
53,60817,4,UDP,0.154,2,220,110.0,12.96,0,0,0,0,0
53,60085,4,UDP,0.138,2,256,128.0,14.5,0,0,0,0,0
53,45879,4,UDP,0.116,2,256,128.0,17.28,0,0,0,0,0
53,43619,4,UDP,0.001,1,102,102.0,1000.0,0,0,0,0,0
53,49466,4,UDP,0.047,2,204,102.0,42.34,0,0,0,0,0
443,50030,4,TCP,45.804,26,4167,160.27,0.57,1,23,2,3,0
36294,443,4,TCP,203.77,38,6291,165.55,0.19,0,38,2,0,0
47504,443,4,TCP,181.618,32,5803,181.34,0.18,0,32,2,0,0
443,41150,4,TCP,6.499,20,8742,437.1,3.08,2,18,1,1,0
42288,443,4,TCP,8.353,16,3312,207.0,1.92,1,16,2,0,0
443,44744,4,TCP,8.344,17,3165,186.18,2.04,1,16,1,0,0
53,35099,4,UDP,0.096,2,188,94.0,20.77,0,0,0,0,0
53,57649,4,UDP,0.097,2,246,123.0,20.71,0,0,0,0,0
53,48836,4,UDP,0.001,1,96,96.0,1000.0,0,0,0,0,0
53,34528,4,UDP,0.001,1,167,167.0,1000.0,0,0,0,0,0
53,35064,4,UDP,0.001,1,183,183.0,1000.0,0,0,0,0,0
53,40892,4,UDP,0.001,1,219,219.0,1000.0,0,0,0,0,0
53,52004,4,UDP,0.001,1,219,219.0,1000.0,0,0,0,0,0
53,55099,4,UDP,0.048,2,300,150.0,41.27,0,0,0,0,0
53,58692,4,UDP,0.001,1,94,94.0,1000.0,0,0,0,0,0
53,43555,4,UDP,0.001,1,87,87.0,1000.0,0,0,0,0,0
53,60436,4,UDP,0.001,1,94,94.0,1000.0,0,0,0,0,0
53,35741,4,UDP,0.001,1,177,177.0,1000.0,0,0,0,0,0
53,52846,4,UDP,0.001,1,89,89.0,1000.0,0,0,0,0,0
53,33184,4,UDP,0.001,1,88,88.0,1000.0,0,0,0,0,0
53,40966,4,UDP,0.001,1,117,117.0,1000.0,0,0,0,0,0
53,47000,4,UDP,0.001,1,134,134.0,1000.0,0,0,0,0,0
53,33770,4,UDP,0.001,1,175,175.0,1000.0,0,0,0,0,0
53,59983,4,UDP,0.001,1,87,87.0,1000.0,0,0,0,0,0
53,55001,4,UDP,0.001,1,175,175.0,1000.0,0,0,0,0,0
53,38438,4,UDP,0.001,1,87,87.0,1000.0,0,0,0,0,0
53,44217,4,UDP,0.456,2,240,120.0,4.38,0,0,0,0,0
53,32774,4,UDP,0.001,1,138,138.0,1000.0,0,0,0,0,0
443,44752,4,TCP,7.585,13,4527,348.23,1.71,0,13,2,0,0
443,49626,4,TCP,8.657,13,2889,222.23,1.5,1,9,2,3,0
53,40967,4,UDP,0.001,1,151,151.0,1000.0,0,0,0,0,0
36440,443,4,TCP,9.583,11,935,85.0,1.15,1,7,2,3,0
48304,443,4,TCP,7.462,10,3741,374.1,1.34,1,9,1,0,0
53,46218,4,UDP,0.001,1,102,102.0,1000.0,0,0,0,0,0
443,45908,4,TCP,185.816,44,9452,214.82,0.24,1,44,2,0,0
53,58739,4,UDP,0.001,1,168,168.0,1000.0,0,0,0,0,0
443,44768,4,TCP,7.307,17,4626,272.12,2.33,1,16,0,0,0
53,36822,4,UDP,0.001,1,169,169.0,1000.0,0,0,0,0,0
53,40309,4,UDP,0.001,1,235,235.0,1000.0,0,0,0,0,0
53,46181,4,UDP,0.001,1,168,168.0,1000.0,0,0,0,0,0
53,39269,4,UDP,0.001,1,168,168.0,1000.0,0,0,0,0,0
53,51150,4,UDP,0.001,1,150,150.0,1000.0,0,0,0,0,0
53,51323,4,UDP,0.001,1,118,118.0,1000.0,0,0,0,0,0
53,44469,4,UDP,0.001,1,183,183.0,1000.0,0,0,0,0,0
53,39586,4,UDP,0.001,1,183,183.0,1000.0,0,0,0,0,0
47510,443,4,TCP,7.277,16,1894,118.38,2.2,2,15,2,0,0
443,44780,4,TCP,7.266,14,1276,91.14,1.93,2,13,1,0,0
53,33037,4,UDP,0.001,1,90,90.0,1000.0,0,0,0,0,0
53,40260,4,UDP,0.001,1,148,148.0,1000.0,0,0,0,0,0
36306,443,4,TCP,5.734,11,3727,338.82,1.92,1,11,0,0,0
53,42409,4,UDP,0.116,2,254,127.0,17.23,0,0,0,0,0
53,36805,4,UDP,0.001,1,213,213.0,1000.0,0,0,0,0,0
53,57458,4,UDP,0.001,1,213,213.0,1000.0,0,0,0,0,0
443,50046,4,TCP,14.823,13,3059,235.31,0.88,1,12,0,2,0
53,42941,4,UDP,0.036,2,254,127.0,55.81,0,0,0,0,0
53,56988,4,UDP,0.001,1,91,91.0,1000.0,0,0,0,0,0
53,36307,4,UDP,0.036,2,302,151.0,55.3,0,0,0,0,0
53,57569,4,UDP,0.001,1,91,91.0,1000.0,0,0,0,0,0
53,41953,4,UDP,0.001,1,127,127.0,1000.0,0,0,0,0,0
53,35062,4,UDP,0.001,1,82,82.0,1000.0,0,0,0,0,0
53,55185,4,UDP,0.001,1,82,82.0,1000.0,0,0,0,0,0
53,45741,4,UDP,0.001,1,345,345.0,1000.0,0,0,0,0,0
53,47760,4,UDP,0.001,1,181,181.0,1000.0,0,0,0,0,0
53,36520,4,UDP,0.114,2,242,121.0,17.55,0,0,0,0,0
42308,443,4,TCP,7.964,17,2648,155.76,2.13,1,13,3,4,0
42296,443,4,TCP,1.591,5,1742,348.4,3.14,0,5,2,0,0
53,60772,4,UDP,0.001,1,243,243.0,1000.0,0,0,0,0,0
53,41105,4,UDP,0.001,1,95,95.0,1000.0,0,0,0,0,0
53,49958,4,UDP,0.001,1,217,217.0,1000.0,0,0,0,0,0
53,33000,4,UDP,0.001,1,243,243.0,1000.0,0,0,0,0,0
53,36259,4,UDP,0.001,1,95,95.0,1000.0,0,0,0,0,0
53,33800,4,UDP,0.004,2,250,125.0,514.26,0,0,0,0,0
53,45992,4,UDP,0.003,2,248,124.0,610.79,0,0,0,0,0
53,58591,4,UDP,0.219,2,300,150.0,9.12,0,0,0,0,0
53,41191,4,UDP,0.001,2,182,91.0,1978.91,0,0,0,0,0
53,42303,4,UDP,0.001,1,92,92.0,1000.0,0,0,0,0,0
443,44790,4,TCP,5.869,16,3080,192.5,2.73,1,10,4,5,0
443,44802,4,TCP,5.898,13,2414,185.69,2.2,0,10,2,3,0
443,44812,4,TCP,5.988,12,7307,608.92,2.0,1,11,0,0,0
53,53536,4,UDP,0.165,2,180,90.0,12.15,0,0,0,0,0
53,52015,4,UDP,0.165,2,229,114.5,12.15,0,0,0,0,0
53,52969,4,UDP,0.001,1,82,82.0,1000.0,0,0,0,0,0
443,45916,4,TCP,7.548,15,6320,421.33,1.99,0,14,1,1,0
443,56998,4,TCP,200.434,33,8475,256.82,0.16,0,33,2,0,0
443,46756,4,TCP,155.442,40,13640,341.0,0.26,0,38,2,3,0
443,60440,4,TCP,11.874,14,3080,220.0,1.18,2,13,2,0,0
34000,443,4,TCP,199.061,54,12729,235.72,0.27,0,54,2,0,0
53,54835,4,UDP,0.001,2,164,82.0,1644.18,0,0,0,0,0
53,39835,4,UDP,0.001,2,164,82.0,1878.75,0,0,0,0,0
53,57800,4,UDP,0.08,2,172,86.0,25.04,0,0,0,0,0
53,52884,4,UDP,0.08,2,172,86.0,24.96,0,0,0,0,0
46752,443,4,TCP,197.146,65,11369,174.91,0.33,2,64,2,0,0
39004,443,4,TCP,196.093,40,5866,146.65,0.2,0,38,2,2,0
443,42570,4,TCP,195.816,36,8077,224.36,0.18,0,34,2,2,0
53,56336,4,UDP,0.001,1,82,82.0,1000.0,0,0,0,0,0
53,59541,4,UDP,0.001,1,82,82.0,1000.0,0,0,0,0,0
47496,443,4,TCP,27.361,26,4154,159.77,0.95,0,26,1,0,0
443,59360,4,TCP,18.673,23,9132,397.04,1.23,0,21,2,2,0
44652,443,4,TCP,11.242,14,8018,572.71,1.25,0,13,1,1,0
53,38354,4,UDP,0.001,1,86,86.0,1000.0,0,0,0,0,0
53,34659,4,UDP,0.001,1,86,86.0,1000.0,0,0,0,0,0
44716,443,4,TCP,1.133,11,5660,514.55,9.71,1,11,0,0,0
443,57006,4,TCP,1.929,5,362,72.4,2.59,4,2,0,0,0
443,56424,6,TCP,65.885,8,752,94.0,0.12,8,0,0,0,0
443,60450,4,TCP,10.402,12,6103,508.58,1.15,0,12,0,0,0
49020,443,4,TCP,10.234,4,357,89.25,0.39,0,4,1,0,0
443,60446,4,TCP,9.716,13,3166,243.54,1.34,0,13,2,0,0
44656,443,4,TCP,13.432,16,8635,539.69,1.19,1,15,0,1,0
44102,443,4,TCP,10.258,14,8794,628.14,1.36,1,14,0,1,0
49014,443,4,TCP,23.413,16,6917,432.31,0.68,1,15,1,1,0
42970,443,4,TCP,1.887,8,5516,689.5,4.24,1,7,0,0,0
443,60456,4,TCP,11.912,15,6170,411.33,1.26,0,14,2,1,0
53,51796,4,UDP,0.151,2,217,108.5,13.27,0,0,0,0,0
53,58282,4,UDP,0.151,2,253,126.5,13.21,0,0,0,0,0
443,41786,4,TCP,96.429,33,7938,240.55,0.34,0,31,2,2,0
46764,443,4,TCP,15.2,15,6114,407.6,0.99,2,15,1,0,0
53,55745,4,UDP,0.001,1,168,168.0,1000.0,0,0,0,0,0
53,45281,4,UDP,0.128,2,246,123.0,15.66,0,0,0,0,0
53,35910,4,UDP,0.005,2,194,97.0,378.96,0,0,0,0,0
34014,443,4,TCP,0.978,6,3357,559.5,6.14,0,6,0,0,0
443,47026,4,TCP,91.956,38,8382,220.58,0.41,0,34,2,4,0
443,40850,4,TCP,148.276,42,8663,206.26,0.28,0,42,2,0,0
443,36818,4,TCP,21.035,17,5557,326.88,0.81,0,16,1,1,0
48668,443,4,TCP,17.184,11,6572,597.45,0.64,0,10,0,1,0
34090,443,6,TCP,64.559,6,564,94.0,0.09,6,0,0,0,0
443,49636,6,TCP,17.292,4,376,94.0,0.23,4,0,0,0,0
55432,443,4,TCP,15.626,19,6197,326.16,1.22,0,19,2,0,0
53888,443,4,TCP,9.605,6,444,74.0,0.62,6,0,0,0,0
53,57869,4,UDP,0.066,2,214,107.0,30.08,0,0,0,0,0
53,39259,4,UDP,0.17,2,226,113.0,11.74,0,0,0,0,0
60004,443,4,TCP,11.056,10,5440,544.0,0.9,2,9,0,1,0
46772,443,4,TCP,10.194,15,6050,403.33,1.47,2,14,2,0,0
443,43890,4,TCP,15.148,22,5656,257.09,1.45,2,21,2,0,0
44108,443,4,TCP,11.376,11,3998,363.45,0.97,2,10,0,1,0
42980,443,4,TCP,11.352,12,5794,482.83,1.06,2,11,0,1,0
443,55882,6,TCP,20.004,7,658,94.0,0.35,7,0,0,0,0
443,42582,4,TCP,13.888,10,5097,509.7,0.72,2,9,0,0,0
443,40686,4,TCP,0.67,3,202,67.33,4.47,2,1,0,1,0
59566,443,4,TCP,14.075,11,2724,247.64,0.78,2,9,1,1,0
443,33248,4,TCP,14.364,15,5016,334.4,1.04,2,14,0,0,0
55438,443,4,TCP,12.556,12,4552,379.33,0.96,2,11,1,0,0
44660,443,4,TCP,13.606,19,10259,539.95,1.4,2,18,1,0,0
49020,443,4,TCP,14.641,17,4618,271.65,1.16,2,13,2,3,0
39018,443,4,TCP,16.411,20,6353,317.65,1.22,2,19,0,0,0
443,40676,4,TCP,34.914,22,7004,318.36,0.63,0,22,0,1,0
47512,443,4,TCP,11.939,12,5571,464.25,1.01,2,11,1,0,0
443,60464,4,TCP,13.38,13,6290,483.85,0.97,2,12,1,0,0
443,59370,4,TCP,16.478,13,2370,182.31,0.79,1,12,1,0,0
443,41790,4,TCP,18.685,16,4826,301.62,0.86,1,15,2,0,0
443,39298,4,TCP,14.498,17,6628,389.88,1.17,2,15,1,1,0
41160,443,6,UDP,14.963,8,10352,1294.0,0.53,0,0,0,0,0
443,40866,4,TCP,20.403,20,7136,356.8,0.98,2,19,2,0,0
53902,443,4,TCP,36.368,8,592,74.0,0.22,8,0,0,0,0
53,46578,4,UDP,0.193,2,283,141.5,10.36,0,0,0,0,0
53,40045,4,UDP,0.123,2,325,162.5,16.3,0,0,0,0,0
53,40903,4,UDP,0.001,1,93,93.0,1000.0,0,0,0,0,0
44718,443,4,TCP,13.517,12,3113,259.42,0.89,1,12,0,0,0
53,58875,4,UDP,0.27,2,188,94.0,7.41,0,0,0,0,0
53,37210,4,UDP,0.26,2,248,124.0,7.7,0,0,0,0,0
53,35307,4,UDP,0.268,2,248,124.0,7.46,0,0,0,0,0
443,47038,4,TCP,14.197,13,6083,467.92,0.92,1,13,0,0,0
55448,443,4,TCP,11.539,13,6038,464.46,1.13,1,13,1,0,0
48682,443,4,TCP,15.877,13,6712,516.31,0.82,1,12,1,1,0
53,49073,4,UDP,0.001,1,93,93.0,1000.0,0,0,0,0,0
44668,443,4,TCP,15.685,18,8777,487.61,1.15,3,17,0,0,0
49036,443,4,TCP,13.599,17,3424,201.41,1.25,2,14,1,3,0
44118,443,4,TCP,11.778,7,3803,543.29,0.59,2,6,0,1,0
46784,443,4,TCP,8.427,17,6189,364.06,2.02,3,16,2,0,0
42990,443,4,TCP,2.464,9,5381,597.89,3.65,2,8,0,0,0
45710,443,4,TCP,6.212,13,4052,311.69,2.09,2,10,0,2,0
443,36832,4,TCP,21.275,15,6074,404.93,0.71,0,13,1,2,0
36094,443,4,TCP,11.618,11,3825,347.73,0.95,2,10,0,1,0
50942,443,4,TCP,192.474,108,55456,513.48,0.56,2,104,2,3,0
60444,443,4,TCP,81.276,25,4354,174.16,0.31,2,22,2,2,0
43004,443,4,TCP,11.797,7,681,97.29,0.59,2,6,0,1,0
52040,443,4,TCP,101.024,32,8666,270.81,0.32,1,29,2,2,0
36102,443,4,TCP,2.409,6,2511,418.5,2.49,2,5,0,0,0
36110,443,4,TCP,3.234,13,7293,561.0,4.02,2,12,0,0,0
443,57390,4,TCP,14.706,17,8482,498.94,1.16,1,16,0,0,0
443,43902,4,TCP,14.828,15,3182,212.13,1.01,1,15,2,0,0
60012,443,4,TCP,11.244,9,3673,408.11,0.8,1,9,0,1,0
44132,443,4,TCP,11.371,4,1694,423.5,0.35,1,4,0,1,0
443,43906,4,TCP,16.631,18,1960,108.89,1.08,2,17,2,0,0
57456,443,4,TCP,190.005,42,12786,304.43,0.22,0,42,2,0,0
36412,443,4,TCP,3.465,17,4132,243.06,4.91,2,15,2,1,0
52986,443,4,TCP,9.657,9,5386,598.44,0.93,2,8,0,1,0
46946,443,4,TCP,15.384,14,5740,410.0,0.91,2,13,1,0,0
46878,443,4,TCP,22.67,21,8970,427.14,0.93,2,20,2,0,0
53000,443,4,TCP,10.818,10,4209,420.9,0.92,2,9,0,1,0
53012,443,4,TCP,10.678,14,7353,525.21,1.31,2,13,0,1,0
443,48080,6,TCP,5.57,5,470,94.0,0.9,5,0,0,0,0
443,39832,4,TCP,11.654,16,7491,468.19,1.37,2,14,1,1,0
40984,443,4,TCP,96.288,37,10802,291.95,0.38,2,34,2,2,0
40990,443,4,TCP,86.181,36,9628,267.44,0.42,2,34,3,1,0
33656,443,4,TCP,10.805,15,7420,494.67,1.39,2,14,0,1,0
443,60092,6,TCP,67.394,8,752,94.0,0.12,8,0,0,0,0
55416,443,4,TCP,183.042,26,4635,178.27,0.14,0,26,2,0,0
53,40978,4,UDP,0.001,1,81,81.0,1000.0,0,0,0,0,0
53,56323,4,UDP,0.167,2,373,186.5,12.01,0,0,0,0,0
53,35070,4,UDP,0.001,1,81,81.0,1000.0,0,0,0,0,0
53,51729,4,UDP,0.001,1,161,161.0,1000.0,0,0,0,0,0
443,54114,4,TCP,10.949,14,3681,262.93,1.28,2,13,2,0,0
63409,1900,4,UDP,1.376,3,636,212.0,2.18,0,0,0,0,0
49000,443,4,TCP,13.398,11,1900,172.73,0.82,0,11,1,0,0
63407,1900,4,UDP,0.572,2,424,212.0,3.49,0,0,0,0,0
54766,443,4,TCP,165.02,50,15854,317.08,0.3,0,47,2,3,0
45676,443,4,TCP,11.169,13,2731,210.08,1.16,0,13,1,0,0
41004,443,4,TCP,16.237,20,7934,396.7,1.23,1,19,2,0,0
33660,443,4,TCP,10.165,14,7354,525.29,1.38,2,13,0,1,0
443,35018,4,TCP,10.774,18,8440,468.89,1.67,2,16,1,1,0
40992,443,4,TCP,15.887,22,7997,363.5,1.38,1,22,2,0,0
55116,443,4,TCP,10.354,14,8159,582.79,1.35,0,13,0,1,0
35504,443,4,TCP,12.346,16,6261,391.31,1.3,2,14,1,1,0
53,58985,4,UDP,0.004,2,315,157.5,491.05,0,0,0,0,0
53,55002,4,UDP,0.117,2,389,194.5,17.16,0,0,0,0,0
53,41567,4,UDP,0.001,1,87,87.0,1000.0,0,0,0,0,0
53,55161,4,UDP,0.001,1,127,127.0,1000.0,0,0,0,0,0
53,39207,4,UDP,0.001,1,220,220.0,1000.0,0,0,0,0,0
53,60429,4,UDP,0.001,1,90,90.0,1000.0,0,0,0,0,0
53,35863,4,UDP,0.001,1,90,90.0,1000.0,0,0,0,0,0
53,36054,4,UDP,0.001,1,90,90.0,1000.0,0,0,0,0,0
53,40533,4,UDP,0.001,1,212,212.0,1000.0,0,0,0,0,0
53,48223,4,UDP,0.001,1,224,224.0,1000.0,0,0,0,0,0
53,40806,4,UDP,95.344,3,523,174.33,0.03,0,0,0,0,0
54770,443,4,TCP,10.337,24,7264,302.67,2.32,1,22,2,2,0
53,37197,4,UDP,0.265,2,302,151.0,7.56,0,0,0,0,0
35520,443,4,TCP,12.472,20,3869,193.45,1.6,2,17,1,3,0
53,42020,4,UDP,0.001,1,152,152.0,1000.0,0,0,0,0,0
53,48469,4,UDP,0.132,2,274,137.0,15.19,0,0,0,0,0
53,33738,4,UDP,0.001,1,101,101.0,1000.0,0,0,0,0,0
53,32877,4,UDP,0.001,1,101,101.0,1000.0,0,0,0,0,0
38990,443,4,UDP,7.79,9,2671,296.78,1.16,0,0,0,0,0
53,58553,4,UDP,0.001,1,116,116.0,1000.0,0,0,0,0,0
46658,443,4,UDP,18.657,10,12940,1294.0,0.54,0,0,0,0,0
33390,443,4,UDP,0.07,11,8693,790.27,156.37,0,0,0,0,0
0,0,4,OTHER,19.512,9,630,70.0,0.46,0,0,0,0,0
443,37292,4,UDP,55.189,44,26191,595.25,0.8,0,0,0,0,0
53,45166,4,UDP,0.002,2,304,152.0,822.25,0,0,0,0,0
53,54043,4,UDP,0.001,1,103,103.0,1000.0,0,0,0,0,0
53,52186,4,UDP,0.001,1,141,141.0,1000.0,0,0,0,0,0
41950,443,4,TCP,33.718,134,29438,219.69,3.97,2,133,2,0,0
47820,443,4,UDP,10.726,24,11163,465.12,2.24,0,0,0,0,0
53,34733,4,UDP,0.069,2,216,108.0,29.04,0,0,0,0,0
53,58800,4,UDP,0.067,2,265,132.5,29.81,0,0,0,0,0
53,56165,4,UDP,0.002,2,227,113.5,889.85,0,0,0,0,0
443,59808,6,TCP,6.83,4,376,94.0,0.59,4,0,0,0,0
443,59820,6,TCP,6.698,4,376,94.0,0.6,4,0,0,0,0
46704,443,6,TCP,3.72,3,282,94.0,0.81,3,0,0,0,0
58308,443,4,TCP,8.808,48,23032,479.83,5.45,2,44,1,3,0
443,34964,4,TCP,23.181,37,16672,450.59,1.6,2,35,1,1,0
443,35394,4,TCP,177.285,47,12290,261.49,0.27,2,44,2,2,0
443,58684,6,TCP,3.87,4,376,94.0,1.03,4,0,0,0,0
57218,443,4,UDP,6.526,15,7916,527.73,2.3,0,0,0,0,0
46870,443,4,UDP,6.924,14,7943,567.36,2.02,0,0,0,0,0
49540,443,4,TCP,177.1,40,10395,259.88,0.23,1,40,2,0,0
40438,443,4,TCP,177.837,41,10465,255.24,0.23,2,40,2,0,0
443,54954,4,TCP,3.697,19,10211,537.42,5.14,2,16,1,2,0
443,48066,4,TCP,120.021,18,5716,317.56,0.15,2,17,0,0,0
5353,5353,6,UDP,126.537,6,1080,180.0,0.05,0,0,0,0,0
5353,5353,4,UDP,126.538,6,1080,180.0,0.05,0,0,0,0,0
58188,443,4,TCP,19.696,30,3949,131.63,1.52,2,29,1,0,0
60648,443,4,TCP,4.705,9,3253,361.44,1.91,2,6,0,2,0
5353,5353,4,UDP,0.001,1,180,180.0,1000.0,0,0,0,0,0
443,34980,4,TCP,6.37,10,2773,277.3,1.57,2,9,1,0,0
443,35410,4,TCP,4.166,13,3265,251.15,3.12,2,10,1,2,0
59916,443,4,TCP,0.991,8,2384,298.0,8.07,2,5,1,2,0
59928,443,4,TCP,0.552,6,2270,378.33,10.86,2,3,0,2,0
34688,443,4,TCP,176.078,50,10448,208.96,0.28,2,49,2,0,0
443,43532,4,TCP,13.902,35,20096,574.17,2.52,2,32,0,2,0
48114,443,4,TCP,175.928,56,11663,208.27,0.32,2,55,2,0,0
41718,443,6,TCP,11.38,8,752,94.0,0.7,8,0,0,0,0
41728,443,6,TCP,11.379,8,752,94.0,0.7,8,0,0,0,0
53,48324,4,UDP,0.003,2,295,147.5,621.7,0,0,0,0,0
53,39532,4,UDP,0.004,2,330,165.0,473.34,0,0,0,0,0
53,54943,4,UDP,0.005,2,330,165.0,417.03,0,0,0,0,0
53,40894,4,UDP,0.093,2,190,95.0,21.45,0,0,0,0,0
53,49399,4,UDP,0.09,2,251,125.5,22.13,0,0,0,0,0
49548,443,4,TCP,10.234,25,8991,359.64,2.44,2,24,2,0,0
40454,443,4,TCP,11.022,18,6171,342.83,1.63,2,14,2,3,0
443,48082,4,TCP,3.864,20,4010,200.5,5.18,2,19,2,0,0
48122,443,4,TCP,8.167,23,6479,281.7,2.82,2,19,3,3,0
41964,443,4,TCP,8.564,22,5293,240.59,2.57,2,20,2,1,0
53,41587,4,UDP,0.222,2,238,119.0,9.02,0,0,0,0,0
53,42414,4,UDP,0.122,2,261,130.5,16.36,0,0,0,0,0
34700,443,4,TCP,7.998,17,4437,261.0,2.13,2,16,2,0,0
41970,443,4,TCP,7.64,16,7702,481.38,2.09,2,15,0,0,0
59934,443,4,TCP,0.959,5,2210,442.0,5.21,2,4,1,0,0
41984,443,4,TCP,8.246,19,6315,332.37,2.3,2,17,2,1,0
59940,443,4,TCP,0.906,4,240,60.0,4.41,1,3,1,1,0
34708,443,4,TCP,7.991,20,7883,394.15,2.5,1,19,1,1,0
39204,443,4,TCP,8.115,25,5465,218.6,3.08,2,19,2,5,0
48128,443,4,TCP,6.863,11,4497,408.82,1.6,1,10,0,0,0
59146,443,4,TCP,10.147,34,8070,237.35,3.35,2,33,3,0,0
59158,443,4,TCP,171.993,53,14614,275.74,0.31,2,52,3,0,0
39216,443,4,TCP,25.996,93,21923,235.73,3.58,1,92,2,0,0
5353,5353,4,UDP,149.111,18,10472,581.78,0.12,0,0,0,0,0
53,39601,4,UDP,0.089,2,255,127.5,22.49,0,0,0,0,0
53,55170,4,UDP,0.225,2,388,194.0,8.87,0,0,0,0,0
53,40088,4,UDP,0.413,2,342,171.0,4.84,0,0,0,0,0
53,36631,4,UDP,0.174,2,342,171.0,11.5,0,0,0,0,0
53,37290,4,UDP,0.311,2,224,112.0,6.44,0,0,0,0,0
53,37436,4,UDP,0.311,2,236,118.0,6.44,0,0,0,0,0
53,56286,4,UDP,0.447,2,252,126.0,4.47,0,0,0,0,0
53,51396,4,UDP,0.28,2,360,180.0,7.15,0,0,0,0,0
53,56669,4,UDP,0.09,2,278,139.0,22.3,0,0,0,0,0
53,52576,4,UDP,0.005,2,254,127.0,374.24,0,0,0,0,0
53,60278,4,UDP,0.068,2,257,128.5,29.36,0,0,0,0,0
39228,443,4,TCP,7.022,27,7048,261.04,3.84,2,21,2,5,0
48134,443,4,TCP,6.719,29,8651,298.31,4.32,1,23,2,5,0
34722,443,4,TCP,6.773,28,7156,255.57,4.13,1,23,2,5,0
46166,443,4,TCP,7.02,31,9171,295.84,4.42,2,27,2,3,0
443,46526,4,TCP,6.828,15,4196,279.73,2.2,2,12,1,2,0
443,41732,6,TCP,11.201,7,658,94.0,0.62,7,0,0,0,0
44921,3702,4,UDP,128.475,8,6752,844.0,0.06,0,0,0,0,0
54594,3702,6,UDP,128.348,8,6912,864.0,0.06,0,0,0,0,0
53,38036,4,UDP,0.001,1,97,97.0,1000.0,0,0,0,0,0
53,60146,4,UDP,0.001,1,97,97.0,1000.0,0,0,0,0,0
46170,443,4,TCP,6.888,31,10125,326.61,4.5,2,27,2,3,0
52496,443,4,TCP,45.127,34,13280,390.59,0.75,2,31,2,2,0
46180,443,4,TCP,8.342,27,8937,331.0,3.24,2,23,1,4,0
53,56079,4,UDP,0.228,2,299,149.5,8.79,0,0,0,0,0
53,36692,4,UDP,0.313,2,373,186.5,6.38,0,0,0,0,0
53,59185,4,UDP,0.221,2,373,186.5,9.07,0,0,0,0,0
53,47899,4,UDP,1.64,2,254,127.0,1.22,0,0,0,0,0
53,44972,4,UDP,1.749,2,347,173.5,1.14,0,0,0,0,0
46190,443,4,TCP,7.597,24,6204,258.5,3.16,1,20,2,3,0
443,55406,4,TCP,5.407,7,2437,348.14,1.29,1,5,1,1,0
46196,443,4,TCP,7.794,13,3870,297.69,1.67,1,12,2,0,0
443,53914,4,TCP,167.088,68,37021,544.43,0.41,1,67,2,0,0
443,46536,4,TCP,7.843,6,3023,503.83,0.77,0,4,1,2,0
53,42179,4,UDP,0.001,1,83,83.0,1000.0,0,0,0,0,0
53,58379,4,UDP,0.004,2,265,132.5,461.27,0,0,0,0,0
53,56249,4,UDP,0.089,2,290,145.0,22.36,0,0,0,0,0
53,43914,4,UDP,0.176,2,230,115.0,11.39,0,0,0,0,0
53,46746,4,UDP,0.056,2,242,121.0,35.85,0,0,0,0,0
46208,443,4,TCP,4.445,16,5641,352.56,3.6,0,16,0,1,0
53,33036,4,UDP,0.001,1,151,151.0,1000.0,0,0,0,0,0
53,51833,4,UDP,0.001,1,203,203.0,1000.0,0,0,0,0,0
53,53356,4,UDP,0.001,1,166,166.0,1000.0,0,0,0,0,0
46224,443,4,TCP,5.406,18,7853,436.28,3.33,0,18,1,0,0
443,42348,4,TCP,165.648,34,5959,175.26,0.21,0,34,2,0,0
52506,443,4,TCP,7.689,10,5681,568.1,1.3,0,10,1,0,0
53,38605,4,UDP,0.092,2,259,129.5,21.8,0,0,0,0,0
53,37758,4,UDP,0.088,2,306,153.0,22.71,0,0,0,0,0
53,55224,4,UDP,0.092,2,306,153.0,21.76,0,0,0,0,0
53,41947,4,UDP,0.001,1,102,102.0,1000.0,0,0,0,0,0
53,36428,4,UDP,0.001,1,102,102.0,1000.0,0,0,0,0,0
53,56662,4,UDP,0.001,1,89,89.0,1000.0,0,0,0,0,0
53,56287,4,UDP,0.001,1,89,89.0,1000.0,0,0,0,0,0
53,57492,4,UDP,0.001,1,89,89.0,1000.0,0,0,0,0,0
443,50990,4,TCP,8.561,19,7530,396.32,2.22,2,17,1,1,0
53,47829,4,UDP,0.001,1,103,103.0,1000.0,0,0,0,0,0
443,55422,4,TCP,1.716,20,10581,529.05,11.65,2,19,1,0,0
46480,443,4,TCP,50.002,27,6107,226.19,0.54,2,24,2,2,0
43415,443,4,UDP,0.942,15,10540,702.67,15.92,0,0,0,0,0
53,36424,4,UDP,0.433,2,255,127.5,4.62,0,0,0,0,0
53,58585,4,UDP,0.435,2,302,151.0,4.6,0,0,0,0,0
53,38937,4,UDP,0.432,2,302,151.0,4.63,0,0,0,0,0
53,59530,4,UDP,0.223,2,278,139.0,8.97,0,0,0,0,0
53,53731,4,UDP,0.125,2,212,106.0,16.04,0,0,0,0,0
443,53928,4,TCP,7.498,27,9310,344.81,3.6,2,26,2,0,0
443,50354,6,TCP,6.97,6,564,94.0,0.86,6,0,0,0,0
44138,443,4,TCP,12.888,19,8250,434.21,1.47,2,18,1,0,0
443,57288,6,TCP,6.891,6,564,94.0,0.87,6,0,0,0,0
443,51392,4,TCP,6.485,27,9056,335.41,4.16,2,26,2,0,0
34412,443,4,TCP,13.726,30,7355,245.17,2.19,2,29,1,0,0
443,44411,4,UDP,3.734,15,13924,928.27,4.02,0,0,0,0,0
443,59474,4,TCP,3.785,27,6407,237.3,7.13,2,26,2,0,0
443,50998,4,TCP,11.626,18,6387,354.83,1.55,2,16,2,1,0
53496,443,4,TCP,65.123,24,4308,179.5,0.37,2,21,2,2,0
46494,443,4,TCP,6.914,13,1072,82.46,1.88,2,12,1,0,0
53,44019,4,UDP,0.632,2,242,121.0,3.16,0,0,0,0,0
59125,443,4,UDP,26.413,8,10352,1294.0,0.3,0,0,0,0,0
0,0,4,OTHER,26.045,12,840,70.0,0.46,0,0,0,0,0
45804,443,4,TCP,28.757,32,7955,248.59,1.11,1,32,2,0,0
443,45574,4,TCP,16.837,22,7566,343.91,1.31,1,21,1,1,0
443,51400,4,TCP,3.381,10,884,88.4,2.96,1,10,2,0,0
41980,443,4,TCP,3.251,17,4662,274.24,5.23,1,16,2,0,0
39084,443,4,TCP,11.976,17,4541,267.12,1.42,3,12,1,2,0
51790,443,4,TCP,160.628,37,9642,260.59,0.23,2,36,2,0,0
44150,443,4,TCP,4.938,15,5967,397.8,3.04,0,12,1,3,0
443,33608,4,TCP,2.778,16,5494,343.38,5.76,1,15,1,0,0
53458,443,4,TCP,5.966,21,8846,421.24,3.52,2,20,2,0,0
53,57032,4,UDP,0.076,2,239,119.5,26.36,0,0,0,0,0
443,54960,4,TCP,80.057,58,14346,247.34,0.72,2,57,2,0,0
443,53082,4,TCP,12.115,21,7502,357.24,1.73,2,18,2,2,0
443,40730,4,TCP,36.728,36,9521,264.47,0.98,2,32,2,3,0
52462,443,4,TCP,2.52,19,5224,274.95,7.54,2,18,2,0,0
32800,443,4,TCP,9.651,17,8250,485.29,1.76,2,15,1,1,0
50308,443,4,TCP,6.673,19,7491,394.26,2.85,2,18,1,0,0
42544,443,4,TCP,138.877,51,13633,267.31,0.37,2,50,2,0,0
55590,443,4,TCP,8.905,19,6130,322.63,2.13,2,17,1,1,0
51286,443,6,TCP,7.172,6,564,94.0,0.84,6,0,0,0,0
51869,443,6,UDP,23.614,9,11646,1294.0,0.38,0,0,0,0,0
123,36872,4,UDP,0.076,2,180,90.0,26.44,0,0,0,0,0
48040,443,6,TCP,67.542,9,846,94.0,0.13,9,0,0,0,0
123,59651,4,UDP,0.087,2,180,90.0,22.96,0,0,0,0,0
39086,443,4,TCP,157.976,28,3039,108.54,0.18,2,27,2,0,0
51802,443,4,TCP,4.888,19,6515,342.89,3.89,2,18,2,0,0
57330,443,4,TCP,13.437,22,7153,325.14,1.64,1,22,2,0,0
48968,443,4,TCP,156.89,60,24566,409.43,0.38,2,59,3,0,0
53,47912,4,UDP,0.001,2,261,130.5,2454.96,0,0,0,0,0
443,47954,4,TCP,156.572,36,10262,285.06,0.23,1,35,2,0,0
443,54968,4,TCP,2.915,27,12423,460.11,9.26,2,26,0,0,0
52470,443,4,TCP,1.19,12,5762,480.17,10.09,1,12,0,1,0
443,53084,4,TCP,8.205,12,4579,381.58,1.46,1,12,1,0,0
32806,443,4,TCP,7.882,10,4052,405.2,1.27,2,8,1,1,0
50310,443,4,TCP,8.932,18,4412,245.11,2.02,2,15,2,2,0
42546,443,4,TCP,9.214,20,7021,351.05,2.17,2,19,2,0,0
55598,443,4,TCP,8.856,15,3231,215.4,1.69,2,14,2,0,0
443,40738,4,TCP,7.457,22,8261,375.5,2.95,1,19,2,3,0
53,39901,4,UDP,0.004,2,214,107.0,482.38,0,0,0,0,0
53,35517,4,UDP,0.004,2,243,121.5,540.85,0,0,0,0,0
53,36318,4,UDP,0.005,2,219,109.5,382.52,0,0,0,0,0
53,37544,4,UDP,0.066,2,234,117.0,30.5,0,0,0,0,0
53,37363,4,UDP,0.049,2,296,148.0,40.96,0,0,0,0,0
53,43498,4,UDP,0.001,1,107,107.0,1000.0,0,0,0,0,0
443,49270,4,UDP,5.724,16,9040,565.0,2.8,0,0,0,0,0
443,46544,4,TCP,155.89,30,6912,230.4,0.19,2,29,2,0,0
57334,443,4,TCP,6.355,22,8068,366.73,3.46,2,21,2,0,0
53,44179,4,UDP,0.148,2,243,121.5,13.51,0,0,0,0,0
53,53988,4,UDP,0.148,2,239,119.5,13.54,0,0,0,0,0
53,41022,4,UDP,0.2,2,253,126.5,10.01,0,0,0,0,0
48978,443,4,TCP,7.495,8,2646,330.75,1.07,1,7,2,0,0
44772,443,4,UDP,21.047,19,5808,305.68,0.9,0,0,0,0,0
53,58691,4,UDP,62.079,4,562,140.5,0.06,0,0,0,0,0
53,49564,4,UDP,0.105,2,315,157.5,19.01,0,0,0,0,0
53,55037,4,UDP,0.153,2,255,127.5,13.04,0,0,0,0,0
53,42753,4,UDP,0.116,2,200,100.0,17.26,0,0,0,0,0
123,37182,4,UDP,0.001,1,90,90.0,1000.0,0,0,0,0,0
443,49836,4,TCP,3.92,21,10727,510.81,5.36,2,20,1,0,0
443,43520,6,UDP,26.174,11,14234,1294.0,0.42,0,0,0,0,0
49402,443,4,TCP,3.986,11,6693,608.45,2.76,1,10,2,0,0
443,47227,4,UDP,3.209,2,1493,746.5,0.62,0,0,0,0,0
443,55678,6,TCP,4.959,6,564,94.0,1.21,6,0,0,0,0
53,42188,4,UDP,0.186,2,234,117.0,10.77,0,0,0,0,0
53,34712,4,UDP,0.121,2,257,128.5,16.49,0,0,0,0,0
443,55684,6,TCP,5.133,5,470,94.0,0.97,5,0,0,0,0
53,55796,4,UDP,0.002,2,212,106.0,1258.42,0,0,0,0,0
53,59060,4,UDP,0.304,2,290,145.0,6.59,0,0,0,0,0
53,59579,4,UDP,0.378,2,338,169.0,5.29,0,0,0,0,0
53,51250,4,UDP,0.304,2,182,91.0,6.59,0,0,0,0,0
53,52618,4,UDP,0.048,2,243,121.5,42.03,0,0,0,0,0
53,32837,4,UDP,0.122,2,243,121.5,16.43,0,0,0,0,0
53,55867,4,UDP,0.221,2,384,192.0,9.05,0,0,0,0,0
53,57857,4,UDP,0.115,2,402,201.0,17.36,0,0,0,0,0
53,57162,4,UDP,0.21,2,342,171.0,9.53,0,0,0,0,0
53,32915,4,UDP,0.226,2,198,99.0,8.86,0,0,0,0,0
53,37312,4,UDP,0.001,1,108,108.0,1000.0,0,0,0,0,0
53,58522,4,UDP,0.001,1,174,174.0,1000.0,0,0,0,0,0
53,59856,4,UDP,0.001,1,174,174.0,1000.0,0,0,0,0,0
53,51707,4,UDP,0.286,2,274,137.0,7.0,0,0,0,0,0
53,47164,4,UDP,0.001,1,89,89.0,1000.0,0,0,0,0,0
53,55213,4,UDP,0.285,2,265,132.5,7.01,0,0,0,0,0
443,49840,4,TCP,2.647,19,9137,480.89,7.18,2,17,1,1,0
49414,443,4,TCP,0.794,11,5237,476.09,13.86,2,8,2,2,0
443,33622,4,TCP,3.971,12,2879,239.92,3.02,1,11,3,0,0
0,0,6,OTHER,0.001,1,62,62.0,1000.0,0,0,0,0,0
443,39014,4,TCP,0.947,7,909,129.86,7.39,2,6,1,0,0
443,38998,4,TCP,15.224,19,3541,186.37,1.25,1,16,2,3,0
49416,443,4,TCP,0.56,5,1754,350.8,8.93,1,4,1,1,0
53,41706,4,UDP,0.114,2,196,98.0,17.59,0,0,0,0,0
53,59184,4,UDP,0.001,1,100,100.0,1000.0,0,0,0,0,0
53,52530,4,UDP,0.001,1,100,100.0,1000.0,0,0,0,0,0
443,59244,4,TCP,2.295,11,3076,279.64,4.79,0,11,2,0,0
43432,443,4,UDP,22.378,10,12940,1294.0,0.45,0,0,0,0,0
43938,443,6,TCP,2.028,3,282,94.0,1.48,3,0,0,0,0
443,55754,4,TCP,6.912,38,13205,347.5,5.5,2,33,2,4,0
0,0,4,OTHER,22.498,8,560,70.0,0.36,0,0,0,0,0
443,60064,4,TCP,149.079,59,21898,371.15,0.4,1,58,2,0,0
44289,443,6,UDP,22.059,5,6470,1294.0,0.23,0,0,0,0,0
46301,443,4,UDP,2.288,15,10899,726.6,6.56,0,0,0,0,0
53,34213,4,UDP,0.144,2,230,115.0,13.88,0,0,0,0,0
443,59356,4,TCP,3.276,19,7469,393.11,5.8,2,18,0,0,0
443,40230,4,TCP,6.409,21,6797,323.67,3.28,2,18,2,2,0
53,55468,4,UDP,0.082,2,218,109.0,24.26,0,0,0,0,0
53,38371,4,UDP,0.083,2,314,157.0,23.99,0,0,0,0,0
53,49677,4,UDP,0.196,2,332,166.0,10.2,0,0,0,0,0
53,51174,4,UDP,0.134,2,350,175.0,14.96,0,0,0,0,0
53,36395,4,UDP,0.129,2,332,166.0,15.46,0,0,0,0,0
53,56773,4,UDP,0.212,2,332,166.0,9.44,0,0,0,0,0
53,48543,4,UDP,0.191,2,254,127.0,10.48,0,0,0,0,0
443,58406,4,TCP,13.998,28,8145,290.89,2.0,2,25,2,3,0
443,59252,4,TCP,5.188,23,8158,354.7,4.43,1,20,2,2,0
443,59984,4,TCP,0.062,5,338,67.6,80.09,1,4,2,0,0
443,60070,4,TCP,2.877,21,7463,355.38,7.3,2,20,0,0,0
53,45539,4,UDP,0.077,2,245,122.5,26.07,0,0,0,0,0
42868,443,4,UDP,2.827,13,10004,769.54,4.6,0,0,0,0,0
443,58412,4,TCP,4.881,19,6178,325.16,3.89,2,18,1,0,0
60216,443,4,TCP,122.563,34,7005,206.03,0.28,2,33,1,0,0
60224,443,4,TCP,32.295,8,2451,306.38,0.25,2,7,2,0,0
47162,443,4,TCP,9.734,28,5961,212.89,2.88,2,27,2,0,0
443,60092,4,TCP,145.957,43,9717,225.98,0.29,2,42,2,0,0
60238,443,4,TCP,32.27,14,4164,297.43,0.43,2,13,2,0,0
60260,443,4,TCP,116.973,34,4142,121.82,0.29,2,33,3,0,0
60264,443,4,TCP,140.816,39,6010,154.1,0.28,2,38,1,0,0
40992,443,4,TCP,66.44,34,8626,253.71,0.51,2,31,2,2,0
50340,443,4,TCP,146.239,29,4360,150.34,0.2,1,28,2,0,0
60268,443,4,TCP,122.379,38,7182,189.0,0.31,2,37,3,0,0
60270,443,4,TCP,141.947,54,14184,262.67,0.38,2,53,2,0,0
33932,443,4,TCP,146.553,31,6301,203.26,0.21,2,30,2,0,0
48184,443,4,UDP,0.292,7,6640,948.57,23.96,0,0,0,0,0
60252,443,4,TCP,116.622,39,9850,252.56,0.33,1,39,3,0,0
41405,443,4,UDP,4.431,11,2435,221.36,2.48,0,0,0,0,0
53,49080,4,UDP,4.624,4,466,116.5,0.86,0,0,0,0,0
53,57609,4,UDP,0.003,2,303,151.5,615.14,0,0,0,0,0
53,58351,4,UDP,0.001,1,112,112.0,1000.0,0,0,0,0,0
53,41538,4,UDP,0.001,1,181,181.0,1000.0,0,0,0,0,0
53,38703,4,UDP,0.001,1,211,211.0,1000.0,0,0,0,0,0
53,50864,4,UDP,0.001,1,86,86.0,1000.0,0,0,0,0,0
53,56442,4,UDP,0.001,1,249,249.0,1000.0,0,0,0,0,0
53,46314,4,UDP,0.001,1,211,211.0,1000.0,0,0,0,0,0
53,57375,4,UDP,0.001,1,205,205.0,1000.0,0,0,0,0,0
53,33679,4,UDP,0.001,1,99,99.0,1000.0,0,0,0,0,0
53,52029,4,UDP,0.001,1,127,127.0,1000.0,0,0,0,0,0
53,51377,4,UDP,0.001,1,156,156.0,1000.0,0,0,0,0,0
53,51571,4,UDP,0.163,2,273,136.5,12.26,0,0,0,0,0
53,45903,4,UDP,0.096,2,285,142.5,20.74,0,0,0,0,0
53,47560,4,UDP,0.001,1,101,101.0,1000.0,0,0,0,0,0
53,60913,4,UDP,0.001,1,178,178.0,1000.0,0,0,0,0,0
60282,443,4,TCP,2.316,7,2864,409.14,3.02,2,6,1,0,0
60296,443,4,TCP,1.896,14,6855,489.64,7.38,2,13,0,0,0
47164,443,4,TCP,5.554,18,6112,339.56,3.24,2,17,2,0,0
443,60096,4,TCP,5.227,27,7624,282.37,5.17,2,26,2,0,0
60310,443,4,TCP,33.386,11,4229,384.45,0.33,2,10,2,0,0
60326,443,4,TCP,2.044,9,5971,663.44,4.4,2,8,1,0,0
60330,443,4,TCP,33.417,22,5052,229.64,0.66,2,21,2,0,0
60338,443,4,TCP,1.699,8,3533,441.62,4.71,2,7,0,0,0
41008,443,4,TCP,64.408,32,4833,151.03,0.5,2,29,2,2,0
50348,443,4,TCP,3.68,14,4563,325.93,3.8,2,13,1,0,0
60354,443,4,TCP,1.789,8,3155,394.38,4.47,2,7,0,0,0
60360,443,4,TCP,1.759,11,6657,605.18,6.26,2,10,0,0,0
33948,443,4,TCP,3.513,13,3262,250.92,3.7,2,12,1,0,0
443,35698,4,TCP,3.678,18,9043,502.39,4.89,2,16,0,1,0
38230,443,4,TCP,65.427,33,3623,109.79,0.5,1,26,2,6,0
60370,443,4,TCP,1.914,9,2639,293.22,4.7,2,8,1,0,0
49926,443,4,TCP,144.054,45,15088,335.29,0.31,2,44,2,0,0
41012,443,4,TCP,8.199,14,7588,542.0,1.71,1,13,1,0,0
48038,443,4,TCP,144.64,388,89327,230.22,2.68,2,387,2,0,0
48044,443,4,TCP,144.998,31,6833,220.42,0.21,1,30,2,0,0
53,54083,4,UDP,0.001,1,167,167.0,1000.0,0,0,0,0,0
53,50417,4,UDP,0.001,1,167,167.0,1000.0,0,0,0,0,0
53,45630,4,UDP,0.003,2,172,86.0,651.29,0,0,0,0,0
53,44090,4,UDP,0.002,2,172,86.0,802.43,0,0,0,0,0
53,54129,4,UDP,0.005,2,236,118.0,402.25,0,0,0,0,0
53,37068,4,UDP,0.051,2,250,125.0,38.9,0,0,0,0,0
53,37184,4,UDP,0.049,2,250,125.0,40.64,0,0,0,0,0
53,37306,4,UDP,0.001,1,213,213.0,1000.0,0,0,0,0,0
53,56422,4,UDP,0.001,1,100,100.0,1000.0,0,0,0,0,0
53,48423,4,UDP,0.268,2,240,120.0,7.45,0,0,0,0,0
53,42447,4,UDP,0.288,2,310,155.0,6.93,0,0,0,0,0
53,59967,4,UDP,0.344,2,264,132.0,5.82,0,0,0,0,0
53,55379,4,UDP,0.31,2,264,132.0,6.46,0,0,0,0,0
53,60716,4,UDP,0.311,2,261,130.5,6.43,0,0,0,0,0
53,48684,4,UDP,0.309,2,261,130.5,6.47,0,0,0,0,0
53,53782,4,UDP,0.001,1,100,100.0,1000.0,0,0,0,0,0
443,35712,4,TCP,3.01,9,3350,372.22,2.99,1,8,1,0,0
38246,443,4,TCP,6.592,24,8236,343.17,3.64,2,20,2,3,0
60384,443,4,TCP,3.137,6,3141,523.5,1.91,2,5,1,0,0
49934,443,4,TCP,3.593,20,1616,80.8,5.57,2,16,2,3,0
41014,443,4,TCP,3.489,20,6499,324.95,5.73,1,16,2,3,0
48068,443,4,TCP,1.068,6,412,68.67,5.62,2,5,2,0,0
443,42560,4,TCP,6.211,25,6670,266.8,4.03,2,21,2,3,0
57746,443,4,TCP,142.782,101,41568,411.56,0.71,1,100,2,0,0
48072,443,4,TCP,3.119,16,3884,242.75,5.13,2,12,2,3,0
53,37826,4,UDP,0.001,1,82,82.0,1000.0,0,0,0,0,0
53,40817,4,UDP,0.001,1,82,82.0,1000.0,0,0,0,0,0
53,36738,4,UDP,0.312,2,251,125.5,6.42,0,0,0,0,0
48078,443,4,TCP,2.182,14,1850,132.14,6.42,1,14,2,0,0
53,33542,4,UDP,0.002,2,210,105.0,876.74,0,0,0,0,0
53,43429,4,UDP,0.062,2,259,129.5,32.03,0,0,0,0,0
53,59632,4,UDP,0.001,1,82,82.0,1000.0,0,0,0,0,0
53,52528,4,UDP,0.001,1,82,82.0,1000.0,0,0,0,0,0
53,56235,4,UDP,0.001,1,86,86.0,1000.0,0,0,0,0,0
48052,443,4,TCP,1.479,12,1602,133.5,8.11,0,9,2,3,0
57750,443,4,TCP,4.667,22,6798,309.0,4.71,2,19,2,2,0
53,46569,4,UDP,0.088,2,222,111.0,22.68,0,0,0,0,0
53,58092,4,UDP,0.103,2,251,125.5,19.49,0,0,0,0,0
60710,443,4,TCP,141.402,54,15761,291.87,0.38,2,53,2,0,0
443,58582,4,TCP,1.171,10,4335,433.5,8.54,2,9,0,1,0
443,42568,4,TCP,2.78,24,7581,315.88,8.63,1,19,2,5,0
53,33002,4,UDP,0.005,2,164,82.0,385.33,0,0,0,0,0
53,43810,4,UDP,0.005,2,164,82.0,432.47,0,0,0,0,0
53,47628,4,UDP,0.037,2,172,86.0,53.61,0,0,0,0,0
53,34496,4,UDP,0.037,2,172,86.0,53.7,0,0,0,0,0
53,38217,4,UDP,0.204,2,164,82.0,9.82,0,0,0,0,0
53,40597,4,UDP,0.205,2,164,82.0,9.74,0,0,0,0,0
53,36371,4,UDP,0.001,1,93,93.0,1000.0,0,0,0,0,0
53,43206,4,UDP,0.155,2,172,86.0,12.91,0,0,0,0,0
53,37994,4,UDP,0.001,1,86,86.0,1000.0,0,0,0,0,0
44968,443,4,TCP,4.477,26,7019,269.96,5.81,2,22,2,3,0
443,56856,4,TCP,4.759,36,12160,337.78,7.56,1,32,2,3,0
51048,443,6,TCP,2.824,4,376,94.0,1.42,4,0,0,0,0
443,52056,4,TCP,1.901,22,5488,249.45,11.57,1,19,2,3,0
36640,443,6,UDP,20.672,12,15528,1294.0,0.58,0,0,0,0,0
443,36237,4,UDP,1.904,13,6451,496.23,6.83,0,0,0,0,0
44982,443,4,TCP,3.857,25,9721,388.84,6.48,2,21,1,3,0
63011,5355,4,UDP,0.001,1,67,67.0,1000.0,0,0,0,0,0
51998,443,4,TCP,3.895,21,8124,386.86,5.39,0,18,2,3,0
443,52062,4,TCP,1.856,26,6747,259.5,14.01,2,25,2,0,0
52006,443,4,TCP,140.139,42,10598,252.33,0.3,1,41,2,0,0
443,56868,4,TCP,3.589,26,9168,352.62,7.24,2,23,2,2,0
43346,443,4,TCP,138.736,59,13737,232.83,0.43,2,58,3,0,0
57368,443,4,UDP,5.062,31,16529,533.19,6.12,0,0,0,0,0
38373,443,4,UDP,138.621,193,80384,416.5,1.39,0,0,0,0,0
443,51752,4,TCP,3.812,21,6340,301.9,5.51,3,18,2,1,0
443,44112,4,TCP,32.144,26,5507,211.81,0.81,2,22,2,3,0
443,51758,4,TCP,16.34,71,23906,336.7,4.35,2,68,2,2,0
41712,443,4,TCP,120.677,42,7253,172.69,0.35,2,40,1,2,0
443,44118,4,TCP,2.103,17,4464,262.59,8.08,2,14,2,2,0
35564,443,4,TCP,5.536,16,3558,222.38,2.89,2,15,2,0,0
53,48260,4,UDP,0.112,2,304,152.0,17.93,0,0,0,0,0
53,43389,4,UDP,0.112,2,330,165.0,17.79,0,0,0,0,0
53,32973,4,UDP,11.225,4,626,156.5,0.36,0,0,0,0,0
53,50586,4,UDP,0.033,2,190,95.0,60.81,0,0,0,0,0
53,33247,4,UDP,0.033,2,251,125.5,60.26,0,0,0,0,0
443,38196,4,TCP,2.032,24,10690,445.42,11.81,2,19,2,4,0
443,51762,4,TCP,1.822,19,6935,365.0,10.43,2,16,2,2,0
443,44120,4,TCP,0.588,3,202,67.33,5.1,2,1,0,1,0
443,38208,4,TCP,2.334,28,13020,465.0,12.0,2,27,2,0,0
49526,443,4,TCP,6.086,23,7493,325.78,3.78,2,19,2,3,0
45780,443,4,TCP,6.284,21,8982,427.71,3.34,2,20,2,0,0
49522,443,4,TCP,4.924,22,7395,336.14,4.47,1,19,2,3,0
49524,443,4,TCP,117.035,57,16721,293.35,0.49,1,53,3,4,0
53,50467,4,UDP,0.001,2,190,95.0,1366.0,0,0,0,0,0
53,38091,4,UDP,0.002,2,251,125.5,896.12,0,0,0,0,0
33108,443,4,TCP,0.159,24,11371,473.79,150.91,2,22,1,2,0
48834,443,4,UDP,0.294,21,13294,633.05,71.54,0,0,0,0,0
53,45448,4,UDP,0.047,2,198,99.0,42.44,0,0,0,0,0
53,56987,4,UDP,0.048,2,247,123.5,41.48,0,0,0,0,0
53,58390,4,UDP,0.126,2,247,123.5,15.87,0,0,0,0,0
41722,443,4,TCP,5.141,19,4542,239.05,3.7,2,15,2,3,0
41730,443,4,TCP,6.131,16,4380,273.75,2.61,2,15,1,1,0
53,59562,4,UDP,0.066,2,184,92.0,30.44,0,0,0,0,0
53,42391,4,UDP,0.037,2,249,124.5,54.46,0,0,0,0,0
53,36546,4,UDP,0.059,2,249,124.5,33.76,0,0,0,0,0
443,40942,4,TCP,11.483,32,13186,412.06,2.79,2,29,2,2,0
443,40958,4,TCP,1.206,23,9992,434.43,19.07,2,19,2,3,0
53,40190,4,UDP,0.054,2,211,105.5,36.74,0,0,0,0,0
53,33620,4,UDP,0.003,2,223,111.5,602.33,0,0,0,0,0
443,35570,6,TCP,68.191,11,1034,94.0,0.16,11,0,0,0,0
44967,443,4,UDP,25.056,33,19659,595.73,1.32,0,0,0,0,0
53,48597,4,UDP,0.033,2,192,96.0,60.36,0,0,0,0,0
443,40972,4,TCP,0.376,20,3704,185.2,53.17,2,15,2,4,0
53,53215,4,UDP,0.029,2,241,120.5,69.16,0,0,0,0,0
443,33308,4,TCP,1.222,6,404,67.33,4.91,4,2,0,2,0
443,33312,4,TCP,1.279,6,404,67.33,4.69,4,2,0,2,0
53,51271,4,UDP,0.012,2,258,129.0,168.05,0,0,0,0,0
53,60087,4,UDP,0.032,2,190,95.0,61.93,0,0,0,0,0
0,0,6,OTHER,6.161,7,826,118.0,1.14,0,0,0,0,0
443,48482,4,TCP,21.341,39,10907,279.67,1.83,2,36,2,3,0
443,48488,4,TCP,0.411,19,3792,199.58,46.19,2,15,2,3,0
443,49478,4,TCP,8.625,34,8762,257.71,3.94,2,30,2,3,0
53,48128,4,UDP,0.002,2,190,95.0,1159.13,0,0,0,0,0
53,55135,4,UDP,0.002,2,233,116.5,1058.1,0,0,0,0,0
53,49950,4,UDP,0.027,2,233,116.5,73.77,0,0,0,0,0
443,39080,4,TCP,16.132,29,8461,291.76,1.8,2,25,2,3,0
443,39082,4,TCP,0.914,12,4484,373.67,13.12,2,9,2,2,0
53,57783,4,UDP,0.05,2,282,141.0,39.61,0,0,0,0,0
53,40777,4,UDP,0.033,2,233,116.5,60.32,0,0,0,0,0
53,44494,4,UDP,0.028,2,263,131.5,72.5,0,0,0,0,0
53,38410,4,UDP,0.038,2,258,129.0,53.0,0,0,0,0,0
53,42511,4,UDP,0.045,2,232,116.0,44.23,0,0,0,0,0
53,58703,4,UDP,0.049,2,261,130.5,41.16,0,0,0,0,0
443,51280,4,TCP,0.907,26,7221,277.73,28.67,2,22,2,3,0
443,51288,4,TCP,17.035,44,18580,422.27,2.58,2,40,2,3,0
35484,443,4,TCP,1.296,21,4405,209.76,16.21,2,18,2,2,0
35488,443,4,TCP,6.419,66,35511,538.05,10.28,2,62,2,3,0
44651,443,4,UDP,0.723,25,17235,689.4,34.59,0,0,0,0,0
41324,443,4,UDP,2.347,25,26302,1052.08,10.65,0,0,0,0,0
36888,443,6,TCP,0.001,1,94,94.0,1000.0,1,0,0,0,0
36900,443,6,TCP,0.001,1,94,94.0,1000.0,1,0,0,0,0
45849,443,4,UDP,0.519,26,18773,722.04,50.12,0,0,0,0,0
42710,443,4,TCP,124.77,56,21590,385.54,0.45,2,55,2,0,0
443,56216,6,TCP,0.001,1,94,94.0,1000.0,1,0,0,0,0
54896,443,4,TCP,9.392,28,5398,192.79,2.98,7,22,2,3,0
443,56226,6,TCP,0.001,1,94,94.0,1000.0,1,0,0,0,0
60564,443,4,TCP,125.074,30,5738,191.27,0.24,2,29,2,0,0
59030,443,4,TCP,16.004,46,12282,267.0,2.87,2,45,4,0,0
53,37939,4,UDP,0.068,2,184,92.0,29.5,0,0,0,0,0
42722,443,4,TCP,0.558,17,4656,273.88,30.46,2,15,1,2,0
443,34820,4,TCP,11.154,57,28800,505.26,5.11,2,52,2,4,0
54912,443,4,TCP,125.752,30,5735,191.17,0.24,2,29,2,0,0
54928,443,4,TCP,124.736,111,58269,524.95,0.89,2,110,2,0,0
80,34848,6,TCP,0.001,1,94,94.0,1000.0,1,0,0,0,0
47842,80,4,TCP,0.79,10,1523,152.3,12.67,2,9,2,0,0
42570,80,4,TCP,0.201,3,202,67.33,14.9,2,1,0,1,0
53,57485,4,UDP,0.094,2,202,101.0,21.39,0,0,0,0,0
53,57725,4,UDP,0.153,2,247,123.5,13.05,0,0,0,0,0
53,49472,4,UDP,0.164,2,303,151.5,12.23,0,0,0,0,0
53,44811,4,UDP,0.164,2,235,117.5,12.18,0,0,0,0,0
53,47673,4,UDP,0.146,2,257,128.5,13.69,0,0,0,0,0
53,58083,4,UDP,0.165,2,226,113.0,12.1,0,0,0,0,0
53,54066,4,UDP,0.159,2,267,133.5,12.6,0,0,0,0,0
53,43299,4,UDP,0.159,2,263,131.5,12.58,0,0,0,0,0
53,56715,4,UDP,0.127,2,312,156.0,15.77,0,0,0,0,0
53,40798,4,UDP,0.104,2,408,204.0,19.22,0,0,0,0,0
53,45642,4,UDP,0.105,2,264,132.0,19.0,0,0,0,0,0
53,42006,4,UDP,0.176,2,260,130.0,11.38,0,0,0,0,0
48696,80,6,TCP,0.001,1,94,94.0,1000.0,1,0,0,0,0
35984,80,6,TCP,0.001,1,94,94.0,1000.0,1,0,0,0,0
80,36166,4,TCP,32.626,923,756565,819.68,28.29,2,922,2,0,0
45464,80,4,TCP,69.017,194,165406,852.61,2.81,2,193,1,0,0
58924,80,6,TCP,0.001,1,94,94.0,1000.0,1,0,0,0,0
53,38223,4,UDP,0.027,2,257,128.5,75.1,0,0,0,0,0
53,43020,4,UDP,0.087,2,252,126.0,22.98,0,0,0,0,0
53,50695,4,UDP,0.158,2,312,156.0,12.67,0,0,0,0,0
58060,443,6,TCP,0.001,1,94,94.0,1000.0,1,0,0,0,0
53,46333,4,UDP,0.001,2,255,127.5,2774.01,0,0,0,0,0
53,42529,4,UDP,0.018,2,310,155.0,112.46,0,0,0,0,0
58102,443,4,TCP,1.769,23,9005,391.52,13.0,2,20,2,2,0
43810,443,6,TCP,0.001,1,94,94.0,1000.0,1,0,0,0,0
443,41178,4,TCP,3.671,56,40438,722.11,15.25,2,53,2,2,0
0,0,6,OTHER,0.998,3,270,90.0,3.01,0,0,0,0,0
40776,80,4,TCP,11.033,228,202560,888.42,20.66,2,227,2,0,0
52592,443,4,UDP,0.528,23,12365,537.61,43.6,0,0,0,0,0
443,55898,4,TCP,3.242,20,6265,313.25,6.17,2,18,2,1,0
443,55900,4,TCP,12.169,45,12244,272.09,3.7,3,40,2,3,0
443,53662,4,TCP,7.322,31,8509,274.48,4.23,2,29,2,1,0
53,54461,4,UDP,0.173,2,255,127.5,11.55,0,0,0,0,0
50796,443,6,TCP,0.001,1,94,94.0,1000.0,1,0,0,0,0
49586,443,4,UDP,1.512,12,11902,991.83,7.94,0,0,0,0,0
53,41131,4,UDP,0.165,2,227,113.5,12.14,0,0,0,0,0
53,36232,4,UDP,1.026,2,243,121.5,1.95,0,0,0,0,0
53,43347,4,UDP,1.048,2,274,137.0,1.91,0,0,0,0,0
443,60943,4,UDP,0.371,11,8054,732.18,29.62,0,0,0,0,0
58880,443,4,UDP,0.437,9,9228,1025.33,20.6,0,0,0,0,0
47024,443,4,TCP,93.442,65,22127,340.42,0.7,2,64,2,0,0
45594,443,4,TCP,0.813,10,762,76.2,12.31,1,7,1,2,0
45598,443,4,TCP,5.766,22,2338,106.27,3.82,1,18,2,3,0
53,53954,4,UDP,0.111,2,182,91.0,18.09,0,0,0,0,0
443,43692,4,TCP,92.947,49,15146,309.1,0.53,1,48,2,0,0
53,46298,4,UDP,0.001,1,100,100.0,1000.0,0,0,0,0,0
44906,443,4,TCP,15.432,30,8934,297.8,1.94,1,29,4,0,0
443,48782,4,TCP,10.267,36,9461,262.81,3.51,2,33,2,3,0
443,48784,4,TCP,0.279,16,3544,221.5,57.34,1,12,2,3,0
443,42952,4,TCP,0.638,22,6965,316.59,34.51,2,18,2,3,0
443,36544,6,TCP,0.529,2,188,94.0,3.78,2,0,0,0,0
443,48788,4,TCP,0.27,25,7132,285.28,92.6,2,21,2,3,0
443,36560,6,TCP,0.528,2,188,94.0,3.79,2,0,0,0,0
443,42942,4,TCP,16.722,42,18908,450.19,2.51,0,39,2,3,0
443,42938,4,TCP,0.488,21,7355,350.24,43.07,0,19,2,2,0
443,39062,4,TCP,11.107,36,13294,369.28,3.24,1,32,2,4,0
123,45136,4,UDP,0.084,2,180,90.0,23.94,0,0,0,0,0
80,54170,4,TCP,12.609,430,401032,932.63,34.1,2,429,2,0,0
53,57223,4,UDP,0.071,2,196,98.0,28.29,0,0,0,0,0
58962,5355,4,UDP,0.001,1,67,67.0,1000.0,0,0,0,0,0
53,48296,4,UDP,0.003,2,278,139.0,649.27,0,0,0,0,0
53,56158,4,UDP,0.027,2,220,110.0,74.83,0,0,0,0,0
53,44336,4,UDP,0.041,2,256,128.0,48.57,0,0,0,0,0
53,55291,4,UDP,0.036,2,242,121.0,55.76,0,0,0,0,0
53,41604,4,UDP,0.01,2,204,102.0,197.5,0,0,0,0,0
53,41683,4,UDP,0.033,2,263,131.5,60.19,0,0,0,0,0
47857,443,4,UDP,0.395,18,11410,633.89,45.53,0,0,0,0,0
443,48662,4,UDP,0.353,26,13224,508.62,73.76,0,0,0,0,0
44434,443,4,TCP,0.448,18,4735,263.06,40.2,2,17,2,0,0
443,41354,4,TCP,88.81,34,7039,207.03,0.38,2,33,2,0,0
53,33378,4,UDP,0.075,2,222,111.0,26.59,0,0,0,0,0
53,35736,4,UDP,0.073,2,251,125.5,27.37,0,0,0,0,0
53,52156,4,UDP,0.033,2,297,148.5,60.01,0,0,0,0,0
53,51228,4,UDP,0.056,2,315,157.5,35.66,0,0,0,0,0
53,41675,4,UDP,0.04,2,285,142.5,49.4,0,0,0,0,0
53,38985,4,UDP,0.074,2,230,115.0,26.9,0,0,0,0,0
123,44897,4,UDP,0.127,2,180,90.0,15.77,0,0,0,0,0
53,57581,4,UDP,0.024,2,204,102.0,82.59,0,0,0,0,0
53,49244,4,UDP,0.024,2,250,125.0,82.81,0,0,0,0,0
60940,443,6,TCP,20.012,9,846,94.0,0.45,9,0,0,0,0
53,58158,4,UDP,0.034,2,263,131.5,58.6,0,0,0,0,0
53,41475,4,UDP,0.065,2,211,105.5,30.85,0,0,0,0,0
53,52809,4,UDP,0.127,2,223,111.5,15.77,0,0,0,0,0
53,57215,4,UDP,0.065,2,225,112.5,30.79,0,0,0,0,0
51621,443,4,UDP,31.128,38,14021,368.97,1.22,0,0,0,0,0
443,39266,4,TCP,7.309,13,5432,417.85,1.78,2,11,1,1,0
443,39272,4,TCP,10.58,49,12588,256.9,4.63,2,45,2,3,0
36880,443,4,TCP,6.251,21,4945,235.48,3.36,5,18,1,2,0
53,57164,4,UDP,0.002,2,196,98.0,863.83,0,0,0,0,0
53,43659,4,UDP,0.003,2,192,96.0,796.41,0,0,0,0,0
443,39288,4,TCP,7.034,19,6321,332.68,2.7,2,17,2,1,0
36886,443,4,TCP,68.864,27,5460,202.22,0.39,2,26,2,0,0
61650,1900,4,UDP,3.015,4,848,212.0,1.33,0,0,0,0,0
61652,1900,4,UDP,3.0,4,848,212.0,1.33,0,0,0,0,0
53,59904,4,UDP,0.097,2,241,120.5,20.6,0,0,0,0,0
443,42874,4,TCP,6.955,38,9002,236.89,5.46,2,34,2,3,0
443,42888,4,TCP,1.111,19,6936,365.05,17.11,2,17,1,2,0
53,48087,4,UDP,0.037,2,368,184.0,54.49,0,0,0,0,0
35688,80,6,TCP,11.457,8,752,94.0,0.7,8,0,0,0,0
36200,80,6,TCP,11.356,8,752,94.0,0.7,8,0,0,0,0
51052,80,6,TCP,11.473,8,752,94.0,0.7,8,0,0,0,0
53,52408,4,UDP,0.026,2,233,116.5,77.15,0,0,0,0,0
53582,80,6,TCP,44.395,17,1818,106.94,0.38,9,9,3,0,0
52130,80,6,TCP,15.822,10,920,92.0,0.63,9,1,0,1,0
48324,80,6,TCP,11.234,8,752,94.0,0.71,8,0,0,0,0
53,50393,4,UDP,0.044,2,282,141.0,45.11,0,0,0,0,0
53,60169,4,UDP,0.042,2,296,148.0,47.21,0,0,0,0,0
53,37636,4,UDP,0.088,2,261,130.5,22.78,0,0,0,0,0
53,37140,4,UDP,0.103,2,263,131.5,19.49,0,0,0,0,0
53,37974,4,UDP,0.002,2,232,116.0,836.44,0,0,0,0,0
53,41412,4,UDP,0.035,2,248,124.0,56.65,0,0,0,0,0
51509,443,4,UDP,0.467,14,11445,817.5,30.01,0,0,0,0,0
53,48947,4,UDP,0.039,2,304,152.0,51.3,0,0,0,0,0
53,47305,4,UDP,0.041,2,258,129.0,48.99,0,0,0,0,0
53,35384,4,UDP,0.052,2,240,120.0,38.42,0,0,0,0,0
53,33530,4,UDP,0.049,2,252,126.0,40.42,0,0,0,0,0
443,52748,4,TCP,16.91,46,18721,406.98,2.72,2,42,2,3,0
443,52756,4,TCP,0.635,26,7221,277.73,40.96,2,22,2,3,0
42844,443,6,TCP,0.001,1,94,94.0,1000.0,1,0,0,0,0
443,47494,4,TCP,0.483,19,3792,199.58,39.36,2,15,2,3,0
54696,443,4,TCP,6.012,42,15464,368.19,6.99,2,38,2,3,0
42846,443,6,TCP,0.001,1,94,94.0,1000.0,1,0,0,0,0
443,47496,4,TCP,10.602,35,7917,226.2,3.3,2,33,4,2,0
54704,443,4,TCP,0.635,24,6701,279.21,37.79,2,18,2,5,0
443,52040,6,TCP,31.609,5,430,86.0,0.16,3,2,0,2,0
443,52768,4,TCP,0.458,26,7197,276.81,56.76,2,22,2,3,0
443,52050,6,TCP,31.777,5,430,86.0,0.16,3,2,0,2,0
48764,443,4,TCP,15.453,43,12022,279.58,2.78,2,42,4,0,0
443,47500,4,TCP,0.072,3,202,67.33,41.74,2,1,0,1,0
58430,443,4,TCP,0.346,6,412,68.67,17.36,2,5,2,0,0
443,45756,4,TCP,13.21,37,13365,361.22,2.8,2,32,2,4,0
53,60515,4,UDP,0.118,2,238,119.0,16.95,0,0,0,0,0
53,47814,4,UDP,0.062,2,250,125.0,32.39,0,0,0,0,0
53,37771,4,UDP,0.081,2,266,133.0,24.73,0,0,0,0,0
53,47997,4,UDP,0.122,2,254,127.0,16.44,0,0,0,0,0
53,47405,4,UDP,0.147,2,222,111.0,13.57,0,0,0,0,0
53,45518,4,UDP,0.148,2,251,125.5,13.53,0,0,0,0,0
53,43766,4,UDP,0.148,2,228,114.0,13.47,0,0,0,0,0
53,42960,4,UDP,0.334,2,240,120.0,5.99,0,0,0,0,0
53,38122,4,UDP,0.264,2,256,128.0,7.57,0,0,0,0,0
53,47693,4,UDP,0.265,2,242,121.0,7.55,0,0,0,0,0
53,48779,4,UDP,0.215,2,254,127.0,9.3,0,0,0,0,0
53,54831,4,UDP,0.15,2,270,135.0,13.31,0,0,0,0,0
53,60311,4,UDP,0.088,2,254,127.0,22.8,0,0,0,0,0
53,46155,4,UDP,0.085,2,254,127.0,23.5,0,0,0,0,0
53,51805,4,UDP,0.057,2,256,128.0,34.82,0,0,0,0,0
53,56803,4,UDP,0.071,2,301,150.5,28.13,0,0,0,0,0
53,48772,4,UDP,0.074,2,221,110.5,27.14,0,0,0,0,0
53,35924,4,UDP,0.031,2,233,116.5,63.86,0,0,0,0,0
53,50251,4,UDP,0.026,2,266,133.0,77.71,0,0,0,0,0
53,56386,4,UDP,0.099,2,186,93.0,20.29,0,0,0,0,0
53,41615,4,UDP,0.107,2,249,124.5,18.64,0,0,0,0,0
443,50600,4,UDP,0.475,22,16029,728.59,46.36,0,0,0,0,0
39968,443,6,TCP,0.839,2,188,94.0,2.38,2,0,0,0,0
39974,443,6,TCP,0.782,2,188,94.0,2.56,2,0,0,0,0
443,33642,4,TCP,0.561,38,8632,227.16,67.77,2,37,2,0,0
443,33646,4,TCP,58.415,79,13942,176.48,1.35,2,78,2,0,0
443,33648,4,TCP,0.583,28,6534,233.36,48.04,2,27,2,0,0
443,33664,4,TCP,0.585,27,6468,239.56,46.19,2,26,2,0,0
53,40765,4,UDP,0.005,2,251,125.5,423.73,0,0,0,0,0
53,48156,4,UDP,0.005,2,300,150.0,380.64,0,0,0,0,0
53,35131,4,UDP,0.036,2,184,92.0,55.76,0,0,0,0,0
38876,443,4,TCP,56.875,41,11302,275.66,0.72,2,38,2,2,0
55836,443,4,TCP,0.487,33,10297,312.03,67.79,2,27,2,5,0
39988,443,6,TCP,0.82,2,188,94.0,2.44,2,0,0,0,0
55840,443,4,TCP,1.13,31,8761,282.61,27.43,2,27,2,3,0
55850,443,4,TCP,1.463,24,8315,346.46,16.4,2,22,0,2,0
38892,443,4,TCP,1.393,29,9166,316.07,20.82,2,25,2,3,0
53,50357,4,UDP,0.093,2,212,106.0,21.61,0,0,0,0,0
443,52408,6,TCP,31.877,7,598,85.43,0.22,4,3,0,3,0
443,59600,6,TCP,32.04,7,598,85.43,0.22,4,3,0,3,0
443,44252,6,TCP,32.769,10,860,86.0,0.31,6,4,0,4,0
53,41339,4,UDP,0.001,1,96,96.0,1000.0,0,0,0,0,0
443,52416,6,TCP,31.914,7,598,85.43,0.22,4,3,0,3,0
53,37612,4,UDP,0.096,2,339,169.5,20.88,0,0,0,0,0
443,59608,6,TCP,31.826,7,598,85.43,0.22,4,3,0,3,0
443,44262,6,TCP,31.945,7,598,85.43,0.22,4,3,0,3,0
53,58762,4,UDP,0.077,2,190,95.0,25.82,0,0,0,0,0
443,40494,4,TCP,10.718,33,10940,331.52,3.08,2,29,2,3,0
443,48858,4,TCP,11.83,42,14085,335.36,3.55,2,37,2,4,0
443,56736,4,TCP,10.987,32,9901,309.41,2.91,2,29,1,3,0
443,36946,6,TCP,6.392,3,262,87.33,0.47,2,1,0,1,0
443,59612,6,TCP,31.723,7,598,85.43,0.22,4,3,0,3,0
443,36952,6,TCP,6.372,3,262,87.33,0.47,2,1,0,1,0
443,48860,4,TCP,1.333,23,8458,367.74,17.25,2,20,2,2,0
443,37430,4,TCP,55.877,48,24491,510.23,0.86,2,47,2,0,0
53,54759,4,UDP,0.003,2,212,106.0,795.66,0,0,0,0,0
53,47783,4,UDP,0.002,2,224,112.0,883.76,0,0,0,0,0
443,46754,6,TCP,2.196,4,356,89.0,1.82,3,1,0,1,0
52922,443,4,TCP,53.135,85,44473,523.21,1.6,2,84,2,0,0
53,59439,4,UDP,0.021,2,198,99.0,93.63,0,0,0,0,0
53,47944,4,UDP,0.028,2,247,123.5,71.42,0,0,0,0,0
0,0,6,OTHER,0.001,1,86,86.0,1000.0,0,0,0,0,0
0,0,6,OTHER,0.001,1,86,86.0,1000.0,0,0,0,0,0
53,47384,6,UDP,0.287,2,353,176.5,6.96,0,0,0,0,0
53,59832,6,UDP,0.217,2,230,115.0,9.23,0,0,0,0,0
0,0,6,OTHER,1.14,4,328,82.0,3.51,0,0,0,0,0
58090,443,6,TCP,42.579,28,6926,247.36,0.66,4,26,2,0,0
443,53998,6,TCP,0.227,23,8392,364.87,101.16,2,18,2,4,0
443,52760,4,TCP,3.163,15,5913,394.2,4.74,2,13,1,2,0
443,52766,4,TCP,13.944,44,12312,279.82,3.16,2,41,2,2,0
41557,123,4,UDP,0.05,2,180,90.0,39.69,0,0,0,0,0
443,51238,4,TCP,9.115,28,8285,295.89,3.07,2,25,2,2,0
53,41434,6,UDP,0.056,2,218,109.0,35.92,0,0,0,0,0
41897,443,4,UDP,31.366,37,26516,716.65,1.18,0,0,0,0,0
53,48494,6,UDP,0.048,2,476,238.0,41.33,0,0,0,0,0
53,48369,6,UDP,0.089,2,284,142.0,22.54,0,0,0,0,0
53,45352,6,UDP,0.033,2,224,112.0,60.24,0,0,0,0,0
53,47868,6,UDP,0.092,2,267,133.5,21.63,0,0,0,0,0
53,57515,6,UDP,0.092,2,295,147.5,21.73,0,0,0,0,0
53,55129,6,UDP,0.021,2,222,111.0,96.13,0,0,0,0,0
53,38192,6,UDP,0.021,2,230,115.0,96.97,0,0,0,0,0
53,57051,6,UDP,0.006,2,268,134.0,315.28,0,0,0,0,0
34856,443,4,TCP,1.611,19,4273,224.89,11.8,2,16,2,2,0
34870,443,4,TCP,6.549,37,13024,352.0,5.65,2,33,2,3,0
53,45014,6,UDP,0.128,2,254,127.0,15.57,0,0,0,0,0
53,59431,6,UDP,0.141,2,283,141.5,14.14,0,0,0,0,0
443,49054,4,TCP,18.095,45,18682,415.16,2.49,2,41,2,3,0
53,51420,6,UDP,0.133,2,347,173.5,15.06,0,0,0,0,0
443,41182,4,TCP,1.45,24,6589,274.54,16.55,2,20,2,3,0
53,36002,6,UDP,0.178,2,306,153.0,11.26,0,0,0,0,0
53,59582,6,UDP,0.179,2,355,177.5,11.15,0,0,0,0,0
48870,443,4,TCP,31.938,24,5180,215.83,0.75,2,23,2,0,0
443,49056,4,TCP,1.468,25,7155,286.2,17.03,2,21,2,3,0
443,41184,4,TCP,11.412,47,17431,370.87,4.12,2,44,2,3,0
46225,443,4,UDP,4.084,8,6724,840.5,1.96,0,0,0,0,0
35686,443,6,TCP,1.06,37,10196,275.57,34.9,2,36,3,0,0
35690,443,6,TCP,16.125,53,14361,270.96,3.29,2,52,3,0,0
53,37612,6,UDP,0.157,2,314,157.0,12.77,0,0,0,0,0
53,55179,6,UDP,0.136,2,236,118.0,14.74,0,0,0,0,0
54888,443,4,TCP,1.363,20,4339,216.95,14.67,2,17,2,2,0
443,36226,6,TCP,0.844,23,6577,285.96,27.26,2,18,2,4,0
443,36236,6,TCP,11.027,39,11955,306.54,3.54,2,35,2,3,0
53,56145,6,UDP,0.13,2,280,140.0,15.38,0,0,0,0,0
53,58258,6,UDP,0.129,2,305,152.5,15.45,0,0,0,0,0
44790,443,4,TCP,31.441,42,13846,329.67,1.34,3,41,2,0,0
53,35011,6,UDP,0.179,2,280,140.0,11.19,0,0,0,0,0
443,47372,4,TCP,1.017,24,7089,295.38,23.59,2,20,2,3,0
443,40070,4,TCP,0.966,22,6467,293.95,22.78,2,19,2,2,0
37100,443,4,TCP,0.945,19,4797,252.47,20.1,2,18,2,0,0
47832,443,4,TCP,0.373,3,202,67.33,8.04,2,1,0,1,0
53,55768,6,UDP,0.245,2,240,120.0,8.16,0,0,0,0,0
443,39106,4,TCP,0.357,3,202,67.33,8.4,2,1,0,1,0
44802,443,4,TCP,2.377,5,330,66.0,2.1,3,2,0,2,0
53,53566,6,UDP,0.054,2,256,128.0,37.33,0,0,0,0,0
53,50952,6,UDP,0.098,2,352,176.0,20.4,0,0,0,0,0
53,42572,6,UDP,0.097,2,274,137.0,20.59,0,0,0,0,0
53,34214,6,UDP,0.036,2,297,148.5,55.62,0,0,0,0,0
53,43729,6,UDP,0.104,2,248,124.0,19.18,0,0,0,0,0
53,36306,6,UDP,0.142,2,260,130.0,14.06,0,0,0,0,0
53,45798,6,UDP,0.059,2,240,120.0,34.12,0,0,0,0,0
53,60942,6,UDP,0.043,2,236,118.0,46.69,0,0,0,0,0
0,0,4,OTHER,0.001,1,112,112.0,1000.0,0,0,0,0,0
53,55661,6,UDP,0.09,2,334,167.0,22.11,0,0,0,0,0
53,42492,6,UDP,0.048,2,358,179.0,41.71,0,0,0,0,0
53,38632,6,UDP,0.049,2,363,181.5,40.84,0,0,0,0,0
50902,443,6,TCP,26.215,158,125124,791.92,6.03,2,154,2,3,0
53,53046,6,UDP,0.002,2,288,144.0,1291.55,0,0,0,0,0
50916,443,6,TCP,5.984,23,7631,331.78,3.84,2,19,2,3,0
53,42545,6,UDP,0.079,2,238,119.0,25.17,0,0,0,0,0
53,56532,6,UDP,0.081,2,282,141.0,24.61,0,0,0,0,0
53,35516,6,UDP,0.053,2,326,163.0,37.39,0,0,0,0,0
53,46725,6,UDP,0.05,2,326,163.0,39.64,0,0,0,0,0
53,58286,6,UDP,0.051,2,318,159.0,39.56,0,0,0,0,0
53,35212,6,UDP,0.07,2,244,122.0,28.45,0,0,0,0,0
53,55622,6,UDP,0.042,2,244,122.0,47.41,0,0,0,0,0
53,35771,6,UDP,0.01,2,236,118.0,203.66,0,0,0,0,0
53,49882,6,UDP,0.002,2,236,118.0,1078.37,0,0,0,0,0
53,54595,6,UDP,0.002,2,244,122.0,1218.04,0,0,0,0,0
53,37897,6,UDP,0.002,2,244,122.0,1089.57,0,0,0,0,0
53,36252,6,UDP,0.048,2,412,206.0,41.83,0,0,0,0,0
53,40370,6,UDP,0.05,2,508,254.0,39.91,0,0,0,0,0
53,42901,6,UDP,0.048,2,366,183.0,41.91,0,0,0,0,0
53,56789,6,UDP,0.024,2,236,118.0,82.82,0,0,0,0,0
53,45316,6,UDP,0.026,2,236,118.0,75.73,0,0,0,0,0
49736,443,6,TCP,3.594,29,9426,325.03,8.07,2,25,2,3,0
53,51689,6,UDP,0.026,2,358,179.0,76.48,0,0,0,0,0
53,39430,6,UDP,0.024,2,244,122.0,82.33,0,0,0,0,0
53,35305,6,UDP,0.002,2,244,122.0,1314.21,0,0,0,0,0
49750,443,6,TCP,26.618,31,10399,335.45,1.16,2,30,2,0,0
123,44689,4,UDP,0.16,2,180,90.0,12.5,0,0,0,0,0
443,37830,4,TCP,1.121,26,8672,333.54,23.19,2,25,2,0,0
443,55174,6,TCP,10.858,28,8775,313.39,2.58,2,23,2,4,0
443,55032,6,TCP,11.572,33,11033,334.33,2.85,2,30,2,2,0
443,53716,6,TCP,10.823,31,8042,259.42,2.86,2,26,2,4,0
443,55044,6,TCP,0.855,24,7682,320.08,28.08,2,21,2,2,0
443,55184,6,TCP,0.626,20,6354,317.7,31.92,2,18,1,2,0
443,55046,6,TCP,0.754,20,6349,317.45,26.52,2,18,1,2,0
443,53722,6,TCP,0.888,22,6516,296.18,24.77,2,19,2,2,0
443,55050,6,TCP,0.461,6,532,88.67,13.03,2,5,2,0,0
53,55515,6,UDP,0.177,2,335,167.5,11.31,0,0,0,0,0
53,38503,6,UDP,0.263,2,353,176.5,7.59,0,0,0,0,0
53,40039,6,UDP,0.247,2,240,120.0,8.11,0,0,0,0,0
53,42710,6,UDP,0.383,2,337,168.5,5.23,0,0,0,0,0
53,40025,6,UDP,0.384,2,355,177.5,5.21,0,0,0,0,0
53,40865,6,UDP,0.204,2,240,120.0,9.81,0,0,0,0,0
53,58886,6,UDP,0.05,2,295,147.5,40.29,0,0,0,0,0
53,44806,6,UDP,0.029,2,341,170.5,68.26,0,0,0,0,0
53,41086,6,UDP,0.038,2,212,106.0,52.73,0,0,0,0,0
123,42528,4,UDP,0.13,2,180,90.0,15.42,0,0,0,0,0
53,36086,6,UDP,0.097,2,324,162.0,20.62,0,0,0,0,0
53,38397,6,UDP,0.081,2,379,189.5,24.77,0,0,0,0,0
53,60417,6,UDP,0.083,2,379,189.5,24.23,0,0,0,0,0
53,50275,6,UDP,0.05,2,232,116.0,40.05,0,0,0,0,0
53,53837,6,UDP,0.083,2,306,153.0,24.21,0,0,0,0,0
55510,443,4,TCP,6.155,22,7896,358.91,3.57,2,21,2,0,0
55514,443,4,TCP,4.512,28,11459,409.25,6.21,2,25,2,2,0
53,49407,6,UDP,0.193,2,252,126.0,10.36,0,0,0,0,0
53,45603,6,UDP,0.202,2,348,174.0,9.89,0,0,0,0,0
53,34376,6,UDP,0.186,2,343,171.5,10.73,0,0,0,0,0
53,42822,6,UDP,0.201,2,275,137.5,9.94,0,0,0,0,0
53,58944,6,UDP,0.215,2,258,129.0,9.32,0,0,0,0,0
53,52750,6,UDP,0.212,2,270,135.0,9.41,0,0,0,0,0
53,39064,6,UDP,0.142,2,256,128.0,14.1,0,0,0,0,0
53,36119,6,UDP,0.142,2,268,134.0,14.07,0,0,0,0,0
41294,443,6,TCP,18.107,67,20123,300.34,3.7,2,64,2,2,0
41308,443,6,TCP,0.774,28,10553,376.89,36.17,2,22,2,5,0
41322,443,6,TCP,0.415,7,618,88.29,16.88,2,6,2,0,0
53,42907,6,UDP,0.103,2,351,175.5,19.39,0,0,0,0,0
53,45862,6,UDP,0.153,2,363,181.5,13.08,0,0,0,0,0
53,55045,6,UDP,0.14,2,428,214.0,14.33,0,0,0,0,0
53,38066,6,UDP,0.002,2,355,177.5,1104.35,0,0,0,0,0
42168,443,6,TCP,17.122,49,9987,203.82,2.86,2,48,2,0,0
42176,443,6,TCP,0.255,3,262,87.33,11.74,2,1,0,1,0
42184,443,6,TCP,1.374,3,262,87.33,2.18,2,1,0,1,0
42196,443,6,TCP,0.609,18,5110,283.89,29.56,2,17,2,0,0
42210,443,6,TCP,0.097,3,262,87.33,30.97,2,1,0,1,0
42220,443,6,TCP,0.097,3,262,87.33,30.97,2,1,0,1,0
53,54871,6,UDP,0.156,2,306,153.0,12.84,0,0,0,0,0
53,35953,6,UDP,0.093,2,232,116.0,21.41,0,0,0,0,0
53,39697,6,UDP,0.084,2,348,174.0,23.7,0,0,0,0,0
53,56955,6,UDP,0.183,2,277,138.5,10.92,0,0,0,0,0
53,59383,6,UDP,0.18,2,485,242.5,11.09,0,0,0,0,0
53,52846,6,UDP,0.105,2,331,165.5,19.12,0,0,0,0,0
46934,443,6,TCP,1.71,33,14252,431.88,19.29,2,32,2,0,0
46940,443,6,TCP,1.888,27,10829,401.07,14.3,2,26,2,0,0
46954,443,6,TCP,2.157,28,10915,389.82,12.98,2,27,2,0,0
55522,443,4,TCP,5.283,25,10706,428.24,4.73,2,23,2,1,0
55528,443,4,TCP,6.117,22,7991,363.23,3.6,2,21,2,0,0
55530,443,4,TCP,5.848,24,8143,339.29,4.1,3,23,2,0,0
53535,443,6,UDP,13.87,20,29353,1467.65,1.44,0,0,0,0,0
53,54353,6,UDP,0.356,2,331,165.5,5.62,0,0,0,0,0
53,37450,6,UDP,0.44,2,300,150.0,4.55,0,0,0,0,0
53,47087,6,UDP,0.438,2,292,146.0,4.57,0,0,0,0,0
53,34351,6,UDP,0.357,2,261,130.5,5.61,0,0,0,0,0
53,59768,6,UDP,0.355,2,265,132.5,5.64,0,0,0,0,0
53,54333,6,UDP,0.456,2,296,148.0,4.38,0,0,0,0,0
53,53052,6,UDP,0.481,2,266,133.0,4.16,0,0,0,0,0
53,57781,6,UDP,0.317,2,272,136.0,6.31,0,0,0,0,0
53,47668,6,UDP,0.279,2,284,142.0,7.18,0,0,0,0,0
53,33276,6,UDP,0.279,2,232,116.0,7.17,0,0,0,0,0
53,38378,6,UDP,0.279,2,300,150.0,7.17,0,0,0,0,0
53,48570,6,UDP,0.306,2,275,137.5,6.53,0,0,0,0,0
53,34667,6,UDP,0.284,2,292,146.0,7.05,0,0,0,0,0
53,43767,6,UDP,0.259,2,317,158.5,7.73,0,0,0,0,0
53,47740,6,UDP,0.286,2,269,134.5,7.0,0,0,0,0,0
53,51355,6,UDP,0.286,2,281,140.5,6.98,0,0,0,0,0
53,34480,6,UDP,0.268,2,311,155.5,7.46,0,0,0,0,0
53,53915,6,UDP,0.269,2,258,129.0,7.44,0,0,0,0,0
53,60630,6,UDP,0.272,2,310,155.0,7.34,0,0,0,0,0
53,38665,6,UDP,0.294,2,324,162.0,6.8,0,0,0,0,0
53,54692,6,UDP,0.27,2,348,174.0,7.41,0,0,0,0,0
53,48000,6,UDP,0.268,2,365,182.5,7.47,0,0,0,0,0
53,44549,6,UDP,0.296,2,338,169.0,6.76,0,0,0,0,0
53,58027,6,UDP,0.281,2,362,181.0,7.11,0,0,0,0,0
53,50882,6,UDP,0.279,2,502,251.0,7.18,0,0,0,0,0
53,39571,6,UDP,0.295,2,358,179.0,6.77,0,0,0,0,0
53,44961,6,UDP,0.298,2,367,183.5,6.71,0,0,0,0,0
53,37079,6,UDP,0.228,2,282,141.0,8.79,0,0,0,0,0
53,60876,6,UDP,0.24,2,442,221.0,8.34,0,0,0,0,0
53,36960,6,UDP,0.26,2,506,253.0,7.68,0,0,0,0,0
53,48586,6,UDP,0.28,2,362,181.0,7.15,0,0,0,0,0
53,60141,6,UDP,0.291,2,261,130.5,6.87,0,0,0,0,0
53,41125,6,UDP,0.279,2,273,136.5,7.16,0,0,0,0,0
53,48437,6,UDP,0.326,2,246,123.0,6.14,0,0,0,0,0
53,35464,6,UDP,0.274,2,270,135.0,7.29,0,0,0,0,0
53,46267,6,UDP,0.312,2,214,107.0,6.4,0,0,0,0,0
53,52396,6,UDP,0.313,2,254,127.0,6.39,0,0,0,0,0
53,45459,6,UDP,0.311,2,305,152.5,6.44,0,0,0,0,0
53,45009,6,UDP,0.266,2,277,138.5,7.52,0,0,0,0,0
53,38374,6,UDP,0.247,2,269,134.5,8.09,0,0,0,0,0
53,56280,6,UDP,0.224,2,287,143.5,8.92,0,0,0,0,0
53,55698,6,UDP,0.193,2,212,106.0,10.37,0,0,0,0,0
53,45437,6,UDP,0.205,2,294,147.0,9.77,0,0,0,0,0
53,52515,6,UDP,0.173,2,300,150.0,11.59,0,0,0,0,0
53,45775,6,UDP,0.041,2,317,158.5,49.18,0,0,0,0,0
53,39011,6,UDP,0.028,2,380,190.0,72.49,0,0,0,0,0
53,51872,6,UDP,0.023,2,344,172.0,85.78,0,0,0,0,0
53,32921,6,UDP,0.023,2,358,179.0,86.95,0,0,0,0,0
53,38439,6,UDP,0.023,2,358,179.0,87.49,0,0,0,0,0
53,37068,6,UDP,0.011,2,272,136.0,182.17,0,0,0,0,0
35586,443,4,TCP,8.554,726,611490,842.27,84.87,2,725,2,0,0
35594,443,4,TCP,1.253,28,10259,366.39,22.34,2,27,2,0,0
53235,443,4,UDP,11.223,16,12177,761.06,1.43,0,0,0,0,0
53,55765,6,UDP,0.243,2,290,145.0,8.24,0,0,0,0,0
53,50630,6,UDP,0.176,2,367,183.5,11.38,0,0,0,0,0
35318,443,4,TCP,8.43,29,6168,212.69,3.44,3,28,2,0,0
53,42988,6,UDP,0.1,2,367,183.5,20.02,0,0,0,0,0
35328,443,4,TCP,1.542,11,4250,386.36,7.14,2,10,0,0,0
35336,443,4,TCP,1.536,15,4569,304.6,9.76,2,14,1,0,0
53,46905,6,UDP,0.064,2,306,153.0,31.1,0,0,0,0,0
53,41830,6,UDP,0.166,2,330,165.0,12.02,0,0,0,0,0
53,51226,6,UDP,0.161,2,338,169.0,12.4,0,0,0,0,0
53,43231,6,UDP,0.292,2,298,149.0,6.85,0,0,0,0,0
53,40515,6,UDP,0.29,2,458,229.0,6.9,0,0,0,0,0
53,41555,6,UDP,0.135,2,321,160.5,14.76,0,0,0,0,0
53,35043,6,UDP,0.132,2,300,150.0,15.2,0,0,0,0,0
53,51489,6,UDP,0.117,2,322,161.0,17.05,0,0,0,0,0
53,60746,6,UDP,0.076,2,355,177.5,26.26,0,0,0,0,0
53,50584,6,UDP,0.077,2,232,116.0,25.9,0,0,0,0,0
53,59423,6,UDP,0.076,2,285,142.5,26.34,0,0,0,0,0
53,46683,6,UDP,0.116,2,285,142.5,17.25,0,0,0,0,0
53,47441,6,UDP,0.094,2,291,145.5,21.25,0,0,0,0,0
53,44558,6,UDP,0.152,2,282,141.0,13.13,0,0,0,0,0
59722,443,4,UDP,3.117,52,39947,768.21,16.68,0,0,0,0,0
40800,443,4,TCP,3.78,32,10528,329.0,8.46,2,31,2,0,0
0,0,6,OTHER,0.026,2,164,82.0,77.54,0,0,0,0,0
53,47526,6,UDP,0.062,2,474,237.0,32.46,0,0,0,0,0
53,50627,6,UDP,0.109,2,386,193.0,18.27,0,0,0,0,0
53,40658,6,UDP,0.11,2,391,195.5,18.12,0,0,0,0,0
53,57111,6,UDP,0.082,2,272,136.0,24.51,0,0,0,0,0
53,60736,6,UDP,0.125,2,432,216.0,16.02,0,0,0,0,0
53,46581,6,UDP,0.066,2,292,146.0,30.18,0,0,0,0,0
53,59623,6,UDP,0.061,2,300,150.0,32.89,0,0,0,0,0
53,33771,6,UDP,0.029,2,331,165.5,68.96,0,0,0,0,0
53,43840,6,UDP,0.103,2,331,165.5,19.48,0,0,0,0,0
35860,443,6,TCP,5.13,194,153795,792.76,37.82,2,193,0,0,0
53,52819,6,UDP,0.002,2,238,119.0,939.9,0,0,0,0,0
53,37239,6,UDP,0.003,2,278,139.0,696.9,0,0,0,0,0
53,56397,6,UDP,0.041,2,284,142.0,48.67,0,0,0,0,0
35870,443,6,TCP,0.072,5,446,89.2,68.99,2,4,1,0,0
37288,443,4,TCP,0.498,19,5436,286.11,38.18,2,18,0,0,0
43864,443,6,UDP,0.084,10,12146,1214.6,119.51,0,0,0,0,0
53,50185,6,UDP,0.198,2,406,203.0,10.09,0,0,0,0,0
53,38580,6,UDP,0.002,2,376,188.0,833.2,0,0,0,0,0
53,58202,6,UDP,0.253,2,549,274.5,7.92,0,0,0,0,0
53,51874,6,UDP,0.249,2,351,175.5,8.05,0,0,0,0,0
53,36301,6,UDP,0.253,2,442,221.0,7.92,0,0,0,0,0
53,52792,6,UDP,0.106,2,357,178.5,18.82,0,0,0,0,0
53,46473,6,UDP,0.063,2,299,149.5,31.95,0,0,0,0,0
53,54499,6,UDP,0.001,2,288,144.0,1719.33,0,0,0,0,0
43916,443,6,TCP,0.539,23,10723,466.22,42.67,2,22,0,0,0
43602,443,6,TCP,0.3,22,10943,497.41,73.35,2,21,0,0,0
43918,443,6,TCP,1.519,30,11371,379.03,19.76,2,29,2,0,0
43924,443,6,TCP,1.786,28,11199,399.96,15.68,2,27,2,1,0
43932,443,6,TCP,1.959,30,11359,378.63,15.32,2,28,1,2,0
43948,443,6,TCP,1.303,30,11359,378.63,23.02,2,29,2,0,0
43962,443,6,TCP,3.561,129,52888,409.98,36.22,2,128,0,0,0
43968,443,6,TCP,1.503,31,11445,369.19,20.62,2,30,2,0,0
53,55499,6,UDP,0.09,2,446,223.0,22.26,0,0,0,0,0
53,46835,6,UDP,0.047,2,392,196.0,42.75,0,0,0,0,0
53,51375,6,UDP,0.127,2,392,196.0,15.74,0,0,0,0,0
53,54437,6,UDP,0.22,2,262,131.0,9.08,0,0,0,0,0
53,56927,6,UDP,0.142,2,343,171.5,14.1,0,0,0,0,0
53,32966,6,UDP,0.092,2,299,149.5,21.71,0,0,0,0,0
53,52322,6,UDP,0.108,2,343,171.5,18.55,0,0,0,0,0
53,53894,6,UDP,0.001,2,262,131.0,1835.98,0,0,0,0,0
53,51370,6,UDP,0.109,2,299,149.5,18.4,0,0,0,0,0
44430,443,4,TCP,1.649,25,9530,381.2,15.16,2,24,0,0,0
53,60596,6,UDP,0.065,2,218,109.0,30.68,0,0,0,0,0
53,56983,6,UDP,0.002,2,264,132.0,818.88,0,0,0,0,0
53,42453,6,UDP,0.002,2,264,132.0,1105.07,0,0,0,0,0
53,57566,6,UDP,0.116,2,299,149.5,17.31,0,0,0,0,0
53,42606,6,UDP,0.002,2,299,149.5,1079.75,0,0,0,0,0
53,44839,6,UDP,0.002,2,299,149.5,1162.34,0,0,0,0,0
53,43449,6,UDP,0.045,2,299,149.5,44.63,0,0,0,0,0
53,56603,6,UDP,0.002,2,299,149.5,808.93,0,0,0,0,0
53,47250,6,UDP,0.054,2,299,149.5,36.89,0,0,0,0,0
53,53138,6,UDP,0.003,2,299,149.5,697.6,0,0,0,0,0
53,60506,6,UDP,0.018,2,299,149.5,110.02,0,0,0,0,0
43604,443,6,TCP,0.889,30,10152,338.4,33.75,2,28,1,2,0
43612,443,6,TCP,1.669,76,54500,717.11,45.53,2,75,0,0,0
43624,443,6,TCP,0.778,30,11372,379.07,38.57,2,29,2,0,0
43634,443,6,TCP,0.164,28,11200,400.0,171.18,2,27,2,0,0
43648,443,6,TCP,0.825,28,10023,357.96,33.94,2,27,2,0,0
43660,443,6,TCP,0.826,30,10190,339.67,36.32,2,26,2,3,0
53,48844,6,UDP,0.045,2,299,149.5,44.34,0,0,0,0,0
53,54960,6,UDP,0.021,2,299,149.5,94.87,0,0,0,0,0
53,57574,6,UDP,0.054,2,299,149.5,37.21,0,0,0,0,0
53,42141,6,UDP,0.06,2,299,149.5,33.18,0,0,0,0,0
53,32975,6,UDP,0.016,2,299,149.5,121.29,0,0,0,0,0
53,35777,6,UDP,0.001,2,299,149.5,1533.29,0,0,0,0,0
53,55151,6,UDP,0.006,2,299,149.5,353.4,0,0,0,0,0
33364,443,6,UDP,0.27,23,40370,1755.22,85.16,0,0,0,0,0
34675,443,6,UDP,0.989,64,156579,2446.55,64.71,0,0,0,0,0
53,56975,6,UDP,0.002,2,299,149.5,1295.74,0,0,0,0,0
53,34907,6,UDP,0.023,2,299,149.5,85.72,0,0,0,0,0
53,38839,6,UDP,0.027,2,299,149.5,72.74,0,0,0,0,0
53,45466,6,UDP,0.054,2,299,149.5,36.96,0,0,0,0,0
53,33834,6,UDP,0.009,2,299,149.5,217.18,0,0,0,0,0
53,39189,6,UDP,0.146,2,299,149.5,13.7,0,0,0,0,0
53,59207,6,UDP,0.001,2,299,149.5,1591.16,0,0,0,0,0
53,35285,6,UDP,0.001,1,109,109.0,1000.0,0,0,0,0,0
0,0,4,OTHER,598.489,99,6138,62.0,0.17,0,0,0,0,0
0,0,4,OTHER,594.023,99,5940,60.0,0.17,0,0,0,0,0
0,0,6,OTHER,594.031,228,22380,98.16,0.38,0,0,0,0,0
0,0,4,OTHER,594.93,209,12828,61.38,0.35,0,0,0,0,0
0,0,6,OTHER,594.929,219,27470,125.43,0.37,0,0,0,0,0
0,0,6,OTHER,588.552,119,15470,130.0,0.2,0,0,0,0,0
53,50948,4,UDP,0.03,2,228,114.0,66.41,0,0,0,0,0
53,51817,4,UDP,0.03,2,240,120.0,66.15,0,0,0,0,0
53,42651,4,UDP,94.044,4,544,136.0,0.04,0,0,0,0,0
60534,443,6,TCP,173.643,51,15265,299.31,0.29,2,50,2,0,0
53,52165,4,UDP,0.058,2,301,150.5,34.59,0,0,0,0,0
53,59838,4,UDP,0.06,2,313,156.5,33.24,0,0,0,0,0
53,53394,4,UDP,0.06,2,375,187.5,33.57,0,0,0,0,0
53,44903,4,UDP,0.026,2,319,159.5,76.87,0,0,0,0,0
37206,80,6,TCP,175.321,45,5084,112.98,0.26,2,44,2,0,0
53,48970,4,UDP,0.153,2,224,112.0,13.11,0,0,0,0,0
53,46152,4,UDP,0.138,2,236,118.0,14.47,0,0,0,0,0
53,37886,4,UDP,0.161,2,269,134.5,12.39,0,0,0,0,0
41686,443,6,TCP,170.775,40,11870,296.75,0.23,2,36,2,3,0
53,45057,4,UDP,0.163,2,247,123.5,12.24,0,0,0,0,0
53,48324,4,UDP,0.14,2,248,124.0,14.3,0,0,0,0,0
53,47360,4,UDP,0.141,2,260,130.0,14.15,0,0,0,0,0
42228,443,6,TCP,171.598,87,44155,507.53,0.51,2,83,2,3,0
53,54879,4,UDP,0.042,2,296,148.0,47.98,0,0,0,0,0
53,46412,4,UDP,0.027,2,368,184.0,75.17,0,0,0,0,0
80,43500,4,TCP,0.558,10,954,95.4,17.92,2,8,2,1,0
46782,80,6,TCP,0.001,1,94,94.0,1000.0,1,0,0,0,0
53,60059,4,UDP,0.049,2,268,134.0,40.83,0,0,0,0,0
53,56291,4,UDP,0.05,2,280,140.0,40.38,0,0,0,0,0
53,47033,4,UDP,0.038,2,279,139.5,52.78,0,0,0,0,0
53,50435,4,UDP,0.038,2,291,145.5,52.63,0,0,0,0,0
53,54862,4,UDP,0.055,2,324,162.0,36.11,0,0,0,0,0
42238,443,6,TCP,170.777,43,9170,213.26,0.25,2,40,2,2,0
53,33980,4,UDP,0.073,2,247,123.5,27.31,0,0,0,0,0
41702,443,6,TCP,4.937,31,9425,304.03,6.28,2,26,2,4,0
37522,80,6,TCP,0.001,1,94,94.0,1000.0,1,0,0,0,0
41714,443,6,TCP,22.984,29,9253,319.07,1.26,2,24,1,5,0
41724,443,6,TCP,170.664,42,10631,253.12,0.25,2,38,2,3,0
41730,443,6,TCP,0.725,29,9265,319.48,40.0,2,25,2,3,0
53,36505,4,UDP,0.034,2,250,125.0,59.56,0,0,0,0,0
53,56455,4,UDP,0.09,2,327,163.5,22.2,0,0,0,0,0
53,33567,4,UDP,0.088,2,327,163.5,22.7,0,0,0,0,0
50518,443,4,TCP,1.167,27,7821,289.67,23.13,2,22,1,5,0
50532,443,4,TCP,0.97,28,7875,281.25,28.87,2,22,2,5,0
53,58446,4,UDP,0.095,2,250,125.0,21.15,0,0,0,0,0
52564,80,6,TCP,1.272,11,1246,113.27,8.64,2,10,3,0,0
53,55451,4,UDP,0.096,2,327,163.5,20.9,0,0,0,0,0
50546,443,4,TCP,226.566,100,21326,213.26,0.44,2,99,2,0,0
50558,443,4,TCP,0.799,26,7603,292.42,32.54,2,21,3,4,0
48664,443,4,TCP,171.408,38,8799,231.55,0.22,2,37,2,0,0
50560,443,4,TCP,1.123,28,7844,280.14,24.93,2,22,2,5,0
50568,443,4,TCP,1.124,25,7706,308.24,22.24,2,24,2,0,0
53,59833,4,UDP,0.083,2,311,155.5,23.98,0,0,0,0,0
53,53608,4,UDP,0.124,2,323,161.5,16.12,0,0,0,0,0
53,49584,4,UDP,0.091,2,388,194.0,22.08,0,0,0,0,0
53,58570,4,UDP,0.004,2,315,157.5,539.53,0,0,0,0,0
42246,443,6,TCP,524.201,583,257944,442.44,1.11,2,582,0,0,0
42258,443,6,TCP,0.393,23,7801,339.17,58.59,2,19,2,3,0
42268,443,6,TCP,5.084,21,7665,365.0,4.13,2,18,1,3,0
42278,443,6,TCP,0.672,21,7677,365.57,31.26,2,19,1,2,0
42292,443,6,TCP,10.949,26,8071,310.42,2.37,2,21,2,4,0
42300,443,6,TCP,0.745,22,7775,353.41,29.54,2,21,2,0,0
52691,123,4,UDP,0.227,2,180,90.0,8.83,0,0,0,0,0
123,52714,4,UDP,0.25,2,180,90.0,8.01,0,0,0,0,0
53,41796,4,UDP,0.048,2,216,108.0,41.42,0,0,0,0,0
53,47112,4,UDP,0.049,2,228,114.0,41.14,0,0,0,0,0
41742,443,6,TCP,570.151,258,79848,309.49,0.45,2,257,0,0,0
53,60200,4,UDP,0.131,2,462,231.0,15.28,0,0,0,0,0
53,52393,4,UDP,0.288,2,318,159.0,6.94,0,0,0,0,0
53,42721,4,UDP,0.227,2,221,110.5,8.81,0,0,0,0,0
53,43745,4,UDP,0.314,2,466,233.0,6.36,0,0,0,0,0
53,44015,4,UDP,0.13,2,322,161.0,15.42,0,0,0,0,0
53,33533,4,UDP,0.13,2,225,112.5,15.38,0,0,0,0,0
53,34640,4,UDP,0.238,2,221,110.5,8.42,0,0,0,0,0
53,52521,4,UDP,0.233,2,233,116.5,8.58,0,0,0,0,0
53,37488,4,UDP,0.233,2,256,128.0,8.57,0,0,0,0,0
53,43266,4,UDP,182.006,4,438,109.5,0.02,0,0,0,0,0
53,55941,4,UDP,0.302,2,230,115.0,6.62,0,0,0,0,0
53,43898,4,UDP,0.267,2,322,161.0,7.49,0,0,0,0,0
53,59389,4,UDP,0.191,2,174,87.0,10.47,0,0,0,0,0
53,33939,4,UDP,0.268,2,214,107.0,7.48,0,0,0,0,0
53,56386,4,UDP,37.92,4,489,122.25,0.11,0,0,0,0,0
53,38949,4,UDP,0.306,2,232,116.0,6.54,0,0,0,0,0
53,49602,4,UDP,0.337,2,244,122.0,5.93,0,0,0,0,0
53,37038,4,UDP,0.335,2,277,138.5,5.97,0,0,0,0,0
53,51705,4,UDP,0.25,2,229,114.5,7.99,0,0,0,0,0
53,55111,4,UDP,0.173,2,241,120.5,11.54,0,0,0,0,0
53,39860,4,UDP,0.21,2,271,135.5,9.54,0,0,0,0,0
53,54505,4,UDP,0.171,2,218,109.0,11.7,0,0,0,0,0
53,50475,4,UDP,0.289,2,242,121.0,6.91,0,0,0,0,0
53,54537,4,UDP,0.287,2,255,127.5,6.96,0,0,0,0,0
53,55682,4,UDP,0.237,2,284,142.0,8.44,0,0,0,0,0
53,42901,4,UDP,0.291,2,308,154.0,6.87,0,0,0,0,0
53,35624,4,UDP,0.237,2,325,162.5,8.45,0,0,0,0,0
53,43137,4,UDP,0.289,2,298,149.0,6.92,0,0,0,0,0
53,41632,4,UDP,453.823,4,587,146.75,0.01,0,0,0,0,0
53,41419,4,UDP,0.285,2,327,163.5,7.01,0,0,0,0,0
53,49930,4,UDP,0.262,2,242,121.0,7.64,0,0,0,0,0
53,45259,4,UDP,0.278,2,402,201.0,7.2,0,0,0,0,0
53,50804,4,UDP,0.231,2,265,132.5,8.67,0,0,0,0,0
53,48656,4,UDP,0.227,2,266,133.0,8.79,0,0,0,0,0
53,35056,4,UDP,0.234,2,290,145.0,8.56,0,0,0,0,0
53,50485,4,UDP,0.25,2,229,114.5,7.99,0,0,0,0,0
53,51115,4,UDP,0.222,2,298,149.0,9.0,0,0,0,0,0
53,49759,4,UDP,0.247,2,258,129.0,8.09,0,0,0,0,0
53,45285,4,UDP,0.284,2,418,209.0,7.04,0,0,0,0,0
53,43511,4,UDP,0.249,2,281,140.5,8.03,0,0,0,0,0
53,45380,4,UDP,0.248,2,282,141.0,8.06,0,0,0,0,0
53,43723,4,UDP,0.286,2,306,153.0,7.0,0,0,0,0,0
53,59459,4,UDP,0.178,2,315,157.5,11.22,0,0,0,0,0
123,50129,4,UDP,0.001,1,90,90.0,1000.0,0,0,0,0,0
53,46814,4,UDP,0.218,2,192,96.0,9.16,0,0,0,0,0
53,60563,4,UDP,0.173,2,254,127.0,11.57,0,0,0,0,0
53,45225,4,UDP,0.205,2,245,122.5,9.75,0,0,0,0,0
53,50131,4,UDP,0.172,2,245,122.5,11.6,0,0,0,0,0
53,51212,4,UDP,0.174,2,322,161.0,11.51,0,0,0,0,0
53,37983,4,UDP,0.174,2,346,173.0,11.49,0,0,0,0,0
53,57745,4,UDP,0.148,2,247,123.5,13.49,0,0,0,0,0
53,34881,4,UDP,0.171,2,351,175.5,11.69,0,0,0,0,0
53,39083,4,UDP,0.124,2,260,130.0,16.09,0,0,0,0,0
53,56122,4,UDP,0.104,2,260,130.0,19.26,0,0,0,0,0
53,37941,4,UDP,0.154,2,232,116.0,13.0,0,0,0,0,0
53,54985,4,UDP,0.15,2,392,196.0,13.36,0,0,0,0,0
53,35990,4,UDP,486.52,4,440,110.0,0.01,0,0,0,0,0
53,54210,4,UDP,0.11,2,198,99.0,18.17,0,0,0,0,0
53,55113,4,UDP,0.109,2,238,119.0,18.35,0,0,0,0,0
53,34247,4,UDP,0.136,2,244,122.0,14.74,0,0,0,0,0
53,47133,4,UDP,0.163,2,178,89.0,12.23,0,0,0,0,0
53,40933,4,UDP,0.133,2,224,112.0,15.08,0,0,0,0,0
53,42477,4,UDP,0.128,2,224,112.0,15.62,0,0,0,0,0
53,48266,4,UDP,0.156,2,251,125.5,12.79,0,0,0,0,0
53,52723,4,UDP,0.126,2,233,116.5,15.9,0,0,0,0,0
53,55517,4,UDP,0.124,2,275,137.5,16.16,0,0,0,0,0
53,38734,4,UDP,0.001,1,90,90.0,1000.0,0,0,0,0,0
53,43802,4,UDP,0.001,1,79,79.0,1000.0,0,0,0,0,0
53,45799,4,UDP,0.001,1,79,79.0,1000.0,0,0,0,0,0
53,57375,4,UDP,0.001,1,79,79.0,1000.0,0,0,0,0,0
53,43441,4,UDP,0.001,1,93,93.0,1000.0,0,0,0,0,0
53,52471,4,UDP,0.001,1,93,93.0,1000.0,0,0,0,0,0
53,57937,4,UDP,0.001,1,82,82.0,1000.0,0,0,0,0,0
53,36293,4,UDP,0.001,1,98,98.0,1000.0,0,0,0,0,0
53,60217,4,UDP,0.001,1,82,82.0,1000.0,0,0,0,0,0
53,56173,4,UDP,0.001,1,82,82.0,1000.0,0,0,0,0,0
53,46347,4,UDP,0.001,1,93,93.0,1000.0,0,0,0,0,0
53,44137,4,UDP,0.001,1,86,86.0,1000.0,0,0,0,0,0
53,37587,4,UDP,0.001,1,86,86.0,1000.0,0,0,0,0,0
53,46548,4,UDP,0.001,1,86,86.0,1000.0,0,0,0,0,0
53,39233,4,UDP,0.001,1,85,85.0,1000.0,0,0,0,0,0
53,54447,4,UDP,0.001,1,85,85.0,1000.0,0,0,0,0,0
53,37229,4,UDP,0.001,1,85,85.0,1000.0,0,0,0,0,0
53,35923,4,UDP,0.001,1,88,88.0,1000.0,0,0,0,0,0
53,33722,4,UDP,0.001,1,88,88.0,1000.0,0,0,0,0,0
53,59534,4,UDP,0.031,2,241,120.5,64.67,0,0,0,0,0
53,36731,4,UDP,0.001,1,94,94.0,1000.0,0,0,0,0,0
40415,123,4,UDP,0.0,2,180,90.0,9279.43,0,0,0,0,0
0,0,6,OTHER,575.168,32,2624,82.0,0.06,0,0,0,0,0
36397,123,4,UDP,0.0,2,180,90.0,10485.76,0,0,0,0,0
42015,123,4,UDP,0.252,2,180,90.0,7.94,0,0,0,0,0
53,37013,4,UDP,0.128,2,196,98.0,15.61,0,0,0,0,0
53,59551,4,UDP,0.096,2,208,104.0,20.78,0,0,0,0,0
53,42084,4,UDP,0.118,2,253,126.5,17.01,0,0,0,0,0
49494,443,6,TCP,171.081,45,13363,296.96,0.26,2,41,2,3,0
49506,443,6,TCP,0.191,30,10781,359.37,157.19,2,24,2,5,0
49510,443,6,TCP,5.008,31,10855,350.16,6.19,2,24,2,6,0
49512,443,6,TCP,0.5,32,10965,342.66,64.0,2,26,2,5,0
53,50285,4,UDP,0.091,2,208,104.0,22.09,0,0,0,0,0
53,45135,4,UDP,0.087,2,273,136.5,23.03,0,0,0,0,0
123,58753,4,UDP,0.111,2,180,90.0,17.98,0,0,0,0,0
59834,443,4,TCP,170.538,28,7839,279.96,0.16,2,27,1,0,0
59850,443,4,TCP,349.51,25,6362,254.48,0.07,2,24,0,0,0
123,57702,4,UDP,0.045,2,180,90.0,44.59,0,0,0,0,0
57621,57621,4,UDP,573.871,22,1892,86.0,0.04,0,0,0,0,0
59180,443,4,UDP,0.101,14,9605,686.07,138.29,0,0,0,0,0
123,47476,4,UDP,0.052,2,180,90.0,38.76,0,0,0,0,0
123,46289,4,UDP,0.29,2,180,90.0,6.89,0,0,0,0,0
54100,123,4,UDP,0.407,2,180,90.0,4.91,0,0,0,0,0
123,37982,4,UDP,0.406,2,180,90.0,4.92,0,0,0,0,0
53,56069,4,UDP,0.278,2,192,96.0,7.18,0,0,0,0,0
53,36656,4,UDP,0.241,2,260,130.0,8.28,0,0,0,0,0
53,49378,4,UDP,0.279,2,260,130.0,7.16,0,0,0,0,0
53,53845,4,UDP,0.258,2,235,117.5,7.74,0,0,0,0,0
53,57608,4,UDP,0.278,2,252,126.0,7.2,0,0,0,0,0
53,47646,4,UDP,0.279,2,252,126.0,7.18,0,0,0,0,0
53,37640,4,UDP,0.28,2,229,114.5,7.15,0,0,0,0,0
53,41685,4,UDP,0.262,2,221,110.5,7.63,0,0,0,0,0
53,49078,4,UDP,0.264,2,263,131.5,7.59,0,0,0,0,0
53,56617,4,UDP,0.262,2,263,131.5,7.62,0,0,0,0,0
443,50798,6,TCP,2.076,27,11373,421.22,13.0,2,25,1,2,0
443,50804,6,TCP,2.014,27,11372,421.19,13.41,2,25,1,2,0
443,50806,6,TCP,4.006,90,59076,656.4,22.46,2,89,2,0,0
53,59994,4,UDP,0.212,2,277,138.5,9.44,0,0,0,0,0
53,37643,4,UDP,0.205,2,340,170.0,9.77,0,0,0,0,0
53,60384,4,UDP,0.141,2,172,86.0,14.17,0,0,0,0,0
53,35644,4,UDP,0.155,2,237,118.5,12.93,0,0,0,0,0
53,53713,4,UDP,0.152,2,245,122.5,13.15,0,0,0,0,0
53,53506,4,UDP,0.142,2,184,92.0,14.13,0,0,0,0,0
53,40348,4,UDP,0.123,2,232,116.0,16.26,0,0,0,0,0
123,54378,4,UDP,0.222,2,180,90.0,9.02,0,0,0,0,0
46044,443,4,TCP,534.469,322,89714,278.61,0.6,2,321,0,0,0
59811,123,4,UDP,0.153,2,180,90.0,13.11,0,0,0,0,0
53,43791,4,UDP,0.094,2,196,98.0,21.35,0,0,0,0,0
53,42076,4,UDP,0.098,2,192,96.0,20.35,0,0,0,0,0
53,48773,4,UDP,0.109,2,223,111.5,18.32,0,0,0,0,0
53,60704,4,UDP,0.098,2,200,100.0,20.32,0,0,0,0,0
53,43248,4,UDP,0.107,2,225,112.5,18.62,0,0,0,0,0
41980,80,4,TCP,5.9,6,420,70.0,1.02,3,5,1,0,0
53242,80,6,TCP,167.104,45,4954,110.09,0.27,2,44,2,0,0
123,59372,4,UDP,0.073,2,180,90.0,27.46,0,0,0,0,0
41990,80,4,TCP,166.881,45,4054,90.09,0.27,2,44,2,0,0
123,35151,4,UDP,0.296,2,180,90.0,6.77,0,0,0,0,0
443,52967,6,UDP,262.777,1515,3780027,2495.07,5.77,0,0,0,0,0
53,35612,4,UDP,0.075,2,206,103.0,26.5,0,0,0,0,0
53,52040,4,UDP,0.076,2,218,109.0,26.34,0,0,0,0,0
53,42810,4,UDP,0.096,2,247,123.5,20.75,0,0,0,0,0
53,37900,4,UDP,0.128,2,198,99.0,15.65,0,0,0,0,0
53,57270,4,UDP,0.096,2,210,105.0,20.87,0,0,0,0,0
53,48658,4,UDP,0.103,2,239,119.5,19.51,0,0,0,0,0
53,46641,4,UDP,0.122,2,212,106.0,16.35,0,0,0,0,0
53,54164,4,UDP,0.121,2,224,112.0,16.55,0,0,0,0,0
443,43968,6,TCP,15.44,34,8073,237.44,2.2,2,33,2,0,0
443,43978,6,TCP,0.861,20,8173,408.65,23.23,1,19,2,0,0
443,43992,6,TCP,0.785,19,8087,425.63,24.19,1,18,2,0,0
443,51524,6,TCP,7.225,286,204000,713.29,39.59,2,285,2,0,0
443,51646,6,TCP,95.745,2549,1856933,728.49,26.62,0,2545,1,4,0
443,44748,6,UDP,0.139,11,12869,1169.91,79.06,0,0,0,0,0
443,59465,6,UDP,0.165,13,13041,1003.15,78.89,0,0,0,0,0
53,47042,4,UDP,0.026,2,192,96.0,77.04,0,0,0,0,0
53,58659,4,UDP,0.034,2,204,102.0,59.3,0,0,0,0,0
53,53623,4,UDP,0.032,2,201,100.5,61.69,0,0,0,0,0
443,59624,6,UDP,54.649,135,89926,666.12,2.47,0,0,0,0,0
53,36851,4,UDP,0.09,2,260,130.0,22.14,0,0,0,0,0
53,37269,4,UDP,0.09,2,224,112.0,22.15,0,0,0,0,0
53,49225,4,UDP,0.066,2,221,110.5,30.42,0,0,0,0,0
443,58321,6,UDP,11.713,57,19324,339.02,4.87,0,0,0,0,0
443,51452,6,TCP,170.694,36,11560,321.11,0.21,2,35,2,0,0
53,52026,4,UDP,0.021,2,237,118.5,94.37,0,0,0,0,0
53,54993,4,UDP,0.039,2,249,124.5,50.79,0,0,0,0,0
53,35695,4,UDP,0.031,2,278,139.0,65.14,0,0,0,0,0
53,56352,4,UDP,0.023,2,271,135.5,86.41,0,0,0,0,0
443,40852,6,TCP,8.01,66,39239,594.53,8.24,2,65,2,0,0
443,40854,6,TCP,0.851,20,11872,593.6,23.49,2,19,0,0,0
53,47955,4,UDP,0.144,2,352,176.0,13.91,0,0,0,0,0
53,53499,4,UDP,0.098,2,304,152.0,20.37,0,0,0,0,0
53,39027,4,UDP,0.07,2,249,124.5,28.75,0,0,0,0,0
53,52839,4,UDP,0.115,2,225,112.5,17.42,0,0,0,0,0
53,52893,4,UDP,0.154,2,344,172.0,12.97,0,0,0,0,0
53,34253,4,UDP,0.156,2,280,140.0,12.79,0,0,0,0,0
443,35212,6,TCP,1.471,32,14975,467.97,21.75,2,30,1,2,0
443,35228,6,TCP,9.31,35,15207,434.49,3.76,2,31,1,4,0
443,41964,6,TCP,4.422,33,16209,491.18,7.46,2,28,2,4,0
443,41970,6,TCP,1.018,31,14894,480.45,30.45,2,29,1,2,0
443,41972,6,TCP,6.238,243,173334,713.31,38.96,2,239,1,3,0
443,41974,6,TCP,0.662,32,16165,505.16,48.36,2,31,2,0,0
443,41982,6,TCP,1.74,35,16453,470.09,20.11,2,32,2,2,0
443,35230,6,TCP,4.446,33,15050,456.06,7.42,2,32,2,0,0
443,35244,6,TCP,40.357,209,138257,661.52,5.18,2,197,0,11,0
443,41992,6,TCP,36.275,48,17669,368.1,1.32,2,38,8,9,0
443,35250,6,TCP,1.563,36,15296,424.89,23.03,2,32,2,3,0
443,35256,6,TCP,1.458,33,16249,492.39,22.63,2,32,2,0,0
443,53443,6,UDP,0.0,3,985,328.33,8823.92,0,0,0,0,0
443,45247,6,UDP,0.028,4,498,124.5,144.75,0,0,0,0,0
443,38524,6,UDP,60.62,85,83837,986.32,1.4,0,0,0,0,0
443,33032,6,TCP,0.511,19,7310,384.74,37.18,0,16,2,3,0
443,33020,6,TCP,0.561,19,7310,384.74,33.87,0,16,2,3,0
443,54944,6,UDP,20.086,47,73431,1562.36,2.34,0,0,0,0,0
443,33042,6,TCP,0.697,25,6833,273.32,35.85,2,24,2,0,0
443,33044,6,TCP,0.203,26,6917,266.04,128.3,2,25,2,0,0
53,56073,4,UDP,0.101,2,324,162.0,19.85,0,0,0,0,0
53,42286,4,UDP,0.114,2,276,138.0,17.48,0,0,0,0,0
53,51229,4,UDP,0.116,2,221,110.5,17.3,0,0,0,0,0
443,36346,6,TCP,5.229,33,11797,357.48,6.31,1,32,2,0,0
443,55473,6,UDP,58.447,356,1551036,4356.84,6.09,0,0,0,0,0
53,46761,4,UDP,0.055,2,196,98.0,36.08,0,0,0,0,0
53,50564,4,UDP,0.055,2,208,104.0,36.12,0,0,0,0,0
53,47744,4,UDP,0.054,2,230,115.0,36.82,0,0,0,0,0
443,34302,6,TCP,0.505,47,15679,333.6,93.16,2,46,2,0,0
443,34318,6,TCP,0.351,14,4757,339.79,39.88,2,12,2,1,0
443,46946,6,UDP,0.548,22,18254,829.73,40.12,0,0,0,0,0
53,55285,4,UDP,0.025,2,195,97.5,79.83,0,0,0,0,0
53,47303,4,UDP,0.042,2,298,149.0,47.56,0,0,0,0,0
53,59880,4,UDP,0.029,2,394,197.0,68.59,0,0,0,0,0
443,42675,6,UDP,5.18,29,39366,1357.45,5.6,0,0,0,0,0
443,47876,6,TCP,0.15,26,6929,266.5,172.91,2,25,2,0,0
53,48841,4,UDP,0.03,2,254,127.0,66.76,0,0,0,0,0
53,45535,4,UDP,0.03,2,266,133.0,66.26,0,0,0,0,0
53,54279,4,UDP,0.028,2,260,130.0,70.29,0,0,0,0,0
58047,443,6,UDP,0.958,23,16258,706.87,24.01,0,0,0,0,0
41530,443,6,TCP,6.234,23,8660,376.52,3.69,2,22,2,0,0
41534,443,6,TCP,6.237,21,8477,403.67,3.37,2,20,2,0,0
443,54440,4,TCP,5.914,22,8123,369.23,3.72,2,21,2,0,0
443,54454,4,TCP,5.915,22,8122,369.18,3.72,2,21,2,0,0
53,58292,4,UDP,0.042,2,254,127.0,47.83,0,0,0,0,0
53,54223,4,UDP,0.042,2,266,133.0,47.86,0,0,0,0,0
53,46902,4,UDP,0.036,2,260,130.0,54.82,0,0,0,0,0
443,49791,6,UDP,1.271,32,19642,613.81,25.17,0,0,0,0,0
443,60930,6,TCP,6.115,22,8574,389.73,3.6,2,21,2,0,0
443,60944,6,TCP,6.088,21,8489,404.24,3.45,2,20,2,0,0
5353,5353,4,UDP,521.908,86,7035,81.8,0.16,0,0,0,0,0
53,35658,4,UDP,0.036,2,199,99.5,55.73,0,0,0,0,0
53,40827,4,UDP,0.045,2,190,95.0,43.97,0,0,0,0,0
53,58107,4,UDP,0.046,2,202,101.0,43.6,0,0,0,0,0
443,47732,6,UDP,0.327,17,14357,844.53,51.93,0,0,0,0,0
443,45110,6,TCP,170.632,40,11683,292.07,0.23,2,39,2,0,0
443,39284,6,UDP,0.087,11,12865,1169.55,126.22,0,0,0,0,0
443,47882,6,TCP,0.227,28,7120,254.29,123.1,2,27,2,0,0
137,137,4,UDP,308.108,8,736,92.0,0.03,0,0,0,0,0
137,137,4,UDP,3.967,6,552,92.0,1.51,0,0,0,0,0
59486,5355,4,UDP,0.438,2,138,69.0,4.56,0,0,0,0,0
49397,5355,4,UDP,0.438,2,138,69.0,4.57,0,0,0,0,0
53,35193,4,UDP,0.09,2,180,90.0,22.15,0,0,0,0,0
53,39177,4,UDP,0.09,2,192,96.0,22.1,0,0,0,0,0
53,46792,4,UDP,0.09,2,179,89.5,22.26,0,0,0,0,0
443,44864,6,TCP,170.328,39,13975,358.33,0.23,2,38,2,0,0
443,44866,6,TCP,0.393,25,9870,394.8,63.58,2,24,2,0,0
443,56065,6,UDP,0.109,12,11918,993.17,109.88,0,0,0,0,0
443,47896,6,TCP,0.156,24,6757,281.54,153.43,2,23,2,0,0
53,60748,4,UDP,0.001,2,188,94.0,1551.43,0,0,0,0,0
53,53737,4,UDP,0.001,2,200,100.0,1374.96,0,0,0,0,0
53,42518,4,UDP,0.025,2,229,114.5,78.79,0,0,0,0,0
443,45754,6,TCP,2.388,80,26494,331.18,33.5,2,79,2,0,0
443,45760,6,TCP,4.295,27,10313,381.96,6.29,2,23,2,3,0
443,34467,6,UDP,0.105,10,12631,1263.1,95.64,0,0,0,0,0
443,47906,6,TCP,0.242,26,6917,266.04,107.26,2,25,2,0,0
443,47916,6,TCP,0.275,28,7120,254.29,101.74,2,27,2,0,0
53412,5355,4,UDP,0.417,2,138,69.0,4.79,0,0,0,0,0
60927,5355,4,UDP,0.417,2,138,69.0,4.8,0,0,0,0,0
443,39887,6,UDP,34.716,29,20595,710.17,0.84,0,0,0,0,0
53,33419,4,UDP,0.036,2,218,109.0,55.57,0,0,0,0,0
53,35783,4,UDP,0.036,2,214,107.0,55.29,0,0,0,0,0
53,39916,4,UDP,0.044,2,246,123.0,45.03,0,0,0,0,0
443,47562,6,TCP,0.661,36,10992,305.33,54.48,2,35,2,0,0
443,47566,6,TCP,0.534,22,8814,400.64,41.22,2,20,1,2,0
138,138,4,UDP,304.113,2,450,225.0,0.01,0,0,0,0,0
443,50058,6,UDP,0.117,13,12851,988.54,111.08,0,0,0,0,0
53,57673,4,UDP,0.035,2,308,154.0,57.77,0,0,0,0,0
53,33830,4,UDP,0.03,2,240,120.0,67.33,0,0,0,0,0
53,53022,4,UDP,0.055,2,269,134.5,36.3,0,0,0,0,0
443,33190,6,TCP,1.164,28,11488,410.29,24.06,2,27,2,0,0
443,33200,6,TCP,1.398,42,14993,356.98,30.05,2,41,2,0,0
443,33206,6,TCP,3.891,50,16009,320.18,12.85,2,49,2,0,0
546,547,6,UDP,460.896,5,550,110.0,0.01,0,0,0,0,0
443,58230,6,UDP,19.263,94,40177,427.41,4.88,0,0,0,0,0
53,48929,4,UDP,0.024,2,192,96.0,83.33,0,0,0,0,0
53,36879,4,UDP,0.037,2,245,122.5,53.84,0,0,0,0,0
53,32915,4,UDP,0.028,2,245,122.5,72.49,0,0,0,0,0
53,60403,4,UDP,0.032,2,252,126.0,61.87,0,0,0,0,0
443,37831,6,UDP,16.687,74,27092,366.11,4.43,0,0,0,0,0
53,47735,4,UDP,0.117,2,210,105.0,17.1,0,0,0,0,0
53,41187,4,UDP,0.112,2,306,153.0,17.91,0,0,0,0,0
53,57691,4,UDP,0.134,2,251,125.5,14.93,0,0,0,0,0
53,45985,4,UDP,0.111,2,210,105.0,17.94,0,0,0,0,0
53,49134,4,UDP,0.112,2,222,111.0,17.92,0,0,0,0,0
53,60948,4,UDP,0.134,2,251,125.5,14.95,0,0,0,0,0
443,41908,6,TCP,1.136,25,10176,407.04,22.01,2,23,1,2,0
443,51320,6,TCP,18.752,45,20658,459.07,2.4,2,43,2,1,0
443,41916,6,TCP,1.748,50,24108,482.16,28.6,2,49,2,0,0
443,51326,6,TCP,1.171,27,10347,383.22,23.05,2,26,2,0,0
443,39166,6,TCP,0.341,29,7206,248.48,85.16,2,28,2,0,0
443,39174,6,TCP,18.673,26,6917,266.04,1.39,2,25,2,0,0
53,32857,4,UDP,0.071,2,290,145.0,28.13,0,0,0,0,0
53,45549,4,UDP,0.09,2,222,111.0,22.11,0,0,0,0,0
53,38206,4,UDP,0.095,2,251,125.5,20.99,0,0,0,0,0
443,40044,6,TCP,1.104,27,10358,383.63,24.45,2,26,2,0,0
443,40052,6,TCP,7.284,48,22503,468.81,6.59,2,46,2,1,0
53,40714,4,UDP,0.133,2,218,109.0,15.07,0,0,0,0,0
53,34235,4,UDP,0.127,2,242,121.0,15.69,0,0,0,0,0
53,37833,4,UDP,0.093,2,255,127.5,21.58,0,0,0,0,0
53,53507,4,UDP,0.092,2,224,112.0,21.81,0,0,0,0,0
53,41899,4,UDP,0.108,2,224,112.0,18.55,0,0,0,0,0
443,59664,6,UDP,0.158,10,12639,1263.9,63.41,0,0,0,0,0
443,33163,6,UDP,0.15,10,12641,1264.1,66.79,0,0,0,0,0
443,45776,6,UDP,0.077,10,12634,1263.4,130.41,0,0,0,0,0
53,49711,4,UDP,0.039,2,217,108.5,51.7,0,0,0,0,0
53,54418,4,UDP,0.026,2,259,129.5,76.98,0,0,0,0,0
53,45364,4,UDP,0.026,2,259,129.5,76.42,0,0,0,0,0
53,41644,4,UDP,0.006,2,188,94.0,337.03,0,0,0,0,0
53,39594,4,UDP,0.026,2,249,124.5,77.51,0,0,0,0,0
443,50422,6,TCP,0.221,26,6917,266.04,117.86,2,25,2,0,0
443,50428,6,TCP,0.203,26,6917,266.04,128.11,2,25,2,0,0
53,41163,4,UDP,0.026,2,257,128.5,77.99,0,0,0,0,0
53,51804,4,UDP,0.026,2,269,134.5,77.32,0,0,0,0,0
53,55340,4,UDP,0.032,2,298,149.0,62.63,0,0,0,0,0
53,39991,4,UDP,0.028,2,221,110.5,72.51,0,0,0,0,0
443,53990,6,TCP,0.195,30,16777,559.23,153.61,2,27,1,2,0
443,42416,6,TCP,0.998,28,10812,386.14,28.07,2,24,2,3,0
443,42428,6,TCP,0.999,28,10812,386.14,28.03,2,24,2,3,0
53,57813,4,UDP,0.061,2,198,99.0,32.98,0,0,0,0,0
53,50323,4,UDP,0.069,2,238,119.0,29.03,0,0,0,0,0
53,50811,4,UDP,0.075,2,244,122.0,26.52,0,0,0,0,0
53,34607,4,UDP,0.059,2,283,141.5,34.18,0,0,0,0,0
53,51780,4,UDP,0.056,2,443,221.5,35.93,0,0,0,0,0
53,60841,4,UDP,0.056,2,241,120.5,35.44,0,0,0,0,0
443,53998,6,TCP,5.969,21,8379,399.0,3.52,2,20,2,0,0
443,57094,6,UDP,0.027,10,11390,1139.0,372.14,0,0,0,0,0
53,55157,4,UDP,0.034,2,260,130.0,59.66,0,0,0,0,0
53,44758,4,UDP,0.032,2,272,136.0,62.66,0,0,0,0,0
53,59632,4,UDP,0.033,2,301,150.5,59.93,0,0,0,0,0
443,60958,6,TCP,0.764,43,40518,942.28,56.31,2,41,1,1,0
53,35334,4,UDP,0.033,2,265,132.5,60.28,0,0,0,0,0
443,42432,6,TCP,2.433,80,48090,601.12,32.89,2,79,2,0,0
443,60966,6,TCP,5.762,22,8465,384.77,3.82,2,21,2,0,0
443,60368,6,UDP,6.493,125,1179516,9436.13,19.25,0,0,0,0,0
443,50438,6,TCP,0.147,28,7029,251.04,190.84,2,22,2,5,0
443,50450,6,TCP,2.577,62,33427,539.15,24.06,2,61,2,0,0
443,39171,6,UDP,28.85,73,137010,1876.85,2.53,0,0,0,0,0
53,43330,4,UDP,0.033,2,242,121.0,60.53,0,0,0,0,0
53,60124,4,UDP,0.024,2,402,201.0,82.78,0,0,0,0,0
53,35605,4,UDP,114.414,4,481,120.25,0.03,0,0,0,0,0
53,48508,4,UDP,0.024,2,223,111.5,82.33,0,0,0,0,0
53,60936,4,UDP,0.024,2,223,111.5,84.67,0,0,0,0,0
53,55249,4,UDP,0.036,2,237,118.5,55.16,0,0,0,0,0
53,40476,4,UDP,368.902,4,470,117.5,0.01,0,0,0,0,0
53,54108,4,UDP,0.036,2,278,139.0,55.46,0,0,0,0,0
53,48674,4,UDP,0.026,2,271,135.5,77.92,0,0,0,0,0
443,60966,6,TCP,4.28,139,98873,711.32,32.48,2,138,2,0,0
443,60980,6,TCP,1.493,29,15871,547.28,19.43,2,27,1,1,0
53,45276,4,UDP,0.033,2,260,130.0,60.85,0,0,0,0,0
53,43881,4,UDP,0.024,2,272,136.0,84.72,0,0,0,0,0
53,60567,4,UDP,0.036,2,301,150.5,56.29,0,0,0,0,0
443,33448,6,TCP,0.833,47,39573,841.98,56.45,2,45,1,1,0
53,36918,4,UDP,0.063,2,265,132.5,31.89,0,0,0,0,0
443,33458,6,TCP,5.433,21,8379,399.0,3.87,2,20,2,0,0
443,57556,6,UDP,0.806,73,497066,6809.12,90.55,0,0,0,0,0
443,60589,6,UDP,0.161,12,13847,1153.92,74.3,0,0,0,0,0
53,45976,4,UDP,0.028,2,282,141.0,71.53,0,0,0,0,0
53,55817,4,UDP,0.026,2,306,153.0,75.84,0,0,0,0,0
53,38589,4,UDP,430.193,4,574,143.5,0.01,0,0,0,0,0
53,39444,4,UDP,0.028,2,258,129.0,72.24,0,0,0,0,0
53,51133,4,UDP,0.028,2,281,140.5,71.87,0,0,0,0,0
53,40141,4,UDP,0.019,2,251,125.5,107.47,0,0,0,0,0
443,50464,6,TCP,0.225,28,7120,254.29,124.33,2,27,2,0,0
443,50476,6,TCP,0.217,25,6843,273.72,114.94,2,24,2,0,0
53,44230,4,UDP,0.029,2,260,130.0,67.9,0,0,0,0,0
53,40594,4,UDP,0.028,2,272,136.0,70.98,0,0,0,0,0
53,60111,4,UDP,0.031,2,301,150.5,63.96,0,0,0,0,0
443,51754,6,TCP,0.511,31,24283,783.32,60.67,2,29,1,1,0
53,41301,4,UDP,0.038,2,265,132.5,52.66,0,0,0,0,0
443,51762,6,TCP,5.088,18,5253,291.83,3.54,2,17,2,0,0
443,33876,6,UDP,0.062,10,11388,1138.8,160.57,0,0,0,0,0
443,50478,6,TCP,0.163,28,7120,254.29,171.88,2,27,2,0,0
443,50486,6,TCP,0.343,34,12651,372.09,99.09,2,33,1,0,0
53,34154,4,UDP,130.566,4,502,125.5,0.03,0,0,0,0,0
53,45733,4,UDP,0.034,2,308,154.0,58.32,0,0,0,0,0
53,60625,4,UDP,0.034,2,260,130.0,59.16,0,0,0,0,0
443,34324,6,TCP,0.155,26,6953,267.42,167.99,2,25,2,0,0
443,34340,6,TCP,0.158,28,7132,254.71,177.75,2,27,2,0,0
53,45813,4,UDP,0.035,2,233,116.5,56.72,0,0,0,0,0
53,54432,4,UDP,0.036,2,275,137.5,55.17,0,0,0,0,0
53,51348,4,UDP,0.049,2,275,137.5,41.09,0,0,0,0,0
53,43866,4,UDP,0.04,2,192,96.0,50.61,0,0,0,0,0
53,60304,4,UDP,0.044,2,216,108.0,45.56,0,0,0,0,0
53,48000,4,UDP,0.038,2,308,154.0,52.97,0,0,0,0,0
53,53401,4,UDP,0.006,2,188,94.0,332.97,0,0,0,0,0
53,40007,4,UDP,0.014,2,249,124.5,140.36,0,0,0,0,0
443,34344,6,TCP,10.485,24,6733,280.54,2.29,2,22,2,1,0
443,34350,6,TCP,10.477,24,6733,280.54,2.29,2,22,2,1,0
53,47699,4,UDP,0.074,2,293,146.5,27.07,0,0,0,0,0
53,34193,4,UDP,0.039,2,335,167.5,51.42,0,0,0,0,0
53,51466,4,UDP,0.018,2,335,167.5,111.23,0,0,0,0,0
53,43121,4,UDP,0.056,2,247,123.5,35.74,0,0,0,0,0
53,51180,4,UDP,0.034,2,186,93.0,59.17,0,0,0,0,0
53,54733,4,UDP,0.046,2,186,93.0,43.41,0,0,0,0,0
53,47702,4,UDP,0.048,2,226,113.0,41.52,0,0,0,0,0
53,41726,4,UDP,0.056,2,232,116.0,35.6,0,0,0,0,0
65047,1900,4,UDP,3.003,4,848,212.0,1.33,0,0,0,0,0
65049,1900,4,UDP,3.002,4,848,212.0,1.33,0,0,0,0,0
443,34362,6,TCP,0.206,25,6831,273.24,121.29,2,24,2,0,0
443,34364,6,TCP,0.272,24,6745,281.04,88.18,2,23,2,0,0
53,43056,4,UDP,0.035,2,266,133.0,57.02,0,0,0,0,0
53,35055,4,UDP,0.021,2,290,145.0,93.04,0,0,0,0,0
53,34113,4,UDP,0.035,2,298,149.0,57.39,0,0,0,0,0
53,37030,4,UDP,0.049,2,277,138.5,41.06,0,0,0,0,0
53,58148,4,UDP,0.036,2,325,162.5,55.55,0,0,0,0,0
53,48951,4,UDP,0.046,2,285,142.5,43.13,0,0,0,0,0
53,57041,4,UDP,0.033,2,260,130.0,61.31,0,0,0,0,0
53,50716,4,UDP,0.038,2,267,133.5,52.07,0,0,0,0,0
53,53922,4,UDP,0.035,2,260,130.0,57.75,0,0,0,0,0
53,58805,4,UDP,0.035,2,272,136.0,57.56,0,0,0,0,0
53,38398,4,UDP,0.029,2,301,150.5,70.03,0,0,0,0,0
53,54548,4,UDP,0.037,2,265,132.5,53.67,0,0,0,0,0
443,42892,6,TCP,115.763,45,11651,258.91,0.39,2,44,2,0,0
443,42900,6,TCP,5.333,19,8171,430.05,3.56,2,17,2,1,0
53,46804,4,UDP,0.071,2,225,112.5,28.21,0,0,0,0,0
53,47168,4,UDP,0.071,2,301,150.5,28.31,0,0,0,0,0
53,46204,4,UDP,0.066,2,313,156.5,30.15,0,0,0,0,0
443,54843,6,UDP,0.783,26,17305,665.58,33.22,0,0,0,0,0
53,50035,4,UDP,0.028,2,208,104.0,72.09,0,0,0,0,0
53,40816,4,UDP,0.041,2,220,110.0,49.17,0,0,0,0,0
53,38325,4,UDP,0.027,2,249,124.5,73.08,0,0,0,0,0
53,33685,4,UDP,0.033,2,260,130.0,60.03,0,0,0,0,0
53,55101,4,UDP,0.023,2,272,136.0,88.32,0,0,0,0,0
53,50421,4,UDP,0.033,2,301,150.5,60.21,0,0,0,0,0
443,50244,6,TCP,1.611,52,29036,558.38,32.29,2,51,2,0,0
443,50250,6,TCP,0.554,22,9882,449.18,39.71,2,20,1,2,0
53,44198,4,UDP,0.021,2,265,132.5,96.0,0,0,0,0,0
443,53752,6,TCP,8.353,145,117319,809.1,17.36,2,140,2,4,0
443,53762,6,TCP,5.607,22,8463,384.68,3.92,2,21,2,0,0
443,48476,6,UDP,20.735,86,379267,4410.08,4.15,0,0,0,0,0
443,37177,6,UDP,42.339,49,56304,1149.06,1.16,0,0,0,0,0
443,56690,6,TCP,0.224,23,6659,289.52,102.5,2,22,2,0,0
443,56696,6,TCP,4.262,29,7206,248.48,6.8,2,28,2,0,0
53,60697,4,UDP,0.035,2,237,118.5,57.34,0,0,0,0,0
53,38178,4,UDP,0.052,2,249,124.5,38.53,0,0,0,0,0
53,41369,4,UDP,0.056,2,278,139.0,35.75,0,0,0,0,0
53,41519,4,UDP,376.324,4,522,130.5,0.01,0,0,0,0,0
443,48506,6,TCP,1.468,32,16183,505.72,21.8,2,30,1,2,0
443,48522,6,TCP,5.088,162,111317,687.14,31.84,2,161,2,0,0
53,44049,4,UDP,0.059,2,216,108.0,33.96,0,0,0,0,0
53,36195,4,UDP,0.075,2,228,114.0,26.49,0,0,0,0,0
53,52626,4,UDP,0.058,2,225,112.5,34.32,0,0,0,0,0
443,35663,6,UDP,39.505,70,50704,724.34,1.77,0,0,0,0,0
443,53066,6,TCP,170.701,36,11562,321.17,0.21,2,35,2,0,0
443,56704,6,TCP,0.194,23,6635,288.48,118.5,2,20,1,3,0
443,58148,6,UDP,0.191,12,13841,1153.42,62.88,0,0,0,0,0
443,39848,6,UDP,12.862,39,14707,377.1,3.03,0,0,0,0,0
443,56712,6,TCP,0.251,26,6917,266.04,103.4,2,25,2,0,0
50517,1900,4,UDP,480.104,5,835,167.0,0.01,0,0,0,0,0
123,37041,4,UDP,0.076,2,180,90.0,26.39,0,0,0,0,0
52361,1900,4,UDP,3.035,4,848,212.0,1.32,0,0,0,0,0
52363,1900,4,UDP,3.032,4,848,212.0,1.32,0,0,0,0,0
123,44671,4,UDP,0.001,1,90,90.0,1000.0,0,0,0,0,0
53,51516,4,UDP,0.049,2,260,130.0,40.76,0,0,0,0,0
53,44541,4,UDP,0.024,2,272,136.0,81.72,0,0,0,0,0
53,44877,4,UDP,0.053,2,301,150.5,37.9,0,0,0,0,0
443,36614,6,TCP,1.757,67,56758,847.13,38.14,2,64,1,2,0
53,37619,4,UDP,0.002,2,265,132.5,989.22,0,0,0,0,0
443,36618,6,TCP,5.944,20,8280,414.0,3.36,2,19,2,0,0
443,42724,6,UDP,0.085,10,11370,1137.0,117.89,0,0,0,0,0
39540,123,4,UDP,0.181,2,180,90.0,11.04,0,0,0,0,0
53480,123,4,UDP,0.048,2,180,90.0,41.29,0,0,0,0,0
52327,123,4,UDP,0.247,2,180,90.0,8.09,0,0,0,0,0
47677,123,4,UDP,0.043,2,180,90.0,46.86,0,0,0,0,0
123,48899,4,UDP,0.031,2,180,90.0,64.65,0,0,0,0,0
53,58352,4,UDP,0.028,2,260,130.0,71.53,0,0,0,0,0
53,33648,4,UDP,0.028,2,272,136.0,71.09,0,0,0,0,0
53,33427,4,UDP,0.033,2,301,150.5,60.09,0,0,0,0,0
443,44512,6,TCP,10.969,49,31743,647.82,4.47,2,45,1,3,0
53,59420,4,UDP,0.033,2,265,132.5,60.18,0,0,0,0,0
443,44520,6,TCP,5.157,22,8464,384.73,4.27,2,21,2,0,0
443,47938,6,TCP,0.17,25,6831,273.24,146.65,2,24,2,0,0
53,52270,4,UDP,0.04,2,260,130.0,49.65,0,0,0,0,0
53,50825,4,UDP,0.035,2,272,136.0,57.3,0,0,0,0,0
53,59594,4,UDP,198.114,4,523,130.75,0.02,0,0,0,0,0
53,43593,4,UDP,0.022,2,265,132.5,91.48,0,0,0,0,0
443,51514,6,TCP,5.651,22,8464,384.73,3.89,2,21,2,0,0
443,51526,6,TCP,116.145,46,11713,254.63,0.4,2,45,2,0,0
443,58157,6,UDP,0.105,10,11383,1138.3,94.84,0,0,0,0,0
443,55058,6,UDP,227.062,2546,21269049,8353.91,11.21,0,0,0,0,0
123,53871,4,UDP,0.04,2,180,90.0,49.83,0,0,0,0,0
123,34334,4,UDP,0.041,2,180,90.0,49.0,0,0,0,0,0
33686,123,4,UDP,0.04,2,180,90.0,49.54,0,0,0,0,0
123,53769,4,UDP,0.123,2,180,90.0,16.26,0,0,0,0,0
123,53856,4,UDP,0.059,2,180,90.0,33.98,0,0,0,0,0
123,42518,4,UDP,0.074,2,180,90.0,26.97,0,0,0,0,0
51252,123,4,UDP,0.049,2,180,90.0,41.16,0,0,0,0,0
123,38901,4,UDP,0.071,2,180,90.0,28.34,0,0,0,0,0
53,49086,4,UDP,0.04,2,194,97.0,50.0,0,0,0,0,0
53,40091,4,UDP,0.04,2,238,119.0,49.6,0,0,0,0,0
53,48520,4,UDP,0.019,2,203,101.5,107.6,0,0,0,0,0
443,47954,6,TCP,10.357,26,6917,266.04,2.51,2,25,2,0,0
443,47970,6,TCP,34.474,27,7003,259.37,0.78,2,26,2,0,0
53,46930,4,UDP,0.058,2,256,128.0,34.41,0,0,0,0,0
53,48524,4,UDP,0.056,2,249,124.5,35.66,0,0,0,0,0
53,41122,4,UDP,0.059,2,249,124.5,34.01,0,0,0,0,0
123,50649,4,UDP,0.08,2,180,90.0,24.96,0,0,0,0,0
443,35204,4,UDP,0.493,25,16365,654.6,50.69,0,0,0,0,0
46692,443,4,TCP,0.919,27,10032,371.56,29.37,2,22,2,4,0
46704,443,4,TCP,170.591,50,13389,267.78,0.29,2,49,2,0,0
443,46424,4,TCP,170.551,35,10724,306.4,0.21,2,34,2,0,0
52948,443,4,UDP,29.093,55,23962,435.67,1.89,0,0,0,0,0
443,47984,6,TCP,0.283,26,6917,266.04,91.84,2,25,2,0,0
443,47996,6,TCP,0.213,27,7034,260.52,126.64,2,26,2,0,0
443,48010,6,TCP,0.17,25,6831,273.24,147.32,2,24,2,0,0
53,34109,4,UDP,0.115,2,260,130.0,17.33,0,0,0,0,0
443,60972,6,TCP,0.405,24,6745,281.04,59.25,2,23,2,0,0
443,39440,6,TCP,0.351,25,6783,271.32,71.3,2,20,2,4,0
443,39456,6,TCP,0.382,24,6745,281.04,62.76,2,23,2,0,0
53,38865,4,UDP,0.035,2,216,108.0,57.84,0,0,0,0,0
53,59819,4,UDP,0.033,2,228,114.0,59.99,0,0,0,0,0
53,43029,4,UDP,0.034,2,327,163.5,59.23,0,0,0,0,0
53,48765,4,UDP,0.106,2,311,155.5,18.91,0,0,0,0,0
53,36841,4,UDP,0.13,2,323,161.5,15.44,0,0,0,0,0
53,54366,4,UDP,0.1,2,260,130.0,19.96,0,0,0,0,0
53,58125,4,UDP,0.086,2,260,130.0,23.26,0,0,0,0,0
53,39707,4,UDP,0.095,2,241,120.5,21.01,0,0,0,0,0
53,47559,4,UDP,0.088,2,237,118.5,22.74,0,0,0,0,0
53,58718,4,UDP,0.099,2,230,115.0,20.29,0,0,0,0,0
53,34628,4,UDP,0.088,2,322,161.0,22.69,0,0,0,0,0
53,59889,4,UDP,361.349,4,451,112.75,0.01,0,0,0,0,0
53,44661,4,UDP,0.11,2,229,114.5,18.23,0,0,0,0,0
53,58246,4,UDP,0.097,2,174,87.0,20.58,0,0,0,0,0
53,33007,4,UDP,0.098,2,214,107.0,20.43,0,0,0,0,0
53,47342,4,UDP,0.102,2,226,113.0,19.64,0,0,0,0,0
53,57053,4,UDP,0.093,2,221,110.5,21.44,0,0,0,0,0
53,33877,4,UDP,0.11,2,263,131.5,18.16,0,0,0,0,0
53,59598,4,UDP,0.104,2,232,116.0,19.24,0,0,0,0,0
53,52096,4,UDP,0.12,2,244,122.0,16.69,0,0,0,0,0
53,58280,4,UDP,0.126,2,277,138.5,15.82,0,0,0,0,0
53,42121,4,UDP,0.107,2,229,114.5,18.76,0,0,0,0,0
53,44803,4,UDP,0.125,2,241,120.5,16.02,0,0,0,0,0
53,52811,4,UDP,0.127,2,271,135.5,15.71,0,0,0,0,0
53,58831,4,UDP,0.121,2,298,149.0,16.48,0,0,0,0,0
53,46173,4,UDP,0.123,2,322,161.0,16.3,0,0,0,0,0
53,32830,4,UDP,0.123,2,327,163.5,16.3,0,0,0,0,0
53,55151,4,UDP,0.083,2,184,92.0,24.01,0,0,0,0,0
53,34621,4,UDP,0.099,2,245,122.5,20.14,0,0,0,0,0
53,48087,4,UDP,0.084,2,247,123.5,23.91,0,0,0,0,0
53,46766,4,UDP,0.107,2,254,127.0,18.74,0,0,0,0,0
53,40180,4,UDP,0.109,2,260,130.0,18.3,0,0,0,0,0
53,39533,4,UDP,0.046,2,192,96.0,43.51,0,0,0,0,0
53,35090,4,UDP,0.053,2,245,122.5,37.61,0,0,0,0,0
53,44581,4,UDP,0.054,2,232,116.0,37.3,0,0,0,0,0
53,56517,4,UDP,0.049,2,392,196.0,40.79,0,0,0,0,0
53,40274,4,UDP,0.09,2,218,109.0,22.31,0,0,0,0,0
53,59894,4,UDP,0.101,2,242,121.0,19.74,0,0,0,0,0
53,40675,4,UDP,0.102,2,224,112.0,19.63,0,0,0,0,0
443,40620,6,TCP,0.158,25,6831,273.24,158.38,2,24,2,0,0
443,40630,6,TCP,0.345,38,10947,288.08,110.25,2,37,2,0,0
53,54012,4,UDP,0.068,2,217,108.5,29.54,0,0,0,0,0
53,51324,4,UDP,0.066,2,259,129.5,30.17,0,0,0,0,0
53,50832,4,UDP,0.068,2,260,130.0,29.36,0,0,0,0,0
53,47612,4,UDP,0.069,2,272,136.0,28.94,0,0,0,0,0
53,51567,4,UDP,0.063,2,301,150.5,32.0,0,0,0,0,0
53,58327,4,UDP,0.042,2,188,94.0,47.48,0,0,0,0,0
53,57435,4,UDP,0.091,2,276,138.0,21.88,0,0,0,0,0
53,59381,4,UDP,0.097,2,265,132.5,20.52,0,0,0,0,0
443,45317,6,UDP,14.938,20,33405,1670.25,1.34,0,0,0,0,0
443,43532,6,TCP,15.017,410,347773,848.23,27.3,2,406,1,3,0
443,43538,6,TCP,5.462,18,8098,449.89,3.3,2,17,2,0,0
443,44060,6,TCP,170.7,32,7624,238.25,0.19,3,31,2,0,0
36928,443,4,TCP,1.015,28,6533,233.32,27.59,3,27,2,0,0
443,55680,6,UDP,0.084,11,11445,1040.45,130.99,0,0,0,0,0
53,47177,4,UDP,0.033,2,198,99.0,59.8,0,0,0,0,0
53,48501,4,UDP,0.037,2,238,119.0,54.52,0,0,0,0,0
53,46966,4,UDP,0.034,2,283,141.5,58.57,0,0,0,0,0
53,55377,4,UDP,0.035,2,443,221.5,56.63,0,0,0,0,0
53,48547,4,UDP,0.047,2,242,121.0,42.58,0,0,0,0,0
53,37625,4,UDP,0.025,2,402,201.0,81.03,0,0,0,0,0
53,45997,4,UDP,0.033,2,222,111.0,61.18,0,0,0,0,0
53,53082,4,UDP,0.037,2,223,111.5,54.21,0,0,0,0,0
443,40634,6,TCP,0.681,25,6783,271.32,36.7,2,20,1,5,0
443,40646,6,TCP,0.144,17,4192,246.59,118.39,2,16,2,0,0
443,40654,6,TCP,0.141,20,6247,312.35,141.64,2,19,2,0,0
443,40658,6,TCP,0.182,23,4092,177.91,126.15,2,22,2,0,0
443,40660,6,TCP,0.145,13,1228,94.46,89.72,2,12,2,0,0
443,40670,6,TCP,0.145,12,1111,92.58,82.96,2,11,2,0,0
443,40676,6,TCP,0.183,22,4006,182.09,120.53,2,21,2,0,0
443,59645,6,UDP,0.351,28,66138,2362.07,79.81,0,0,0,0,0
53,55654,4,UDP,0.175,2,218,109.0,11.41,0,0,0,0,0
53,59596,4,UDP,0.171,2,242,121.0,11.7,0,0,0,0,0
53,49789,4,UDP,0.171,2,258,129.0,11.7,0,0,0,0,0
53,42456,4,UDP,0.189,2,418,209.0,10.59,0,0,0,0,0
443,40682,6,TCP,0.314,26,6917,266.04,82.92,2,25,2,0,0
443,40694,6,TCP,0.268,22,6573,298.77,82.16,2,21,2,0,0
53,43430,4,UDP,0.041,2,228,114.0,49.2,0,0,0,0,0
53,33062,4,UDP,0.041,2,336,168.0,48.3,0,0,0,0,0
53,35016,4,UDP,0.041,2,293,146.5,48.77,0,0,0,0,0
53,36460,4,UDP,0.032,2,335,167.5,62.38,0,0,0,0,0
53,33644,4,UDP,0.018,2,186,93.0,112.59,0,0,0,0,0
443,53872,6,TCP,0.247,32,10317,322.41,129.43,2,31,2,0,0
443,53888,6,TCP,10.289,36,10876,302.11,3.5,2,35,2,0,0
443,55758,6,UDP,1.298,22,68938,3133.55,16.94,0,0,0,0,0
443,56384,6,UDP,25.94,27,14220,526.67,1.04,0,0,0,0,0
443,56042,6,UDP,0.242,18,14215,789.72,74.53,0,0,0,0,0
443,33568,6,TCP,170.702,37,11657,315.05,0.22,2,36,2,0,0
443,42866,6,TCP,0.189,23,6659,289.52,121.67,2,22,2,0,0
443,42868,6,TCP,0.225,26,6948,267.23,115.38,2,25,2,0,0
443,54718,6,UDP,5.0,323,606203,1876.79,64.6,0,0,0,0,0
443,52328,6,TCP,0.869,59,15050,255.08,67.89,2,58,2,0,0
443,52090,6,UDP,0.089,12,11895,991.25,134.47,0,0,0,0,0
53,36742,4,UDP,0.033,2,306,153.0,61.05,0,0,0,0,0
443,56020,6,TCP,0.352,42,14974,356.52,119.41,2,41,2,0,0
443,54760,6,UDP,0.124,12,11907,992.25,96.95,0,0,0,0,0
443,47277,6,UDP,0.145,11,12700,1154.55,75.89,0,0,0,0,0
53,58816,4,UDP,0.152,2,277,138.5,13.19,0,0,0,0,0
53,51766,4,UDP,0.152,2,340,170.0,13.17,0,0,0,0,0
443,58676,6,UDP,0.143,11,12696,1154.18,77.03,0,0,0,0,0
53,36796,4,UDP,0.148,2,232,116.0,13.52,0,0,0,0,0
53,48546,4,UDP,0.177,2,206,103.0,11.31,0,0,0,0,0
53,43373,4,UDP,0.181,2,247,123.5,11.04,0,0,0,0,0
53,35970,4,UDP,0.168,2,215,107.5,11.94,0,0,0,0,0
443,42145,4,UDP,0.829,28,17950,641.07,33.78,0,0,0,0,0
443,59230,4,TCP,2.118,25,8317,332.68,11.8,3,21,2,3,0
53,40280,4,UDP,0.231,2,229,114.5,8.65,0,0,0,0,0
443,34114,6,TCP,1.621,16,6117,382.31,9.87,2,14,2,1,0
53,60365,4,UDP,0.252,2,194,97.0,7.95,0,0,0,0,0
53,38621,4,UDP,0.251,2,206,103.0,7.97,0,0,0,0,0
53,41839,4,UDP,0.243,2,235,117.5,8.24,0,0,0,0,0
53,41096,4,UDP,0.245,2,206,103.0,8.15,0,0,0,0,0
53,58017,4,UDP,0.245,2,218,109.0,8.15,0,0,0,0,0
53,40832,4,UDP,0.251,2,247,123.5,7.98,0,0,0,0,0
443,59246,4,TCP,150.843,34,9221,271.21,0.23,2,33,2,0,0
443,34130,6,TCP,105.564,83,53897,649.36,0.79,2,71,0,11,0
443,34138,6,TCP,1.611,27,10301,381.52,16.76,2,23,2,3,0
443,53742,4,TCP,4.64,22,8812,400.55,4.74,2,20,2,1,0
443,33572,6,TCP,47.081,56,17279,308.55,1.19,2,55,2,0,0
443,33578,6,TCP,17.153,19,7238,380.95,1.11,2,16,2,2,0
443,43550,6,TCP,1.316,15,6625,441.67,11.4,2,13,2,1,0
443,43554,6,TCP,1.304,16,6709,419.31,12.27,2,14,2,1,0
443,43562,6,TCP,47.361,41,12831,312.95,0.87,2,40,2,0,0
443,43576,6,TCP,1.606,27,10928,404.74,16.82,2,26,2,0,0
53,36843,4,UDP,0.068,2,246,123.0,29.47,0,0,0,0,0
53,34743,4,UDP,0.054,2,178,89.0,37.15,0,0,0,0,0
53,51045,4,UDP,0.058,2,227,113.5,34.5,0,0,0,0,0
35412,443,4,TCP,1.101,22,6889,313.14,19.98,2,19,2,2,0
443,55444,6,UDP,0.193,12,14209,1184.08,62.18,0,0,0,0,0
35420,443,4,TCP,61.586,323,228409,707.15,5.24,2,319,2,3,0
53,53729,4,UDP,0.078,2,188,94.0,25.65,0,0,0,0,0
53,49215,4,UDP,0.093,2,200,100.0,21.6,0,0,0,0,0
53,58766,4,UDP,0.097,2,222,111.0,20.56,0,0,0,0,0
443,38224,6,TCP,0.938,45,16090,357.56,47.96,2,44,2,0,0
443,38238,6,TCP,1.003,26,10064,387.08,25.91,2,25,2,0,0
53,49728,4,UDP,0.041,2,270,135.0,49.25,0,0,0,0,0
53,55479,4,UDP,0.092,2,252,126.0,21.84,0,0,0,0,0
53,50301,4,UDP,0.072,2,300,150.0,27.88,0,0,0,0,0
53,51583,4,UDP,0.127,2,264,132.0,15.72,0,0,0,0,0
53,41437,4,UDP,0.087,2,312,156.0,23.01,0,0,0,0,0
53,46481,4,UDP,0.087,2,282,141.0,22.99,0,0,0,0,0
53,42231,4,UDP,0.068,2,378,189.0,29.61,0,0,0,0,0
53,59157,4,UDP,0.106,2,328,164.0,18.86,0,0,0,0,0
53,35083,4,UDP,0.14,2,328,164.0,14.29,0,0,0,0,0
53,50162,4,UDP,0.107,2,272,136.0,18.78,0,0,0,0,0
53,45755,4,UDP,0.141,2,320,160.0,14.2,0,0,0,0,0
53,59351,4,UDP,0.159,2,273,136.5,12.58,0,0,0,0,0
40508,443,6,TCP,28.262,1814,1578474,870.16,64.19,2,1810,1,3,0
53,49020,4,UDP,0.055,2,198,99.0,36.4,0,0,0,0,0
53,35495,4,UDP,0.022,2,276,138.0,91.44,0,0,0,0,0
41232,443,6,TCP,170.905,42,10526,250.62,0.25,2,38,2,3,0
40510,443,6,TCP,0.512,31,12361,398.74,60.53,2,27,1,4,0
40520,443,6,TCP,0.446,32,12399,387.47,71.77,2,26,2,5,0
40526,443,6,TCP,0.452,25,11833,473.32,55.34,2,23,0,2,0
40532,443,6,TCP,0.527,35,12681,362.31,66.36,2,29,2,5,0
40540,443,6,TCP,4.291,35,12669,361.97,8.16,2,28,2,6,0
443,42318,6,UDP,0.204,14,13410,957.86,68.67,0,0,0,0,0
45633,443,6,UDP,28.417,34,54920,1615.29,1.2,0,0,0,0,0
443,58880,6,TCP,0.13,24,6745,281.04,184.68,2,23,2,0,0
123,42357,4,UDP,0.114,2,180,90.0,17.48,0,0,0,0,0
123,37427,4,UDP,0.001,1,90,90.0,1000.0,0,0,0,0,0
58670,123,4,UDP,0.184,2,180,90.0,10.89,0,0,0,0,0
38586,123,4,UDP,0.183,2,180,90.0,10.93,0,0,0,0,0
58699,123,4,UDP,0.114,2,180,90.0,17.56,0,0,0,0,0
35642,123,4,UDP,0.134,2,180,90.0,14.97,0,0,0,0,0
123,43462,4,UDP,0.292,2,180,90.0,6.85,0,0,0,0,0
123,49410,4,UDP,0.177,2,180,90.0,11.32,0,0,0,0,0
123,48539,4,UDP,0.138,2,180,90.0,14.52,0,0,0,0,0
123,46689,4,UDP,0.048,2,180,90.0,41.85,0,0,0,0,0
123,42627,4,UDP,0.053,2,180,90.0,37.63,0,0,0,0,0
45240,123,4,UDP,0.064,2,180,90.0,31.16,0,0,0,0,0
123,56673,4,UDP,0.07,2,180,90.0,28.5,0,0,0,0,0
36189,123,4,UDP,0.296,2,180,90.0,6.77,0,0,0,0,0
123,53542,4,UDP,0.23,2,180,90.0,8.71,0,0,0,0,0
123,51076,4,UDP,0.222,2,180,90.0,9.02,0,0,0,0,0
443,55916,6,TCP,0.181,19,3777,198.79,104.92,2,18,1,0,0
443,55928,6,TCP,6.134,18,6139,341.06,2.93,1,16,1,1,0
34356,443,6,UDP,22.576,255,1261639,4947.6,11.3,0,0,0,0,0
443,55944,6,TCP,0.15,21,6487,308.9,139.81,2,20,2,0,0
443,55954,6,TCP,0.164,27,7034,260.52,165.0,2,26,2,0,0
68,67,4,UDP,180.273,2,696,348.0,0.01,0,0,0,0,0
57903,5355,4,UDP,0.343,2,134,67.0,5.83,0,0,0,0,0
0,0,4,OTHER,320.638,6,360,60.0,0.02,0,0,0,0,0
0,0,6,OTHER,320.637,9,810,90.0,0.03,0,0,0,0,0
62016,5355,4,UDP,0.407,2,134,67.0,4.92,0,0,0,0,0
0,0,6,OTHER,319.671,3,258,86.0,0.01,0,0,0,0,0
0,0,6,OTHER,319.67,3,258,86.0,0.01,0,0,0,0,0
0,0,6,OTHER,319.67,3,258,86.0,0.01,0,0,0,0,0
53,60208,4,UDP,0.045,2,231,115.5,44.26,0,0,0,0,0
53,54904,4,UDP,331.983,4,540,135.0,0.01,0,0,0,0,0
53,59860,4,UDP,0.049,2,299,149.5,40.55,0,0,0,0,0
53,32840,4,UDP,0.023,2,200,100.0,85.79,0,0,0,0,0
443,47024,4,TCP,1.839,17,6338,372.82,9.24,2,15,2,1,0
53,33244,4,UDP,0.018,2,265,132.5,108.15,0,0,0,0,0
443,47030,4,TCP,1.761,18,6404,355.78,10.22,2,16,2,1,0
443,47046,4,TCP,125.811,67,24548,366.39,0.53,1,63,2,3,0
62534,1900,4,UDP,3.143,4,848,212.0,1.27,0,0,0,0,0
62533,1900,4,UDP,3.142,4,848,212.0,1.27,0,0,0,0,0
53,47510,4,UDP,0.041,2,186,93.0,49.08,0,0,0,0,0
53,37863,4,UDP,0.041,2,254,127.0,48.75,0,0,0,0,0
53,47211,4,UDP,0.039,2,254,127.0,50.64,0,0,0,0,0
43530,443,4,TCP,33.036,47,12942,275.36,1.42,2,44,2,2,0
43532,443,4,TCP,0.339,21,6849,326.14,62.04,2,18,2,2,0
53,48198,4,UDP,0.034,2,228,114.0,58.55,0,0,0,0,0
53,51207,4,UDP,0.054,2,192,96.0,36.91,0,0,0,0,0
53,51791,4,UDP,0.076,2,260,130.0,26.2,0,0,0,0,0
53,46414,4,UDP,0.077,2,260,130.0,26.13,0,0,0,0,0
53,60062,4,UDP,0.076,2,241,120.5,26.3,0,0,0,0,0
53,33696,4,UDP,0.075,2,237,118.5,26.72,0,0,0,0,0
53,43823,4,UDP,0.076,2,230,115.0,26.36,0,0,0,0,0
53,58164,4,UDP,0.077,2,322,161.0,25.97,0,0,0,0,0
53,34798,4,UDP,0.076,2,229,114.5,26.33,0,0,0,0,0
53,49239,4,UDP,0.078,2,174,87.0,25.74,0,0,0,0,0
53,59465,4,UDP,0.077,2,214,107.0,26.01,0,0,0,0,0
53,53445,4,UDP,0.041,2,226,113.0,48.65,0,0,0,0,0
53,42482,4,UDP,0.082,2,237,118.5,24.41,0,0,0,0,0
53,58734,4,UDP,0.042,2,263,131.5,47.9,0,0,0,0,0
53,56130,4,UDP,0.076,2,263,131.5,26.27,0,0,0,0,0
53,35216,4,UDP,0.047,2,232,116.0,42.27,0,0,0,0,0
53,59241,4,UDP,0.043,2,244,122.0,46.43,0,0,0,0,0
53,59300,4,UDP,0.119,2,277,138.5,16.81,0,0,0,0,0
53,47675,4,UDP,0.118,2,229,114.5,17.0,0,0,0,0,0
53,44783,4,UDP,0.175,2,241,120.5,11.41,0,0,0,0,0
53,41121,4,UDP,0.175,2,271,135.5,11.41,0,0,0,0,0
53,44969,4,UDP,0.114,2,184,92.0,17.57,0,0,0,0,0
53,36521,4,UDP,0.138,2,245,122.5,14.53,0,0,0,0,0
53,51211,4,UDP,0.004,2,247,123.5,523.24,0,0,0,0,0
53,39772,4,UDP,0.002,2,254,127.0,902.29,0,0,0,0,0
53,42815,4,UDP,0.051,2,311,155.5,39.27,0,0,0,0,0
53,44037,4,UDP,0.052,2,323,161.5,38.83,0,0,0,0,0
443,45500,6,TCP,0.254,27,7003,259.37,106.09,2,26,2,0,0
443,45502,6,TCP,0.265,27,7034,260.52,101.93,2,26,2,0,0
53,59349,4,UDP,0.024,2,228,114.0,84.88,0,0,0,0,0
53,36559,4,UDP,0.023,2,252,126.0,87.43,0,0,0,0,0
53,43598,4,UDP,0.03,2,260,130.0,67.26,0,0,0,0,0
53,44009,4,UDP,0.036,2,218,109.0,55.0,0,0,0,0,0
53,33744,4,UDP,0.031,2,242,121.0,63.78,0,0,0,0,0
53,47641,4,UDP,0.031,2,251,125.5,64.83,0,0,0,0,0
53,43117,4,UDP,0.027,2,327,163.5,74.67,0,0,0,0,0
53,45934,4,UDP,0.08,2,242,121.0,25.04,0,0,0,0,0
53,60808,4,UDP,0.054,2,402,201.0,37.13,0,0,0,0,0
53,44780,4,UDP,0.08,2,265,132.5,25.08,0,0,0,0,0
53,39796,4,UDP,0.08,2,266,133.0,25.09,0,0,0,0,0
53,41896,4,UDP,0.08,2,290,145.0,24.95,0,0,0,0,0
53,41669,4,UDP,0.081,2,298,149.0,24.74,0,0,0,0,0
53,41623,4,UDP,0.03,2,260,130.0,67.64,0,0,0,0,0
53,55918,4,UDP,0.052,2,192,96.0,38.52,0,0,0,0,0
53,47703,4,UDP,0.057,2,245,122.5,34.94,0,0,0,0,0
53,34182,4,UDP,0.053,2,245,122.5,37.47,0,0,0,0,0
53,59079,4,UDP,0.049,2,232,116.0,40.89,0,0,0,0,0
53,44537,4,UDP,0.054,2,392,196.0,37.17,0,0,0,0,0
53,53888,4,UDP,0.061,2,252,126.0,32.96,0,0,0,0,0
53,49185,4,UDP,0.021,2,218,109.0,93.43,0,0,0,0,0
53,51263,4,UDP,0.026,2,242,121.0,76.54,0,0,0,0,0
53,57400,4,UDP,0.026,2,255,127.5,76.18,0,0,0,0,0
53,60898,4,UDP,0.032,2,224,112.0,63.16,0,0,0,0,0
53,57453,4,UDP,0.032,2,224,112.0,63.01,0,0,0,0,0
443,45504,6,TCP,0.148,29,7117,245.41,196.46,2,23,2,5,0
443,38369,6,UDP,4.662,93,25617,275.45,19.95,0,0,0,0,0
443,57259,6,UDP,10.292,433,1014852,2343.77,42.07,0,0,0,0,0
53,56519,4,UDP,0.052,2,217,108.5,38.78,0,0,0,0,0
53,41234,4,UDP,0.048,2,259,129.5,41.42,0,0,0,0,0
53,39591,4,UDP,0.046,2,259,129.5,43.22,0,0,0,0,0
53,36041,4,UDP,0.04,2,249,124.5,49.97,0,0,0,0,0
53,48852,4,UDP,0.026,2,188,94.0,76.43,0,0,0,0,0
443,37808,6,TCP,0.148,23,6661,289.61,155.21,2,22,2,0,0
443,50916,6,UDP,0.135,12,16448,1370.67,88.74,0,0,0,0,0
443,37810,6,TCP,0.18,26,6869,264.19,144.6,2,21,2,4,0
53,35462,4,UDP,0.046,2,198,99.0,43.82,0,0,0,0,0
53,57973,4,UDP,0.039,2,238,119.0,50.93,0,0,0,0,0
53,45016,4,UDP,0.053,2,244,122.0,37.7,0,0,0,0,0
53,37797,4,UDP,0.053,2,283,141.5,37.42,0,0,0,0,0
53,50690,4,UDP,0.052,2,443,221.5,38.5,0,0,0,0,0
53,40032,4,UDP,0.05,2,241,120.5,39.8,0,0,0,0,0
53,44677,4,UDP,0.046,2,222,111.0,43.7,0,0,0,0,0
53,57360,4,UDP,0.078,2,223,111.5,25.79,0,0,0,0,0
53,42038,4,UDP,0.469,2,223,111.5,4.27,0,0,0,0,0
443,44113,6,UDP,0.147,10,10419,1041.9,67.99,0,0,0,0,0
443,52109,4,UDP,0.158,19,11378,598.84,120.53,0,0,0,0,0
443,43592,4,TCP,83.937,57,10127,177.67,0.68,2,56,2,0,0
443,34473,6,UDP,0.225,12,12934,1077.83,53.41,0,0,0,0,0
443,51102,6,UDP,0.231,11,12684,1153.09,47.57,0,0,0,0,0
443,56318,6,UDP,0.376,16,13782,861.38,42.59,0,0,0,0,0
443,55216,6,UDP,0.175,13,14087,1083.62,74.44,0,0,0,0,0
53,34162,4,UDP,0.064,2,251,125.5,31.3,0,0,0,0,0
443,34982,6,TCP,0.948,18,7497,416.5,18.99,2,15,2,2,0
443,34998,6,TCP,83.896,66,24052,364.42,0.79,2,65,2,0,0
53,56138,4,UDP,0.209,2,230,115.0,9.57,0,0,0,0,0
53,53382,4,UDP,0.221,2,176,88.0,9.05,0,0,0,0,0
53,41953,4,UDP,0.221,2,230,115.0,9.03,0,0,0,0,0
41488,443,4,TCP,2.855,21,6979,332.33,7.36,2,18,0,3,0
41504,443,4,TCP,2.851,21,6978,332.29,7.37,2,18,2,2,0
41514,443,4,TCP,68.335,51,18606,364.82,0.75,3,47,2,3,0
63772,1900,4,UDP,3.0,4,848,212.0,1.33,0,0,0,0,0
63774,1900,4,UDP,3.0,4,848,212.0,1.33,0,0,0,0,0
443,37814,6,TCP,2.248,18,6813,378.5,8.01,3,16,2,1,0
443,44507,6,UDP,1.22,23,13613,591.87,18.85,0,0,0,0,0
53,56841,4,UDP,0.187,2,418,209.0,10.7,0,0,0,0,0
53,46268,4,UDP,0.187,2,281,140.5,10.69,0,0,0,0,0
53,45234,4,UDP,0.044,2,228,114.0,45.34,0,0,0,0,0
53,40670,4,UDP,0.042,2,252,126.0,47.54,0,0,0,0,0
53,43095,4,UDP,0.046,2,260,130.0,43.56,0,0,0,0,0
53,40378,4,UDP,0.044,2,233,116.5,45.37,0,0,0,0,0
53,59662,4,UDP,0.041,2,275,137.5,48.52,0,0,0,0,0
53,47556,4,UDP,0.041,2,275,137.5,48.81,0,0,0,0,0
53,56373,4,UDP,0.038,2,249,124.5,52.22,0,0,0,0,0
53,54008,4,UDP,0.013,2,188,94.0,149.94,0,0,0,0,0
443,46932,6,TCP,0.266,26,6917,266.04,97.79,2,25,2,0,0
443,46942,6,TCP,0.293,29,7206,248.48,98.84,2,28,2,0,0
53,60963,4,UDP,0.123,2,192,96.0,16.32,0,0,0,0,0
53,40436,4,UDP,0.101,2,308,154.0,19.88,0,0,0,0,0
53,54318,4,UDP,0.001,1,153,153.0,1000.0,0,0,0,0,0
53,49676,4,UDP,0.001,1,107,107.0,1000.0,0,0,0,0,0
53,41180,4,UDP,0.048,2,293,146.5,41.69,0,0,0,0,0
53,58589,4,UDP,0.024,2,335,167.5,82.98,0,0,0,0,0
53,34141,4,UDP,0.044,2,335,167.5,45.8,0,0,0,0,0
53,55988,4,UDP,0.037,2,186,93.0,54.1,0,0,0,0,0
53,60283,4,UDP,0.038,2,254,127.0,52.71,0,0,0,0,0
53,58888,4,UDP,0.003,2,186,93.0,651.24,0,0,0,0,0
53,50055,4,UDP,0.015,2,247,123.5,134.95,0,0,0,0,0
53,39756,4,UDP,0.038,2,228,114.0,52.1,0,0,0,0,0
53,47035,4,UDP,0.042,2,252,126.0,47.73,0,0,0,0,0
53,50414,4,UDP,0.036,2,260,130.0,56.33,0,0,0,0,0
53,44435,4,UDP,0.037,2,277,138.5,54.03,0,0,0,0,0
53,46197,4,UDP,0.042,2,325,162.5,47.89,0,0,0,0,0
53,56888,4,UDP,0.046,2,285,142.5,43.71,0,0,0,0,0
53,54129,4,UDP,0.032,2,267,133.5,63.47,0,0,0,0,0
443,55420,6,TCP,14.577,28,7089,253.18,1.92,2,27,2,0,0
53,44084,4,UDP,0.036,2,176,88.0,55.34,0,0,0,0,0
53,54541,4,UDP,0.035,2,241,120.5,57.36,0,0,0,0,0
53,53440,4,UDP,227.031,4,433,108.25,0.02,0,0,0,0,0
53,59261,4,UDP,0.024,2,206,103.0,81.85,0,0,0,0,0
53,39512,4,UDP,0.043,2,260,130.0,46.28,0,0,0,0,0
53,59072,4,UDP,0.045,2,260,130.0,44.83,0,0,0,0,0
443,39386,4,TCP,5.823,60,33523,558.72,10.3,2,57,2,3,0
443,39392,4,TCP,0.809,20,6435,321.75,24.73,2,19,2,0,0
39240,443,4,TCP,16.93,34,9445,277.79,2.01,2,32,2,1,0
39244,443,4,TCP,1.25,6,404,67.33,4.8,4,2,0,2,0
53,33739,4,UDP,0.032,2,204,102.0,63.04,0,0,0,0,0
53,42770,4,UDP,0.36,2,258,129.0,5.56,0,0,0,0,0
53,52256,4,UDP,0.022,2,258,129.0,89.33,0,0,0,0,0
48114,443,4,TCP,86.118,68,15724,231.24,0.79,2,66,3,1,0
48130,443,4,TCP,3.31,3,202,67.33,0.91,2,1,0,1,0
123,39144,4,UDP,0.132,2,180,90.0,15.21,0,0,0,0,0
123,38262,4,UDP,0.001,1,90,90.0,1000.0,0,0,0,0,0
46966,123,4,UDP,0.188,2,180,90.0,10.65,0,0,0,0,0
33898,123,4,UDP,0.174,2,180,90.0,11.52,0,0,0,0,0
34986,123,4,UDP,0.045,2,180,90.0,44.32,0,0,0,0,0
52389,123,4,UDP,0.077,2,180,90.0,26.12,0,0,0,0,0
123,35824,4,UDP,0.033,2,180,90.0,60.71,0,0,0,0,0
123,54238,4,UDP,0.041,2,180,90.0,49.35,0,0,0,0,0
443,59542,6,TCP,46.678,28,7120,254.29,0.6,2,27,2,0,0
443,59544,6,TCP,14.19,23,6659,289.52,1.62,2,22,2,0,0
123,38623,4,UDP,0.044,2,180,90.0,45.73,0,0,0,0,0
123,54758,4,UDP,0.001,1,90,90.0,1000.0,0,0,0,0,0
123,60155,4,UDP,0.054,2,180,90.0,37.35,0,0,0,0,0
123,59656,4,UDP,0.052,2,180,90.0,38.11,0,0,0,0,0
55144,123,4,UDP,0.047,2,180,90.0,42.28,0,0,0,0,0
52742,123,4,UDP,0.044,2,180,90.0,45.68,0,0,0,0,0
123,53002,4,UDP,0.042,2,180,90.0,47.96,0,0,0,0,0
123,52802,4,UDP,0.076,2,180,90.0,26.33,0,0,0,0,0
443,51278,6,TCP,0.186,28,7120,254.29,150.79,2,27,2,0,0
443,51288,6,TCP,0.161,25,6831,273.24,155.44,2,24,2,0,0
53,51586,4,UDP,0.025,2,190,95.0,80.3,0,0,0,0,0
53,38810,4,UDP,0.032,2,244,122.0,61.96,0,0,0,0,0
53,52152,4,UDP,0.035,2,244,122.0,56.49,0,0,0,0,0
53,36765,4,UDP,0.029,2,258,129.0,68.86,0,0,0,0,0
53,34578,4,UDP,0.171,2,204,102.0,11.72,0,0,0,0,0
53,43945,4,UDP,0.174,2,258,129.0,11.51,0,0,0,0,0
57510,443,4,TCP,65.787,34,8271,243.26,0.52,2,33,2,0,0
443,58886,4,TCP,5.829,34,7063,207.74,5.83,2,31,2,3,0
57516,443,4,TCP,0.847,22,6608,300.36,25.98,2,19,2,2,0
40338,443,4,TCP,2.797,20,6431,321.55,7.15,2,18,2,1,0
40348,443,4,TCP,363.252,2192,1717754,783.65,6.03,2,2191,0,0,0
53,39262,4,UDP,0.032,2,192,96.0,61.62,0,0,0,0,0
53,46756,4,UDP,0.036,2,188,94.0,54.81,0,0,0,0,0
53,44072,4,UDP,0.037,2,222,111.0,53.87,0,0,0,0,0
49658,443,6,TCP,3.925,72,40417,561.35,18.34,2,71,2,0,0
49674,443,6,TCP,0.527,23,8097,352.04,43.67,2,19,2,3,0
60640,443,6,UDP,4.16,38,26529,698.13,9.13,0,0,0,0,0
53,42329,4,UDP,0.029,2,213,106.5,68.58,0,0,0,0,0
53,47032,4,UDP,0.039,2,200,100.0,50.69,0,0,0,0,0
53,35050,4,UDP,0.025,2,196,98.0,79.74,0,0,0,0,0
53080,443,6,UDP,3.532,16,12716,794.75,4.53,0,0,0,0,0
53,59398,4,UDP,0.025,2,298,149.0,80.52,0,0,0,0,0
443,53007,6,UDP,40.068,389,951203,2445.25,9.71,0,0,0,0,0
443,38851,6,UDP,0.118,11,10493,953.91,93.61,0,0,0,0,0
53,59091,4,UDP,0.012,2,204,102.0,162.97,0,0,0,0,0
443,59923,6,UDP,0.274,14,11896,849.71,51.14,0,0,0,0,0
53,41992,4,UDP,0.041,2,200,100.0,48.75,0,0,0,0,0
443,49711,6,UDP,0.188,39,94457,2421.97,207.5,0,0,0,0,0
53,48842,4,UDP,0.032,2,214,107.0,63.14,0,0,0,0,0
53,41390,4,UDP,0.032,2,226,113.0,62.09,0,0,0,0,0
53,42034,4,UDP,0.031,2,248,124.0,63.51,0,0,0,0,0
443,50084,6,TCP,171.874,69,22027,319.23,0.4,2,68,2,0,0
443,50100,6,TCP,1.315,37,16913,457.11,28.14,2,36,2,0,0
443,50110,6,TCP,24.046,37,16835,455.0,1.54,2,32,2,4,0
443,54464,6,UDP,30.358,19,15512,816.42,0.63,0,0,0,0,0
443,45467,6,UDP,0.293,14,11715,836.79,47.72,0,0,0,0,0
0,0,6,OTHER,141.996,2,124,62.0,0.01,0,0,0,0,0
0,0,6,OTHER,147.068,6,628,104.67,0.04,0,0,0,0,0
443,51526,6,TCP,22.158,28,7089,253.18,1.26,2,27,2,0,0
443,51542,6,TCP,22.173,28,7120,254.29,1.26,2,27,2,0,0
443,51548,6,TCP,0.139,24,6757,281.54,172.48,2,23,2,0,0
443,51558,6,TCP,0.147,26,6948,267.23,176.92,2,25,2,0,0
53,50005,4,UDP,0.029,2,216,108.0,68.95,0,0,0,0,0
53,42591,4,UDP,0.047,2,228,114.0,42.98,0,0,0,0,0
53,39001,4,UDP,0.031,2,277,138.5,65.34,0,0,0,0,0
53,56895,4,UDP,0.026,2,232,116.0,76.09,0,0,0,0,0
53,34370,4,UDP,0.028,2,244,122.0,72.4,0,0,0,0,0
53,51166,4,UDP,0.032,2,247,123.5,62.43,0,0,0,0,0
49432,443,6,TCP,170.442,40,11774,294.35,0.23,2,36,2,3,0
443,56356,6,UDP,2.125,66,23045,349.17,31.06,0,0,0,0,0
443,52411,6,UDP,0.395,29,37438,1290.97,73.43,0,0,0,0,0
56276,443,4,TCP,183.839,35,6714,191.83,0.19,2,34,2,0,0
53,45411,4,UDP,0.041,2,327,163.5,48.55,0,0,0,0,0
53,45258,4,UDP,0.043,2,311,155.5,47.02,0,0,0,0,0
53,56783,4,UDP,0.063,2,323,161.5,31.95,0,0,0,0,0
443,45112,6,TCP,1.459,34,16368,481.41,23.3,2,33,2,0,0
443,45124,6,TCP,1.78,50,24666,493.32,28.08,2,49,2,0,0
53,45319,4,UDP,0.193,2,260,130.0,10.36,0,0,0,0,0
53,59542,4,UDP,0.247,2,260,130.0,8.08,0,0,0,0,0
53,50068,4,UDP,0.203,2,237,118.5,9.87,0,0,0,0,0
53,58313,4,UDP,0.18,2,241,120.5,11.12,0,0,0,0,0
53,38553,4,UDP,0.137,2,444,222.0,14.58,0,0,0,0,0
53,37675,4,UDP,0.174,2,466,233.0,11.49,0,0,0,0,0
53,47319,4,UDP,0.175,2,322,161.0,11.46,0,0,0,0,0
53,56491,4,UDP,84.864,4,433,108.25,0.05,0,0,0,0,0
53,59882,4,UDP,0.139,2,230,115.0,14.38,0,0,0,0,0
53,41574,4,UDP,0.212,2,221,110.5,9.44,0,0,0,0,0
53,39227,4,UDP,0.1,2,233,116.5,20.09,0,0,0,0,0
53,45288,4,UDP,0.142,2,256,128.0,14.07,0,0,0,0,0
53,34336,4,UDP,0.123,2,174,87.0,16.28,0,0,0,0,0
53,60817,4,UDP,188.16,4,629,157.25,0.02,0,0,0,0,0
53,43600,4,UDP,0.123,2,226,113.0,16.2,0,0,0,0,0
53,56956,4,UDP,203.996,6,712,118.67,0.03,0,0,0,0,0
53,35694,4,UDP,0.124,2,263,131.5,16.09,0,0,0,0,0
53,48809,4,UDP,0.082,2,263,131.5,24.37,0,0,0,0,0
53,48251,4,UDP,0.196,2,247,123.5,10.22,0,0,0,0,0
53,37104,4,UDP,0.194,2,229,114.5,10.3,0,0,0,0,0
53,35650,4,UDP,0.16,2,271,135.5,12.49,0,0,0,0,0
53,41756,4,UDP,0.162,2,298,149.0,12.31,0,0,0,0,0
53,51983,4,UDP,0.161,2,322,161.0,12.44,0,0,0,0,0
53,41598,4,UDP,0.162,2,241,120.5,12.34,0,0,0,0,0
53,46549,4,UDP,0.184,2,327,163.5,10.87,0,0,0,0,0
53,60555,4,UDP,0.155,2,218,109.0,12.88,0,0,0,0,0
53,48442,4,UDP,0.158,2,242,121.0,12.63,0,0,0,0,0
53,51614,4,UDP,0.144,2,251,125.5,13.88,0,0,0,0,0
53,51430,4,UDP,0.164,2,245,122.5,12.16,0,0,0,0,0
53,41800,4,UDP,0.143,2,242,121.0,13.94,0,0,0,0,0
53,40430,4,UDP,0.145,2,402,201.0,13.83,0,0,0,0,0
53,33840,4,UDP,0.125,2,265,132.5,15.95,0,0,0,0,0
53,46900,4,UDP,0.125,2,266,133.0,16.06,0,0,0,0,0
53,38400,4,UDP,0.126,2,290,145.0,15.82,0,0,0,0,0
53,56535,4,UDP,0.033,2,184,92.0,61.18,0,0,0,0,0
53,37745,4,UDP,0.072,2,229,114.5,27.88,0,0,0,0,0
53,57955,4,UDP,0.054,2,254,127.0,36.95,0,0,0,0,0
53,41261,4,UDP,0.045,2,260,130.0,44.37,0,0,0,0,0
53,47832,4,UDP,0.003,2,277,138.5,711.44,0,0,0,0,0
53,50720,4,UDP,0.003,2,340,170.0,663.6,0,0,0,0,0
443,43243,6,UDP,0.055,16,15366,960.38,291.12,0,0,0,0,0
53,39447,4,UDP,0.033,2,232,116.0,60.22,0,0,0,0,0
443,36557,6,UDP,4.318,31,55933,1804.29,7.18,0,0,0,0,0
53,38759,4,UDP,0.033,2,206,103.0,61.35,0,0,0,0,0
53,40441,4,UDP,0.032,2,247,123.5,62.74,0,0,0,0,0
443,53971,4,UDP,1.155,25,12876,515.04,21.65,0,0,0,0,0
443,46138,6,UDP,0.19,11,20031,1821.0,57.75,0,0,0,0,0
443,60715,6,UDP,0.265,11,8344,758.55,41.48,0,0,0,0,0
53,46917,4,UDP,0.112,2,218,109.0,17.89,0,0,0,0,0
443,47799,6,UDP,0.233,19,11673,614.37,81.47,0,0,0,0,0
443,51288,6,UDP,0.139,13,12783,983.31,93.7,0,0,0,0,0
443,55075,6,UDP,0.138,10,12635,1263.5,72.56,0,0,0,0,0
123,38960,4,UDP,0.093,2,180,90.0,21.6,0,0,0,0,0
443,40539,6,UDP,0.581,16,12291,768.19,27.52,0,0,0,0,0
443,49505,6,UDP,0.377,19,14419,758.89,50.36,0,0,0,0,0
443,55472,6,TCP,170.641,40,12673,316.82,0.23,2,39,2,0,0
443,58784,6,TCP,0.912,27,11370,421.11,29.59,2,25,1,2,0
443,58800,6,TCP,201.082,869,650468,748.52,4.32,2,868,2,0,0
123,32856,4,UDP,0.036,2,180,90.0,55.76,0,0,0,0,0
56838,123,4,UDP,0.267,2,180,90.0,7.49,0,0,0,0,0
443,44940,6,UDP,0.183,13,13309,1023.77,71.13,0,0,0,0,0
40940,123,4,UDP,0.238,2,180,90.0,8.4,0,0,0,0,0
59831,123,4,UDP,0.189,2,180,90.0,10.55,0,0,0,0,0
123,46975,4,UDP,0.062,2,180,90.0,32.47,0,0,0,0,0
53,47011,4,UDP,0.064,2,206,103.0,31.1,0,0,0,0,0
53,47591,4,UDP,0.063,2,192,96.0,31.81,0,0,0,0,0
53,57090,4,UDP,0.065,2,237,118.5,30.62,0,0,0,0,0
58754,443,4,TCP,251.478,1011,783982,775.45,4.02,2,1010,2,0,0
35823,123,4,UDP,0.128,2,180,90.0,15.59,0,0,0,0,0
58768,443,4,TCP,10.915,23,7738,336.43,2.11,2,22,2,1,0
123,33139,4,UDP,0.041,2,180,90.0,48.99,0,0,0,0,0
123,35011,4,UDP,0.041,2,180,90.0,48.99,0,0,0,0,0
123,34395,4,UDP,0.107,2,180,90.0,18.71,0,0,0,0,0
123,37284,4,UDP,0.066,2,180,90.0,30.17,0,0,0,0,0
123,56202,4,UDP,0.051,2,180,90.0,38.96,0,0,0,0,0
59174,123,4,UDP,0.041,2,180,90.0,48.48,0,0,0,0,0
53,58787,4,UDP,0.052,2,208,104.0,38.66,0,0,0,0,0
53,44544,4,UDP,0.042,2,204,102.0,47.37,0,0,0,0,0
53,51761,4,UDP,0.06,2,218,109.0,33.58,0,0,0,0,0
53,57405,4,UDP,0.042,2,237,118.5,48.12,0,0,0,0,0
53,45546,4,UDP,0.051,2,196,98.0,39.59,0,0,0,0,0
53,52905,4,UDP,0.051,2,208,104.0,39.49,0,0,0,0,0
47561,123,4,UDP,0.088,2,180,90.0,22.72,0,0,0,0,0
49120,443,6,TCP,0.661,21,7930,377.62,31.77,2,18,2,2,0
49126,443,6,TCP,246.696,337,238049,706.38,1.37,2,336,2,0,0
443,56010,6,TCP,1.511,74,47349,639.85,48.99,2,73,2,0,0
443,56022,6,TCP,0.963,25,10596,423.84,25.95,2,23,1,2,0
53,49386,4,UDP,0.062,2,192,96.0,32.1,0,0,0,0,0
53,36943,4,UDP,0.06,2,245,122.5,33.17,0,0,0,0,0
53,50791,4,UDP,0.062,2,245,122.5,32.32,0,0,0,0,0
53,44291,4,UDP,0.079,2,232,116.0,25.41,0,0,0,0,0
53,53295,4,UDP,0.064,2,392,196.0,31.27,0,0,0,0,0
53,45679,4,UDP,0.077,2,252,126.0,25.96,0,0,0,0,0
53,50452,4,UDP,0.049,2,190,95.0,41.09,0,0,0,0,0
53,34271,4,UDP,0.047,2,202,101.0,42.79,0,0,0,0,0
53,39234,4,UDP,0.024,2,236,118.0,83.84,0,0,0,0,0
123,52321,4,UDP,0.062,2,180,90.0,32.5,0,0,0,0,0
35922,443,6,TCP,0.632,23,8017,348.57,36.4,2,22,2,0,0
443,59307,6,UDP,0.218,13,14267,1097.46,59.76,0,0,0,0,0
53,52593,4,UDP,0.047,2,184,92.0,42.23,0,0,0,0,0
53,46185,4,UDP,0.048,2,230,115.0,41.47,0,0,0,0,0
53,34531,4,UDP,0.043,2,201,100.5,46.3,0,0,0,0,0
35934,443,6,TCP,30.305,53,20792,392.3,1.75,2,52,1,1,0
123,35082,4,UDP,0.123,2,180,90.0,16.21,0,0,0,0,0
53,51644,4,UDP,0.03,2,237,118.5,66.13,0,0,0,0,0
53,43349,4,UDP,0.059,2,249,124.5,33.83,0,0,0,0,0
53,47415,4,UDP,0.057,2,278,139.0,35.16,0,0,0,0,0
53,40949,4,UDP,0.045,2,237,118.5,44.93,0,0,0,0,0
53,58500,4,UDP,0.056,2,249,124.5,35.41,0,0,0,0,0
53,59772,4,UDP,0.062,2,278,139.0,32.28,0,0,0,0,0
60711,443,4,UDP,0.255,27,19714,730.15,105.74,0,0,0,0,0
53,35039,4,UDP,0.059,2,237,118.5,33.99,0,0,0,0,0
53,52059,4,UDP,0.06,2,249,124.5,33.46,0,0,0,0,0
53,40734,4,UDP,0.059,2,278,139.0,34.18,0,0,0,0,0
35944,443,6,TCP,0.252,24,8080,336.67,95.34,2,23,2,0,0
35950,443,6,TCP,0.582,23,8016,348.52,39.5,2,21,1,2,0
35956,443,6,TCP,0.541,25,8165,326.6,46.24,2,22,2,2,0
53,45729,4,UDP,0.021,2,271,135.5,97.15,0,0,0,0,0
35972,443,6,TCP,0.55,23,8017,348.57,41.85,2,22,2,0,0
40860,443,4,TCP,170.445,33,8632,261.58,0.19,2,32,2,0,0
443,42170,6,TCP,1.454,53,20586,388.42,36.46,2,52,2,0,0
443,42172,6,TCP,1.701,35,16454,470.11,20.57,2,34,2,0,0
443,49828,6,TCP,0.592,46,20084,436.61,77.72,2,45,2,0,0
443,46686,6,TCP,6.033,20,10548,527.4,3.32,2,17,2,2,0
443,46698,6,TCP,1.788,51,20734,406.55,28.52,2,50,2,0,0
40872,443,4,TCP,1.049,23,7714,335.39,21.93,2,19,2,3,0
40888,443,4,TCP,1.018,20,7532,376.6,19.64,2,19,2,0,0
443,52331,6,UDP,0.175,12,13844,1153.67,68.45,0,0,0,0,0
53,50516,4,UDP,0.097,2,247,123.5,20.52,0,0,0,0,0
443,40854,6,TCP,1.036,24,10659,444.12,23.17,2,22,1,2,0
443,40856,6,TCP,8.452,273,196783,720.82,32.3,2,272,2,0,0
443,38293,6,UDP,0.126,13,12570,966.92,102.8,0,0,0,0,0
443,52414,6,UDP,0.173,13,15136,1164.31,75.12,0,0,0,0,0
53,34653,4,UDP,0.034,2,218,109.0,59.08,0,0,0,0,0
53,36578,4,UDP,0.028,2,232,116.0,72.27,0,0,0,0,0
40126,443,6,TCP,0.537,21,7979,379.95,39.12,2,20,2,0,0
40136,443,6,TCP,171.051,34,9959,292.91,0.2,2,33,2,0,0
443,56585,6,UDP,0.061,13,13029,1002.23,214.25,0,0,0,0,0
53,34867,4,UDP,0.026,2,218,109.0,78.21,0,0,0,0,0
53,36472,4,UDP,0.03,2,242,121.0,65.93,0,0,0,0,0
53,39543,4,UDP,0.031,2,255,127.5,64.63,0,0,0,0,0
53,46306,4,UDP,0.028,2,178,89.0,71.15,0,0,0,0,0
53,43398,4,UDP,0.024,2,224,112.0,83.75,0,0,0,0,0
53,60812,4,UDP,0.03,2,224,112.0,66.02,0,0,0,0,0
443,34576,6,TCP,0.166,24,6781,282.54,144.41,2,23,2,0,0
53,59411,4,UDP,0.044,2,217,108.5,45.94,0,0,0,0,0
53,42771,4,UDP,0.023,2,259,129.5,86.88,0,0,0,0,0
53,39434,4,UDP,0.023,2,259,129.5,85.83,0,0,0,0,0
53,55445,4,UDP,0.007,2,188,94.0,270.33,0,0,0,0,0
53,47335,4,UDP,0.026,2,249,124.5,75.55,0,0,0,0,0
53,55193,4,UDP,0.038,2,198,99.0,51.97,0,0,0,0,0
53,50942,4,UDP,0.033,2,238,119.0,60.48,0,0,0,0,0
53,55177,4,UDP,0.035,2,244,122.0,57.62,0,0,0,0,0
53,50078,4,UDP,0.036,2,283,141.5,56.29,0,0,0,0,0
53,45834,4,UDP,0.026,2,443,221.5,76.34,0,0,0,0,0
53,44534,4,UDP,0.027,2,241,120.5,73.85,0,0,0,0,0
57825,1900,4,UDP,3.024,4,848,212.0,1.32,0,0,0,0,0
57823,1900,4,UDP,3.025,4,848,212.0,1.32,0,0,0,0,0
53,45933,4,UDP,0.031,2,265,132.5,65.21,0,0,0,0,0
53,37417,4,UDP,0.027,2,222,111.0,72.76,0,0,0,0,0
53,48854,4,UDP,0.035,2,223,111.5,57.04,0,0,0,0,0
53,33465,4,UDP,0.042,2,223,111.5,47.72,0,0,0,0,0
53,52118,4,UDP,0.03,2,218,109.0,65.86,0,0,0,0,0
53,37174,4,UDP,0.04,2,242,121.0,50.28,0,0,0,0,0
53,33727,4,UDP,0.04,2,251,125.5,50.32,0,0,0,0,0
53,56971,4,UDP,0.036,2,258,129.0,55.23,0,0,0,0,0
53,52295,4,UDP,0.036,2,418,209.0,55.28,0,0,0,0,0
53,41956,4,UDP,0.034,2,281,140.5,59.56,0,0,0,0,0
443,35952,6,TCP,0.23,27,7003,259.37,117.28,2,26,2,0,0
443,35954,6,TCP,198.845,572,316127,552.67,2.88,2,571,2,0,0
53,53959,4,UDP,0.045,2,322,161.0,44.57,0,0,0,0,0
53,43376,4,UDP,0.025,2,346,173.0,81.58,0,0,0,0,0
53,47713,4,UDP,0.038,2,351,175.5,53.25,0,0,0,0,0
53,39323,4,UDP,0.039,2,233,116.5,51.62,0,0,0,0,0
53,45740,4,UDP,0.056,2,275,137.5,35.72,0,0,0,0,0
53,50641,4,UDP,0.036,2,275,137.5,55.86,0,0,0,0,0
53,58627,4,UDP,0.024,2,260,130.0,82.49,0,0,0,0,0
53,46052,4,UDP,0.02,2,249,124.5,100.3,0,0,0,0,0
53,57260,4,UDP,0.0,2,188,94.0,5749.56,0,0,0,0,0
53,35794,4,UDP,0.05,2,356,178.0,39.73,0,0,0,0,0
443,42073,6,UDP,22.897,213,657861,3088.55,9.3,0,0,0,0,0
53,48079,4,UDP,0.1,2,216,108.0,19.99,0,0,0,0,0
53,38384,4,UDP,0.1,2,308,154.0,19.9,0,0,0,0,0
53,60249,4,UDP,0.021,2,293,146.5,94.73,0,0,0,0,0
53,51293,4,UDP,0.058,2,335,167.5,34.48,0,0,0,0,0
53,34522,4,UDP,0.03,2,335,167.5,67.33,0,0,0,0,0
53,38898,4,UDP,0.058,2,186,93.0,34.57,0,0,0,0,0
53,43851,4,UDP,0.055,2,226,113.0,36.39,0,0,0,0,0
53,44116,4,UDP,0.055,2,232,116.0,36.11,0,0,0,0,0
53,59061,4,UDP,0.02,2,247,123.5,102.2,0,0,0,0,0
53,39760,4,UDP,0.001,2,186,93.0,1975.65,0,0,0,0,0
53,48587,4,UDP,0.046,2,266,133.0,43.65,0,0,0,0,0
53,55098,4,UDP,0.046,2,290,145.0,43.58,0,0,0,0,0
53,35957,4,UDP,0.048,2,298,149.0,42.0,0,0,0,0,0
53,46584,4,UDP,0.046,2,256,128.0,43.47,0,0,0,0,0
53,46034,4,UDP,0.046,2,304,152.0,43.08,0,0,0,0,0
53,36170,4,UDP,0.055,2,267,133.5,36.67,0,0,0,0,0
53,49336,4,UDP,0.037,2,260,130.0,54.18,0,0,0,0,0
53,33670,4,UDP,0.033,2,188,94.0,61.3,0,0,0,0,0
443,37268,6,UDP,0.107,18,58841,3268.94,168.87,0,0,0,0,0
53,52540,4,UDP,0.034,2,344,172.0,58.32,0,0,0,0,0
53,33495,4,UDP,0.047,2,280,140.0,42.22,0,0,0,0,0
443,34066,6,UDP,10.597,112,127891,1141.88,10.57,0,0,0,0,0
58968,1900,4,UDP,2.983,4,848,212.0,1.34,0,0,0,0,0
58967,1900,4,UDP,2.981,4,848,212.0,1.34,0,0,0,0,0
53,37682,4,UDP,0.071,2,192,96.0,28.23,0,0,0,0,0
443,46161,6,UDP,0.114,19,14251,750.05,166.32,0,0,0,0,0
443,55284,6,UDP,0.089,12,11460,955.0,135.48,0,0,0,0,0
53,54954,4,UDP,0.026,2,260,130.0,77.18,0,0,0,0,0
53,51715,4,UDP,0.026,2,272,136.0,77.7,0,0,0,0,0
53,58374,4,UDP,0.044,2,301,150.5,45.11,0,0,0,0,0
53,39504,4,UDP,0.018,2,265,132.5,111.26,0,0,0,0,0
443,49904,6,TCP,115.721,47,11823,251.55,0.41,2,46,2,0,0
443,49908,6,TCP,5.284,22,8465,384.77,4.16,2,21,2,0,0
443,37887,6,UDP,5.65,27,17353,642.7,4.78,0,0,0,0,0
45968,443,6,TCP,170.351,39,7816,200.41,0.23,2,36,2,2,0
53,59243,4,UDP,0.026,2,224,112.0,77.49,0,0,0,0,0
53,49425,4,UDP,0.042,2,236,118.0,47.32,0,0,0,0,0
53,55421,4,UDP,0.043,2,296,148.0,46.06,0,0,0,0,0
53,52474,4,UDP,0.019,2,368,184.0,107.16,0,0,0,0,0
49408,80,6,TCP,0.001,1,94,94.0,1000.0,1,0,0,0,0
32770,80,4,TCP,0.781,9,770,85.56,11.53,2,7,1,2,0
39698,80,6,TCP,0.001,1,94,94.0,1000.0,1,0,0,0,0
80,58918,4,TCP,0.176,3,202,67.33,17.07,2,1,0,1,0
55908,80,6,TCP,1.185,11,1246,113.27,9.28,2,10,3,0,0
53,33936,4,UDP,0.021,2,208,104.0,93.29,0,0,0,0,0
53,41474,4,UDP,0.02,2,220,110.0,98.97,0,0,0,0,0
443,44392,6,UDP,1.011,15,11327,755.13,14.84,0,0,0,0,0
53,41944,4,UDP,0.055,2,260,130.0,36.55,0,0,0,0,0
53,43268,4,UDP,0.058,2,272,136.0,34.44,0,0,0,0,0
443,58606,6,UDP,0.312,78,553150,7091.67,249.7,0,0,0,0,0
443,59731,6,UDP,4.81,19,22291,1173.21,3.95,0,0,0,0,0
53,41420,4,UDP,0.026,2,264,132.0,76.18,0,0,0,0,0
53,42801,4,UDP,0.023,2,228,114.0,86.16,0,0,0,0,0
443,58758,6,UDP,0.752,19,12815,674.47,25.28,0,0,0,0,0
53,58604,4,UDP,0.029,2,271,135.5,68.11,0,0,0,0,0
443,60466,6,TCP,7.345,35,16411,468.89,4.76,2,30,2,4,0
443,60468,6,TCP,2.992,94,62070,660.32,31.41,2,91,2,2,0
53,49708,4,UDP,0.025,2,224,112.0,79.62,0,0,0,0,0
443,52226,6,UDP,0.16,16,11947,746.69,99.88,0,0,0,0,0
443,37861,6,UDP,0.147,14,14016,1001.14,95.36,0,0,0,0,0
53,59702,4,UDP,0.034,2,279,139.5,59.0,0,0,0,0,0
53,45646,4,UDP,135.75,4,489,122.25,0.03,0,0,0,0,0
45984,443,6,TCP,267.475,18142,13570090,747.99,67.83,2,18141,0,0,0
45310,443,6,TCP,210.505,55,12772,232.22,0.26,2,54,2,0,0
53,52386,4,UDP,0.03,2,268,134.0,65.8,0,0,0,0,0
53,34460,4,UDP,0.031,2,280,140.0,65.13,0,0,0,0,0
52112,443,6,TCP,211.548,137,85760,625.99,0.65,2,134,2,2,0
53,43586,4,UDP,0.009,2,258,129.0,219.1,0,0,0,0,0
53,36471,4,UDP,0.032,2,190,95.0,63.09,0,0,0,0,0
0,0,6,OTHER,99.311,200,23600,118.0,2.01,0,0,0,0,0
53,50661,4,UDP,0.027,2,356,178.0,73.3,0,0,0,0,0
123,35693,4,UDP,0.101,2,180,90.0,19.87,0,0,0,0,0
123,48902,4,UDP,0.044,2,180,90.0,45.57,0,0,0,0,0
38659,123,4,UDP,0.182,2,180,90.0,10.98,0,0,0,0,0
50988,123,4,UDP,0.175,2,180,90.0,11.42,0,0,0,0,0
47271,123,4,UDP,0.041,2,180,90.0,48.48,0,0,0,0,0
123,34340,4,UDP,0.029,2,180,90.0,68.02,0,0,0,0,0
59239,123,4,UDP,0.05,2,180,90.0,40.05,0,0,0,0,0
123,35951,4,UDP,0.102,2,180,90.0,19.68,0,0,0,0,0
123,54823,4,UDP,0.055,2,180,90.0,36.22,0,0,0,0,0
123,46232,4,UDP,0.041,2,180,90.0,48.64,0,0,0,0,0
123,34726,4,UDP,0.043,2,180,90.0,46.12,0,0,0,0,0
123,33042,4,UDP,0.063,2,180,90.0,31.53,0,0,0,0,0
54937,123,4,UDP,0.047,2,180,90.0,42.71,0,0,0,0,0
123,55693,4,UDP,0.05,2,180,90.0,39.84,0,0,0,0,0
52466,123,4,UDP,0.041,2,180,90.0,49.03,0,0,0,0,0
123,51017,4,UDP,0.078,2,180,90.0,25.75,0,0,0,0,0
65025,5355,4,UDP,0.409,2,134,67.0,4.89,0,0,0,0,0
50717,5355,4,UDP,0.422,2,134,67.0,4.74,0,0,0,0,0
56839,1900,4,UDP,3.014,4,848,212.0,1.33,0,0,0,0,0
56841,1900,4,UDP,3.013,4,848,212.0,1.33,0,0,0,0,0
53,52090,4,UDP,0.034,2,237,118.5,59.6,0,0,0,0,0
53,33169,4,UDP,0.041,2,237,118.5,48.8,0,0,0,0,0
53,57246,4,UDP,0.035,2,249,124.5,57.57,0,0,0,0,0
443,35793,6,UDP,0.147,19,15230,801.58,129.11,0,0,0,0,0
53,42571,4,UDP,0.04,2,266,133.0,49.92,0,0,0,0,0
53,35441,4,UDP,0.037,2,230,115.0,53.72,0,0,0,0,0
53,48342,4,UDP,0.024,2,227,113.5,84.97,0,0,0,0,0
443,42472,6,TCP,0.016,3,262,87.33,183.66,2,1,0,1,0
443,43995,6,UDP,1.083,78,251468,3223.95,72.01,0,0,0,0,0
443,42478,6,TCP,103.412,33,10020,303.64,0.32,2,32,2,0,0
443,36569,6,UDP,0.101,12,11572,964.33,118.23,0,0,0,0,0
53,43477,4,UDP,0.01,2,196,98.0,199.72,0,0,0,0,0
53,34788,4,UDP,0.01,2,230,115.0,200.6,0,0,0,0,0
443,34004,6,TCP,4.524,157,125263,797.85,34.71,2,156,2,0,0
443,34014,6,TCP,1.076,25,10207,408.28,23.23,2,24,2,0,0
53,34799,4,UDP,0.027,2,247,123.5,74.11,0,0,0,0,0
53,54350,4,UDP,0.034,2,206,103.0,59.08,0,0,0,0,0
53,36258,4,UDP,0.027,2,324,162.0,74.27,0,0,0,0,0
53,42399,4,UDP,0.03,2,208,104.0,65.83,0,0,0,0,0
53,59621,4,UDP,0.031,2,204,102.0,65.5,0,0,0,0,0
443,38058,6,TCP,0.708,25,9417,376.68,35.32,2,21,2,3,0
443,38068,6,TCP,0.808,39,12163,311.87,48.26,2,38,2,0,0
443,47509,6,UDP,3.813,72,101298,1406.92,18.88,0,0,0,0,0
443,46392,6,UDP,0.08,12,11617,968.08,150.91,0,0,0,0,0
443,55844,6,UDP,0.139,34,70349,2069.09,244.68,0,0,0,0,0
443,52978,6,TCP,170.998,35,9934,283.83,0.2,2,34,2,0,0
443,47057,6,UDP,0.081,12,11452,954.33,147.77,0,0,0,0,0
53,34899,4,UDP,0.034,2,226,113.0,59.67,0,0,0,0,0
53,39288,4,UDP,0.031,2,238,119.0,64.58,0,0,0,0,0
56514,443,6,TCP,170.904,43,9874,229.63,0.25,2,40,2,2,0
53,54793,4,UDP,0.015,2,188,94.0,129.53,0,0,0,0,0
53,49067,4,UDP,0.031,2,200,100.0,63.8,0,0,0,0,0
53,37788,4,UDP,0.023,2,222,111.0,88.48,0,0,0,0,0
443,51688,6,TCP,136.519,51,14474,283.8,0.37,2,50,2,0,0
443,51700,6,TCP,0.456,20,9430,471.5,43.87,2,18,1,2,0
443,51716,6,TCP,0.705,24,9798,408.25,34.06,2,23,2,0,0
443,44802,6,UDP,0.079,13,11967,920.54,164.03,0,0,0,0,0
53,38639,4,UDP,0.02,2,279,139.5,101.36,0,0,0,0,0
53,60223,4,UDP,0.028,2,291,145.5,71.34,0,0,0,0,0
123,38735,4,UDP,0.034,2,180,90.0,58.72,0,0,0,0,0
123,36254,4,UDP,0.101,2,180,90.0,19.83,0,0,0,0,0
37609,123,4,UDP,0.194,2,180,90.0,10.32,0,0,0,0,0
46140,123,4,UDP,0.203,2,180,90.0,9.84,0,0,0,0,0
44370,123,4,UDP,0.044,2,180,90.0,45.59,0,0,0,0,0
123,34065,4,UDP,0.041,2,180,90.0,48.85,0,0,0,0,0
52728,123,4,UDP,0.045,2,180,90.0,44.86,0,0,0,0,0
123,38421,4,UDP,0.105,2,180,90.0,19.06,0,0,0,0,0
5353,5353,4,UDP,0.001,1,146,146.0,1000.0,0,0,0,0,0
123,34786,4,UDP,0.113,2,180,90.0,17.77,0,0,0,0,0
123,52008,4,UDP,0.08,2,180,90.0,25.14,0,0,0,0,0
123,58197,4,UDP,0.052,2,180,90.0,38.34,0,0,0,0,0
123,41605,4,UDP,0.065,2,180,90.0,30.97,0,0,0,0,0
50398,123,4,UDP,0.105,2,180,90.0,19.12,0,0,0,0,0
123,58998,4,UDP,0.055,2,180,90.0,36.33,0,0,0,0,0
37451,123,4,UDP,0.045,2,180,90.0,44.89,0,0,0,0,0
123,47007,4,UDP,0.075,2,180,90.0,26.7,0,0,0,0,0
53,34236,4,UDP,0.038,2,216,108.0,52.3,0,0,0,0,0
53,43093,4,UDP,0.015,2,228,114.0,137.75,0,0,0,0,0
53,51418,4,UDP,0.033,2,327,163.5,61.06,0,0,0,0,0
53,41887,4,UDP,0.033,2,327,163.5,60.42,0,0,0,0,0
53,60991,4,UDP,0.027,2,311,155.5,75.03,0,0,0,0,0
53,35403,4,UDP,0.028,2,323,161.5,71.63,0,0,0,0,0
53,56056,4,UDP,0.026,2,388,194.0,75.58,0,0,0,0,0
53,50932,4,UDP,0.029,2,315,157.5,69.29,0,0,0,0,0
53,49099,4,UDP,0.062,2,192,96.0,32.11,0,0,0,0,0
53,56722,4,UDP,0.058,2,260,130.0,34.31,0,0,0,0,0
53,59400,4,UDP,0.074,2,260,130.0,27.0,0,0,0,0,0
53,50331,4,UDP,0.037,2,241,120.5,54.35,0,0,0,0,0
53,46639,4,UDP,0.027,2,237,118.5,74.08,0,0,0,0,0
53,56777,4,UDP,0.036,2,462,231.0,55.44,0,0,0,0,0
53,59134,4,UDP,0.038,2,318,159.0,52.11,0,0,0,0,0
53,49591,4,UDP,0.042,2,221,110.5,47.38,0,0,0,0,0
53,58075,4,UDP,0.047,2,466,233.0,42.21,0,0,0,0,0
53,51046,4,UDP,0.035,2,322,161.0,56.35,0,0,0,0,0
53,47779,4,UDP,0.04,2,225,112.5,50.53,0,0,0,0,0
53,33540,4,UDP,0.046,2,206,103.0,43.7,0,0,0,0,0
53,57804,4,UDP,0.049,2,230,115.0,40.78,0,0,0,0,0
53,46590,4,UDP,0.051,2,322,161.0,39.56,0,0,0,0,0
53,34535,4,UDP,0.046,2,233,116.5,43.95,0,0,0,0,0
53,58253,4,UDP,0.049,2,256,128.0,41.17,0,0,0,0,0
53,43004,4,UDP,0.045,2,174,87.0,44.71,0,0,0,0,0
53,56035,4,UDP,0.046,2,214,107.0,43.05,0,0,0,0,0
53,58796,4,UDP,0.044,2,226,113.0,45.8,0,0,0,0,0
53,54686,4,UDP,0.055,2,237,118.5,36.19,0,0,0,0,0
53,42822,4,UDP,0.05,2,263,131.5,40.36,0,0,0,0,0
53,39033,4,UDP,0.063,2,263,131.5,31.79,0,0,0,0,0
53,58688,4,UDP,0.062,2,232,116.0,32.38,0,0,0,0,0
53,42748,4,UDP,0.053,2,244,122.0,37.7,0,0,0,0,0
53,41375,4,UDP,0.114,2,277,138.5,17.59,0,0,0,0,0
53,56899,4,UDP,0.114,2,229,114.5,17.52,0,0,0,0,0
53,41020,4,UDP,0.115,2,241,120.5,17.4,0,0,0,0,0
53,44562,4,UDP,0.111,2,271,135.5,18.03,0,0,0,0,0
53,58668,4,UDP,0.11,2,228,114.0,18.21,0,0,0,0,0
53,53363,4,UDP,0.109,2,252,126.0,18.42,0,0,0,0,0
53,48802,4,UDP,0.109,2,260,130.0,18.42,0,0,0,0,0
53,48739,4,UDP,0.102,2,218,109.0,19.58,0,0,0,0,0
53,50863,4,UDP,0.105,2,242,121.0,19.12,0,0,0,0,0
53,53119,4,UDP,0.1,2,242,121.0,20.04,0,0,0,0,0
53,35452,4,UDP,0.102,2,402,201.0,19.58,0,0,0,0,0
53,53003,4,UDP,0.103,2,266,133.0,19.34,0,0,0,0,0
53,56538,4,UDP,0.103,2,290,145.0,19.34,0,0,0,0,0
53,57551,4,UDP,0.083,2,229,114.5,24.05,0,0,0,0,0
53,41428,4,UDP,0.071,2,184,92.0,28.19,0,0,0,0,0
53,58306,4,UDP,0.011,2,247,123.5,188.28,0,0,0,0,0
53,34950,4,UDP,27.129,4,459,114.75,0.15,0,0,0,0,0
53,49939,4,UDP,0.017,2,254,127.0,121.19,0,0,0,0,0
55128,1900,4,UDP,3.001,4,848,212.0,1.33,0,0,0,0,0
55130,1900,4,UDP,3.002,4,848,212.0,1.33,0,0,0,0,0
53,32772,4,UDP,0.045,2,245,122.5,44.02,0,0,0,0,0
53,48635,4,UDP,0.046,2,232,116.0,43.25,0,0,0,0,0
53,54385,4,UDP,0.062,2,392,196.0,32.15,0,0,0,0,0
53,52485,4,UDP,0.031,2,218,109.0,64.56,0,0,0,0,0
53,59629,4,UDP,0.024,2,242,121.0,84.43,0,0,0,0,0
53,38876,4,UDP,0.04,2,224,112.0,49.53,0,0,0,0,0
53,45426,4,UDP,0.041,2,217,108.5,49.09,0,0,0,0,0
53,38187,4,UDP,0.04,2,259,129.5,50.46,0,0,0,0,0
53,50226,4,UDP,0.02,2,198,99.0,100.1,0,0,0,0,0
53,53069,4,UDP,0.038,2,238,119.0,51.95,0,0,0,0,0
53,58222,4,UDP,0.025,2,283,141.5,79.6,0,0,0,0,0
53,43060,4,UDP,0.049,2,443,221.5,40.41,0,0,0,0,0
53,36311,4,UDP,0.05,2,222,111.0,39.99,0,0,0,0,0
53,32849,4,UDP,0.05,2,223,111.5,39.87,0,0,0,0,0
53,36393,4,UDP,0.014,2,188,94.0,144.74,0,0,0,0,0
53,53206,4,UDP,0.086,2,258,129.0,23.32,0,0,0,0,0
53,56022,4,UDP,0.129,2,418,209.0,15.48,0,0,0,0,0
53,50385,4,UDP,0.129,2,322,161.0,15.51,0,0,0,0,0
53,41348,4,UDP,0.13,2,430,215.0,15.43,0,0,0,0,0
53,49382,4,UDP,0.13,2,233,116.5,15.43,0,0,0,0,0
53,46720,4,UDP,0.13,2,275,137.5,15.44,0,0,0,0,0
53,33433,4,UDP,0.125,2,192,96.0,16.01,0,0,0,0,0
53,41980,4,UDP,0.13,2,293,146.5,15.41,0,0,0,0,0
53,39892,4,UDP,0.13,2,335,167.5,15.36,0,0,0,0,0
53,32859,4,UDP,0.131,2,186,93.0,15.31,0,0,0,0,0
53,44510,4,UDP,0.124,2,226,113.0,16.13,0,0,0,0,0
53,50882,4,UDP,0.13,2,256,128.0,15.37,0,0,0,0,0
53,38273,4,UDP,0.129,2,304,152.0,15.52,0,0,0,0,0
53,57592,4,UDP,0.049,2,188,94.0,40.71,0,0,0,0,0
53,41934,4,UDP,0.053,2,186,93.0,37.94,0,0,0,0,0
53,53846,4,UDP,0.026,2,277,138.5,76.33,0,0,0,0,0
53,59123,4,UDP,0.016,2,340,170.0,128.4,0,0,0,0,0
53,34651,4,UDP,0.004,2,232,116.0,446.82,0,0,0,0,0
53,35426,4,UDP,0.036,2,279,139.5,56.29,0,0,0,0,0
53,60703,4,UDP,0.03,2,291,145.5,66.16,0,0,0,0,0
53,59548,4,UDP,0.024,2,218,109.0,82.8,0,0,0,0,0
53,56241,4,UDP,0.042,2,242,121.0,47.33,0,0,0,0,0
50108,443,6,TCP,124.244,219,173735,793.31,1.76,2,216,2,2,0
50114,443,6,TCP,0.024,3,262,87.33,126.65,2,1,0,1,0
53,33589,4,UDP,0.107,2,218,109.0,18.76,0,0,0,0,0
53,53469,4,UDP,0.067,2,299,149.5,29.74,0,0,0,0,0
53,33253,4,UDP,0.103,2,257,128.5,19.42,0,0,0,0,0
53,50916,4,UDP,0.059,2,299,149.5,33.78,0,0,0,0,0
53,51737,4,UDP,0.091,2,246,123.0,21.98,0,0,0,0,0
53,59697,4,UDP,0.088,2,240,120.0,22.76,0,0,0,0,0
53,33492,4,UDP,0.124,2,448,224.0,16.09,0,0,0,0,0
443,47353,6,UDP,0.202,11,11460,1041.82,54.33,0,0,0,0,0
53,56635,4,UDP,0.088,2,271,135.5,22.71,0,0,0,0,0
53,49222,4,UDP,0.088,2,254,127.0,22.62,0,0,0,0,0
53,58861,4,UDP,0.124,2,271,135.5,16.16,0,0,0,0,0
53,57916,4,UDP,0.125,2,310,155.0,16.05,0,0,0,0,0
53,48099,4,UDP,0.109,2,223,111.5,18.33,0,0,0,0,0
53,49446,4,UDP,0.014,2,186,93.0,142.91,0,0,0,0,0
53,56212,4,UDP,0.093,2,247,123.5,21.42,0,0,0,0,0
53,48819,4,UDP,0.065,2,335,167.5,30.63,0,0,0,0,0
53,58251,4,UDP,0.063,2,202,101.0,31.82,0,0,0,0,0
53,43378,4,UDP,0.082,2,198,99.0,24.49,0,0,0,0,0
53,45464,4,UDP,0.064,2,215,107.5,31.36,0,0,0,0,0
53,46379,4,UDP,0.082,2,306,153.0,24.45,0,0,0,0,0
53,54766,4,UDP,0.082,2,330,165.0,24.38,0,0,0,0,0
443,49447,6,UDP,0.092,12,11575,964.58,130.79,0,0,0,0,0
53,54888,4,UDP,0.019,2,248,124.0,103.51,0,0,0,0,0
41026,443,4,TCP,121.183,51,21645,424.41,0.42,2,50,0,0,0
56824,443,4,TCP,20.271,28,8485,303.04,1.38,2,26,3,1,0
443,58618,6,TCP,120.106,166,136218,820.59,1.38,2,162,2,3,0
443,58630,6,TCP,0.383,27,11566,428.37,70.58,2,24,1,3,0
46476,443,6,TCP,118.16,33,10265,311.06,0.28,2,32,0,0,0
443,58632,6,TCP,0.112,29,12990,447.93,258.73,2,26,2,2,0
443,58634,6,TCP,92.976,699,539331,771.58,7.52,2,695,2,3,0
53,48450,4,UDP,0.019,2,296,148.0,103.19,0,0,0,0,0
53,58681,4,UDP,0.024,2,363,181.5,84.88,0,0,0,0,0
53,34330,4,UDP,0.024,2,363,181.5,83.32,0,0,0,0,0
53,45177,4,UDP,0.005,2,240,120.0,377.44,0,0,0,0,0
53,53255,4,UDP,0.018,2,323,161.5,110.16,0,0,0,0,0
53,48527,4,UDP,0.035,2,282,141.0,56.81,0,0,0,0,0
53,35130,4,UDP,0.029,2,300,150.0,68.15,0,0,0,0,0
53,47565,4,UDP,0.016,2,240,120.0,124.0,0,0,0,0,0
53,40535,4,UDP,0.015,2,198,99.0,130.49,0,0,0,0,0
33572,443,4,TCP,118.125,54,28543,528.57,0.46,2,53,0,0,0
33588,443,4,TCP,1.251,31,13294,428.84,24.79,2,30,2,0,0
60044,443,4,TCP,6.603,30,13206,440.2,4.54,2,27,2,2,0
60058,443,4,TCP,5.943,27,11415,422.78,4.54,2,26,3,0,0
53,54086,4,UDP,0.058,2,317,158.5,34.52,0,0,0,0,0
53,58218,4,UDP,0.058,2,425,212.5,34.72,0,0,0,0,0
53,42574,4,UDP,91.558,4,551,137.75,0.04,0,0,0,0,0
42468,443,6,TCP,90.154,75,40539,540.52,0.83,2,72,2,3,0
53,52609,4,UDP,0.039,2,247,123.5,51.66,0,0,0,0,0
53,34771,4,UDP,0.032,2,302,151.0,61.98,0,0,0,0,0
53,37099,4,UDP,0.029,2,302,151.0,68.77,0,0,0,0,0
53,44005,4,UDP,0.013,2,315,157.5,159.92,0,0,0,0,0
53,40366,4,UDP,0.005,2,244,122.0,427.58,0,0,0,0,0
49006,443,4,TCP,5.859,28,13572,484.71,4.78,2,27,2,0,0
49022,443,4,TCP,19.137,38,16660,438.42,1.99,2,35,2,2,0
49026,443,4,TCP,5.659,26,11984,460.92,4.59,2,25,2,0,0
53,49043,4,UDP,0.052,2,186,93.0,38.38,0,0,0,0,0
53,58603,4,UDP,0.047,2,232,116.0,42.8,0,0,0,0,0
53,60367,4,UDP,0.032,2,266,133.0,62.59,0,0,0,0,0
53,52412,4,UDP,0.032,2,290,145.0,61.76,0,0,0,0,0
53,59645,4,UDP,0.046,2,298,149.0,43.07,0,0,0,0,0
53,34898,4,UDP,0.042,2,260,130.0,47.74,0,0,0,0,0
53,54443,4,UDP,0.037,2,267,133.5,54.56,0,0,0,0,0
49592,443,4,TCP,117.429,22,5177,235.32,0.19,2,21,0,0,0
53,37808,4,UDP,0.063,2,260,130.0,31.8,0,0,0,0,0
53,53521,4,UDP,0.061,2,260,130.0,32.73,0,0,0,0,0
53,51792,4,UDP,0.052,2,241,120.5,38.28,0,0,0,0,0
123,52473,4,UDP,0.065,2,180,90.0,30.9,0,0,0,0,0
53,45412,4,UDP,0.062,2,241,120.5,32.06,0,0,0,0,0
53,48086,4,UDP,0.066,2,206,103.0,30.25,0,0,0,0,0
53,59849,4,UDP,0.068,2,230,115.0,29.34,0,0,0,0,0
53,59824,4,UDP,0.059,2,322,161.0,34.09,0,0,0,0,0
53,39781,4,UDP,0.062,2,229,114.5,32.5,0,0,0,0,0
53,38393,4,UDP,0.041,2,174,87.0,49.27,0,0,0,0,0
53,57573,4,UDP,0.036,2,214,107.0,55.02,0,0,0,0,0
53,50015,4,UDP,0.032,2,226,113.0,63.34,0,0,0,0,0
53,33527,4,UDP,0.023,2,221,110.5,85.26,0,0,0,0,0
53,50294,4,UDP,0.032,2,263,131.5,63.15,0,0,0,0,0
53,38229,4,UDP,0.028,2,263,131.5,72.41,0,0,0,0,0
53,36511,4,UDP,0.036,2,232,116.0,56.16,0,0,0,0,0
53,53159,4,UDP,0.034,2,244,122.0,58.36,0,0,0,0,0
53,35558,4,UDP,0.036,2,277,138.5,55.14,0,0,0,0,0
53,56987,4,UDP,0.028,2,229,114.5,71.47,0,0,0,0,0
53,38177,4,UDP,0.029,2,241,120.5,68.05,0,0,0,0,0
53,45150,4,UDP,0.032,2,271,135.5,61.9,0,0,0,0,0
53,36355,4,UDP,0.033,2,298,149.0,60.79,0,0,0,0,0
53,57730,4,UDP,0.03,2,322,161.0,67.32,0,0,0,0,0
53,39556,4,UDP,0.031,2,327,163.5,64.89,0,0,0,0,0
53,51858,4,UDP,0.033,2,218,109.0,59.75,0,0,0,0,0
53,38046,4,UDP,0.03,2,251,125.5,65.58,0,0,0,0,0
53,48270,4,UDP,0.029,2,242,121.0,68.4,0,0,0,0,0
53,38942,4,UDP,0.027,2,402,201.0,73.33,0,0,0,0,0
53,54079,4,UDP,0.029,2,265,132.5,69.41,0,0,0,0,0
53,57085,4,UDP,0.016,2,245,122.5,122.46,0,0,0,0,0
53,47139,4,UDP,0.011,2,184,92.0,179.57,0,0,0,0,0
53,57450,4,UDP,0.016,2,247,123.5,127.1,0,0,0,0,0
53,60954,4,UDP,0.015,2,254,127.0,135.79,0,0,0,0,0
53,42846,4,UDP,0.014,2,260,130.0,141.29,0,0,0,0,0
53,39296,4,UDP,0.008,2,184,92.0,260.28,0,0,0,0,0
38032,443,4,TCP,126.54,1783,1459689,818.67,14.09,2,1782,0,0,0
38036,443,4,TCP,0.341,30,9479,315.97,87.92,2,24,2,5,0
38040,443,4,TCP,5.324,28,9300,332.14,5.26,2,24,2,4,0
123,60474,4,UDP,0.098,2,180,90.0,20.44,0,0,0,0,0
36185,123,4,UDP,0.261,2,180,90.0,7.65,0,0,0,0,0
53,52978,4,UDP,0.098,2,285,142.5,20.47,0,0,0,0,0
53,43997,4,UDP,0.126,2,243,121.5,15.9,0,0,0,0,0
53,60964,4,UDP,0.143,2,255,127.5,14.02,0,0,0,0,0
53,50364,4,UDP,0.114,2,265,132.5,17.61,0,0,0,0,0
44951,123,4,UDP,0.319,2,180,90.0,6.27,0,0,0,0,0
55152,443,6,TCP,62.828,302,249067,824.73,4.81,2,298,2,3,0
55166,443,6,TCP,0.06,3,262,87.33,50.21,2,1,0,1,0
55172,443,6,TCP,0.801,73,32568,446.14,91.16,2,69,2,3,0
55176,443,6,TCP,37.099,30,10013,333.77,0.81,2,23,2,6,0
55182,443,6,TCP,0.375,27,9844,364.59,72.05,2,23,2,3,0
55188,443,6,TCP,0.375,26,9758,375.31,69.3,2,22,2,3,0
55192,443,6,TCP,0.375,27,9844,364.59,71.91,2,23,2,3,0
55202,443,6,TCP,10.84,28,9865,352.32,2.58,2,23,2,4,0
55212,443,6,TCP,0.059,3,262,87.33,50.97,2,1,0,1,0
35836,443,6,UDP,29.16,212,861925,4065.68,7.27,0,0,0,0,0
53,53793,4,UDP,0.038,2,206,103.0,52.34,0,0,0,0,0
53,36824,4,UDP,0.04,2,247,123.5,50.45,0,0,0,0,0
443,52740,6,TCP,3.991,181,123070,679.94,45.35,2,180,2,0,0
443,52746,6,TCP,0.84,25,10743,429.72,29.76,2,23,1,2,0
123,38352,4,UDP,0.036,2,180,90.0,55.78,0,0,0,0,0
56982,1900,4,UDP,3.024,4,848,212.0,1.32,0,0,0,0,0
56984,1900,4,UDP,3.024,4,848,212.0,1.32,0,0,0,0,0
53,49328,4,UDP,0.04,2,182,91.0,50.51,0,0,0,0,0
53,43941,4,UDP,0.056,2,243,121.5,35.64,0,0,0,0,0
53,60359,4,UDP,0.055,2,243,121.5,36.35,0,0,0,0,0
53,43856,4,UDP,0.069,2,245,122.5,29.06,0,0,0,0,0
53,55112,4,UDP,0.07,2,285,142.5,28.65,0,0,0,0,0
53,34986,4,UDP,0.05,2,287,143.5,40.08,0,0,0,0,0
47633,123,4,UDP,0.055,2,180,90.0,36.68,0,0,0,0,0
53,52743,4,UDP,0.034,2,265,132.5,58.16,0,0,0,0,0
36022,443,6,TCP,117.429,364,283055,777.62,3.1,2,363,0,0,0
36036,443,6,TCP,0.312,23,5088,221.22,73.63,2,17,2,5,0
36046,443,6,TCP,0.328,25,8588,343.52,76.22,0,20,2,5,0
443,55279,6,UDP,0.102,12,12931,1077.58,117.62,0,0,0,0,0
53,37912,4,UDP,0.027,2,247,123.5,73.7,0,0,0,0,0
53,47660,4,UDP,0.027,2,259,129.5,73.18,0,0,0,0,0
53,33202,4,UDP,0.025,2,289,144.5,78.54,0,0,0,0,0
53,46873,4,UDP,0.067,2,251,125.5,30.06,0,0,0,0,0
53,56848,4,UDP,0.063,2,263,131.5,31.94,0,0,0,0,0
53,37690,4,UDP,0.064,2,296,148.0,31.06,0,0,0,0,0
55222,443,6,TCP,0.441,23,9524,414.09,52.18,2,21,0,2,0
55236,443,6,TCP,0.349,27,9803,363.07,77.36,2,23,2,3,0
55250,443,6,TCP,0.96,28,9954,355.5,29.16,2,24,2,3,0
55264,443,6,TCP,0.485,30,10102,336.73,61.85,2,24,2,5,0
55280,443,6,TCP,0.483,28,9954,355.5,57.99,2,24,1,4,0
55282,443,6,TCP,0.285,50,19489,389.78,175.55,2,47,2,2,0
55290,443,6,TCP,18.859,28,9920,354.29,1.48,2,23,1,5,0
55302,443,6,TCP,1.652,91,58427,642.05,55.07,2,88,2,2,0
49161,443,6,UDP,55.382,166,141269,851.02,3.0,0,0,0,0,0
47706,123,4,UDP,0.091,2,180,90.0,21.96,0,0,0,0,0
53589,443,6,UDP,59.376,238,1322574,5557.03,4.01,0,0,0,0,0
123,52392,4,UDP,0.001,1,90,90.0,1000.0,0,0,0,0,0
53,42255,4,UDP,0.011,2,221,110.5,176.27,0,0,0,0,0
53,56802,4,UDP,0.012,2,233,116.5,173.14,0,0,0,0,0
53,40921,4,UDP,0.032,2,266,133.0,63.27,0,0,0,0,0
55306,443,6,TCP,22.892,26,9757,375.27,1.14,2,23,1,3,0
55316,443,6,TCP,0.104,28,9881,352.89,268.14,2,22,2,5,0
123,50296,4,UDP,0.046,2,180,90.0,43.41,0,0,0,0,0
53,37882,4,UDP,0.019,2,265,132.5,104.65,0,0,0,0,0
35541,443,6,UDP,0.033,10,11500,1150.0,304.44,0,0,0,0,0
53,54923,4,UDP,0.026,2,276,138.0,77.2,0,0,0,0,0
53,35389,4,UDP,0.025,2,272,136.0,81.26,0,0,0,0,0
53,35433,4,UDP,0.033,2,289,144.5,60.14,0,0,0,0,0
33870,443,6,TCP,0.04,3,262,87.33,75.69,2,1,0,1,0
54276,443,6,UDP,53.944,48,33148,690.58,0.89,0,0,0,0,0
33876,443,6,TCP,116.62,25,8492,339.68,0.21,2,24,0,0,0
123,35132,4,UDP,0.094,2,180,90.0,21.19,0,0,0,0,0
53,57692,4,UDP,0.065,2,273,136.5,30.83,0,0,0,0,0
53,45459,4,UDP,0.03,2,231,115.5,67.71,0,0,0,0,0
53,38912,4,UDP,0.097,2,271,135.5,20.54,0,0,0,0,0
53,54796,4,UDP,0.021,2,265,132.5,93.73,0,0,0,0,0
57932,443,6,TCP,0.359,27,8769,324.78,75.13,2,21,2,5,0
57940,443,6,TCP,0.101,25,9661,386.44,247.7,2,21,1,4,0
53,42949,4,UDP,0.017,2,394,197.0,119.77,0,0,0,0,0
34210,443,6,UDP,21.398,26,16582,637.77,1.22,0,0,0,0,0
443,43957,6,UDP,29.158,78,60957,781.5,2.68,0,0,0,0,0
443,60166,6,TCP,117.103,28,9230,329.64,0.24,2,27,0,0,0
53,39344,4,UDP,0.023,2,200,100.0,88.61,0,0,0,0,0
53,57123,4,UDP,0.025,2,229,114.5,80.21,0,0,0,0,0
43292,443,6,UDP,55.102,29,18431,635.55,0.53,0,0,0,0,0
443,50036,6,TCP,78.806,611,445785,729.6,7.75,2,610,0,0,0
443,50046,6,TCP,7.642,29,10471,361.07,3.79,2,24,2,4,0
40222,443,6,TCP,116.856,26,8591,330.42,0.22,2,25,0,0,0
0,0,6,OTHER,20.856,12,4764,397.0,0.58,0,0,0,0,0
123,36036,4,UDP,0.046,2,180,90.0,43.8,0,0,0,0,0
123,38194,4,UDP,0.049,2,180,90.0,40.69,0,0,0,0,0
443,57412,6,UDP,20.785,132,460836,3491.18,6.35,0,0,0,0,0
44740,123,4,UDP,0.061,2,180,90.0,32.56,0,0,0,0,0
123,44470,4,UDP,0.048,2,180,90.0,41.91,0,0,0,0,0
53,34061,4,UDP,0.034,2,212,106.0,58.56,0,0,0,0,0
53,35733,4,UDP,0.029,2,224,112.0,69.87,0,0,0,0,0
443,46470,6,UDP,0.305,18,17036,946.44,59.05,0,0,0,0,0
53416,443,4,TCP,1.527,37,13121,354.62,24.24,2,36,2,0,0
53432,443,4,TCP,1.204,27,11541,427.44,22.43,2,23,2,3,0
443,38366,6,TCP,117.33,33,11273,341.61,0.28,2,32,0,0,0
52969,123,4,UDP,0.028,2,180,90.0,71.06,0,0,0,0,0
53,37546,4,UDP,0.056,2,233,116.5,35.86,0,0,0,0,0
53,46179,4,UDP,0.056,2,273,136.5,35.8,0,0,0,0,0
53,49337,4,UDP,0.053,2,278,139.0,38.03,0,0,0,0,0
123,34427,4,UDP,0.11,2,180,90.0,18.15,0,0,0,0,0
43914,443,6,TCP,1.122,66,36807,557.68,58.81,2,62,2,3,0
43916,443,6,TCP,17.837,31,10157,327.65,1.74,2,25,2,5,0
46815,443,6,UDP,60.19,225,1048186,4658.6,3.74,0,0,0,0,0
58368,443,4,UDP,2.086,22,13978,635.36,10.55,0,0,0,0,0
37110,443,6,UDP,0.086,11,11562,1051.09,128.41,0,0,0,0,0
53,57893,4,UDP,0.03,2,190,95.0,66.36,0,0,0,0,0
53,37181,4,UDP,0.03,2,202,101.0,66.13,0,0,0,0,0
443,57402,6,UDP,0.273,18,14763,820.17,65.9,0,0,0,0,0
443,53214,6,TCP,118.326,30,10748,358.27,0.25,2,29,0,0,0
53,48454,4,UDP,0.023,2,230,115.0,87.84,0,0,0,0,0
443,44070,6,TCP,33.399,171,120638,705.49,5.12,2,170,2,0,0
443,44078,6,TCP,32.285,25,7720,308.8,0.77,2,20,2,4,0
47178,443,6,TCP,0.129,21,5965,284.05,163.26,2,18,2,2,0
47184,443,6,TCP,0.111,21,5965,284.05,189.03,2,18,2,2,0
53,55242,4,UDP,0.003,2,251,125.5,762.6,0,0,0,0,0
53,39900,4,UDP,0.003,2,263,131.5,697.89,0,0,0,0,0
53,46167,4,UDP,0.003,2,293,146.5,648.82,0,0,0,0,0
53,33769,4,UDP,0.041,2,265,132.5,48.41,0,0,0,0,0
56946,443,6,TCP,10.832,164,131297,800.59,15.14,2,160,2,3,0
56948,443,6,TCP,0.018,12,8377,698.08,656.15,2,11,0,0,0
443,47576,6,UDP,48.848,108,160315,1484.4,2.21,0,0,0,0,0
36291,443,6,UDP,25.253,43,120070,2792.33,1.7,0,0,0,0,0
53,58011,4,UDP,0.051,2,192,96.0,39.24,0,0,0,0,0
53,60044,4,UDP,0.043,2,245,122.5,46.81,0,0,0,0,0
53,50086,4,UDP,0.009,2,245,122.5,230.92,0,0,0,0,0
47198,443,6,TCP,43.706,27,6421,237.81,0.62,2,19,2,7,0
53,38889,4,UDP,0.034,2,240,120.0,58.1,0,0,0,0,0
53,51189,4,UDP,0.033,2,236,118.0,59.73,0,0,0,0,0
53,59379,4,UDP,0.034,2,253,126.5,57.98,0,0,0,0,0
59391,443,6,UDP,5.478,265,2105514,7945.34,48.37,0,0,0,0,0
57420,443,6,TCP,93.003,29,8003,275.97,0.31,2,25,2,3,0
57424,443,6,TCP,0.63,21,7931,377.67,33.36,2,20,2,0,0
53464,443,6,UDP,0.166,15,12800,853.33,90.49,0,0,0,0,0
53,45387,4,UDP,0.021,2,243,121.5,96.45,0,0,0,0,0
53,34197,4,UDP,0.049,2,285,142.5,40.67,0,0,0,0,0
53,40232,4,UDP,0.047,2,285,142.5,42.32,0,0,0,0,0
53,35565,4,UDP,0.044,2,245,122.5,45.43,0,0,0,0,0
53,55827,4,UDP,0.0,2,184,92.0,5749.56,0,0,0,0,0
35870,443,4,TCP,9.6,31,9550,308.06,3.23,2,25,2,6,0
35878,443,4,TCP,59.756,33,11328,343.27,0.55,2,32,0,0,0
53,36604,4,UDP,0.038,2,232,116.0,52.2,0,0,0,0,0
53,45153,4,UDP,0.039,2,252,126.0,51.25,0,0,0,0,0
53,46495,4,UDP,0.039,2,218,109.0,50.91,0,0,0,0,0
53,50759,4,UDP,0.04,2,242,121.0,50.55,0,0,0,0,0
53,56111,4,UDP,0.038,2,255,127.5,53.23,0,0,0,0,0
32922,443,6,TCP,0.156,20,5859,292.95,128.44,1,16,2,3,0
32928,443,6,TCP,0.136,19,5773,303.84,140.05,1,15,1,4,0
51236,5355,4,UDP,0.406,2,134,67.0,4.92,0,0,0,0,0
56393,5355,4,UDP,0.421,2,134,67.0,4.75,0,0,0,0,0
53,52428,4,UDP,0.04,2,247,123.5,50.22,0,0,0,0,0
53,59815,4,UDP,0.029,2,259,129.5,69.04,0,0,0,0,0
53,55133,4,UDP,0.026,2,292,146.0,76.43,0,0,0,0,0
53,47844,4,UDP,0.041,2,265,132.5,48.89,0,0,0,0,0
37712,443,6,TCP,0.148,27,9331,345.59,182.43,2,21,2,5,0
37724,443,6,TCP,9.759,30,10066,335.53,3.07,2,23,2,6,0
39504,443,6,UDP,0.052,12,11629,969.08,230.17,0,0,0,0,0
53,42035,4,UDP,0.021,2,192,96.0,94.81,0,0,0,0,0
53,33344,4,UDP,0.029,2,204,102.0,69.77,0,0,0,0,0
443,53357,6,UDP,7.697,50,114083,2281.66,6.5,0,0,0,0,0
443,49432,6,TCP,58.909,27,10406,385.41,0.46,2,26,0,0,0
443,52627,6,UDP,0.137,9,11806,1311.78,65.71,0,0,0,0,0
53,53760,4,UDP,0.026,2,224,112.0,77.33,0,0,0,0,0
53,46516,4,UDP,0.036,2,224,112.0,56.13,0,0,0,0,0
53,55189,4,UDP,0.02,2,217,108.5,100.11,0,0,0,0,0
53,34784,4,UDP,0.033,2,259,129.5,59.9,0,0,0,0,0
53,59025,4,UDP,0.034,2,198,99.0,58.6,0,0,0,0,0
53,45537,4,UDP,0.036,2,322,161.0,56.05,0,0,0,0,0
53,55125,4,UDP,0.052,2,244,122.0,38.11,0,0,0,0,0
53,43257,4,UDP,0.027,2,249,124.5,74.0,0,0,0,0,0
53,50164,4,UDP,0.023,2,188,94.0,87.12,0,0,0,0,0
53,35101,4,UDP,0.03,2,222,111.0,67.71,0,0,0,0,0
443,54652,6,TCP,0.291,13,4360,335.38,44.65,2,11,2,1,0
443,54664,6,TCP,0.192,24,9740,405.83,125.17,2,20,2,3,0
443,54676,6,TCP,75.861,45,15040,334.22,0.59,2,44,0,0,0
53,43291,4,UDP,0.056,2,283,141.5,35.8,0,0,0,0,0
53,46510,4,UDP,0.057,2,443,221.5,34.9,0,0,0,0,0
53,45343,4,UDP,0.057,2,241,120.5,35.32,0,0,0,0,0
53,60174,4,UDP,0.003,2,242,121.0,732.12,0,0,0,0,0
53,58802,4,UDP,0.04,2,265,132.5,50.47,0,0,0,0,0
39916,443,4,TCP,0.252,23,5820,253.04,91.25,2,19,2,3,0
53,49335,4,UDP,0.084,2,222,111.0,23.92,0,0,0,0,0
53,40922,4,UDP,0.084,2,223,111.5,23.88,0,0,0,0,0
53,53662,4,UDP,0.085,2,223,111.5,23.61,0,0,0,0,0
53,40361,4,UDP,0.825,2,218,109.0,2.42,0,0,0,0,0
53,48265,4,UDP,0.083,2,242,121.0,24.21,0,0,0,0,0
53,33361,4,UDP,0.083,2,251,125.5,24.18,0,0,0,0,0
53,39812,4,UDP,0.034,2,327,163.5,59.16,0,0,0,0,0
53,58768,4,UDP,0.034,2,370,185.0,58.53,0,0,0,0,0
53,37165,4,UDP,0.098,2,370,185.0,20.37,0,0,0,0,0
53,34647,4,UDP,0.084,2,188,94.0,23.92,0,0,0,0,0
53,59437,4,UDP,0.066,2,250,125.0,30.47,0,0,0,0,0
50840,443,4,TCP,93.362,62,30557,492.85,0.66,2,61,0,0,0
50844,443,4,TCP,5.283,25,9606,384.24,4.73,2,21,2,3,0
58566,443,6,UDP,0.045,10,11501,1150.1,223.13,0,0,0,0,0
53268,443,6,TCP,0.152,22,6051,275.05,145.16,2,19,2,2,0
53282,443,6,TCP,9.753,25,6285,251.4,2.56,2,20,2,4,0
53288,443,6,TCP,0.153,24,6187,257.79,157.15,2,18,2,5,0
53296,443,6,TCP,0.175,24,6187,257.79,137.08,2,18,2,5,0
53306,443,6,TCP,0.091,21,5953,283.48,229.61,2,17,1,4,0
53,32916,4,UDP,0.03,2,258,129.0,67.32,0,0,0,0,0
53,51885,4,UDP,0.049,2,418,209.0,40.96,0,0,0,0,0
53,51647,4,UDP,0.049,2,281,140.5,40.81,0,0,0,0,0
53,33849,4,UDP,0.028,2,338,169.0,71.53,0,0,0,0,0
53,59729,4,UDP,0.06,2,346,173.0,33.61,0,0,0,0,0
53,45936,4,UDP,0.037,2,351,175.5,54.51,0,0,0,0,0
27036,27036,4,UDP,26.019,6,885,147.5,0.23,0,0,0,0,0
50065,1900,4,UDP,3.073,4,716,179.0,1.3,0,0,0,0,0
53,33855,4,UDP,0.02,2,233,116.5,98.95,0,0,0,0,0
53,37728,4,UDP,0.039,2,275,137.5,51.34,0,0,0,0,0
53,60022,4,UDP,0.024,2,275,137.5,81.82,0,0,0,0,0
53,41600,4,UDP,0.021,2,249,124.5,94.2,0,0,0,0,0
53,55120,4,UDP,0.032,2,279,139.5,61.96,0,0,0,0,0
53,56290,4,UDP,0.019,2,291,145.5,105.45,0,0,0,0,0
60211,1900,4,UDP,3.026,4,848,212.0,1.32,0,0,0,0,0
62736,1900,4,UDP,3.03,4,848,212.0,1.32,0,0,0,0,0
53,60895,4,UDP,0.086,2,293,146.5,23.37,0,0,0,0,0
53,52218,4,UDP,0.087,2,335,167.5,22.97,0,0,0,0,0
53,39503,4,UDP,0.066,2,335,167.5,30.08,0,0,0,0,0
53,58519,4,UDP,0.049,2,247,123.5,40.7,0,0,0,0,0
53,50878,4,UDP,0.0,2,186,93.0,5957.82,0,0,0,0,0
443,52649,6,UDP,0.088,13,11966,920.46,148.22,0,0,0,0,0
53,38000,4,UDP,0.026,2,186,93.0,75.84,0,0,0,0,0
53,40807,4,UDP,0.028,2,226,113.0,70.88,0,0,0,0,0
53,53660,4,UDP,0.026,2,232,116.0,76.48,0,0,0,0,0
53,51307,4,UDP,0.026,2,228,114.0,75.8,0,0,0,0,0
53,60493,4,UDP,0.045,2,252,126.0,44.74,0,0,0,0,0
53,32919,4,UDP,0.026,2,260,130.0,76.19,0,0,0,0,0
53,43987,4,UDP,0.054,2,277,138.5,36.85,0,0,0,0,0
53,58495,4,UDP,0.052,2,325,162.5,38.57,0,0,0,0,0
53,47217,4,UDP,0.052,2,285,142.5,38.38,0,0,0,0,0
53,40423,4,UDP,0.001,2,267,133.5,1374.73,0,0,0,0,0
38476,443,6,TCP,0.13,22,6039,274.5,169.03,2,18,1,4,0
38484,443,6,TCP,30.208,24,6187,257.79,0.79,2,18,2,5,0
38496,443,6,TCP,0.356,30,10079,335.97,84.29,2,24,2,5,0
38508,443,6,TCP,0.411,27,9845,364.63,65.77,2,23,1,4,0
38524,443,6,TCP,25.643,25,9625,385.0,0.97,2,20,2,4,0
38540,443,6,TCP,20.605,32,10227,319.59,1.55,2,24,2,7,0
443,41911,6,UDP,34.89,20,15156,757.8,0.57,0,0,0,0,0
443,39944,6,TCP,53.214,29,10640,366.9,0.54,2,28,2,0,0
0,0,6,OTHER,33.59,2,375,187.5,0.06,0,0,0,0,0
53,51512,4,UDP,0.043,2,243,121.5,46.54,0,0,0,0,0
53,51499,4,UDP,0.041,2,255,127.5,48.43,0,0,0,0,0
53630,443,6,UDP,0.081,12,11497,958.08,147.83,0,0,0,0,0
53,36136,4,UDP,0.386,2,221,110.5,5.19,0,0,0,0,0
53,48163,4,UDP,0.372,2,263,131.5,5.38,0,0,0,0,0
123,56727,4,UDP,0.371,2,180,90.0,5.39,0,0,0,0,0
53,57245,4,UDP,0.001,2,184,92.0,1963.63,0,0,0,0,0
53,37429,4,UDP,0.021,2,247,123.5,95.63,0,0,0,0,0
53,33726,4,UDP,0.021,2,302,151.0,94.6,0,0,0,0,0
54506,443,4,TCP,14.472,31,14021,452.29,2.14,2,28,2,2,0
54520,443,4,TCP,5.814,26,12559,483.04,4.47,2,25,2,0,0
123,36311,4,UDP,0.097,2,180,90.0,20.62,0,0,0,0,0
53,49059,4,UDP,0.004,2,244,122.0,532.31,0,0,0,0,0
44570,123,4,UDP,0.177,2,180,90.0,11.27,0,0,0,0,0
40978,443,6,UDP,63.753,406,5913716,14565.8,6.37,0,0,0,0,0
33892,123,4,UDP,0.261,2,180,90.0,7.67,0,0,0,0,0
123,40124,4,UDP,0.039,2,180,90.0,50.76,0,0,0,0,0
47525,123,4,UDP,0.04,2,180,90.0,49.45,0,0,0,0,0
53,58414,4,UDP,0.03,2,249,124.5,66.47,0,0,0,0,0
53,48353,4,UDP,0.03,2,245,122.5,65.99,0,0,0,0,0
60624,123,4,UDP,0.042,2,180,90.0,47.36,0,0,0,0,0
123,60324,4,UDP,0.115,2,180,90.0,17.45,0,0,0,0,0
123,42073,4,UDP,0.073,2,180,90.0,27.37,0,0,0,0,0
123,34594,4,UDP,0.029,2,180,90.0,69.8,0,0,0,0,0
123,58576,4,UDP,0.062,2,180,90.0,32.43,0,0,0,0,0
123,50399,4,UDP,0.038,2,180,90.0,52.03,0,0,0,0,0
47221,123,4,UDP,0.042,2,180,90.0,47.86,0,0,0,0,0
123,47181,4,UDP,0.052,2,180,90.0,38.19,0,0,0,0,0
123,52229,4,UDP,0.085,2,180,90.0,23.59,0,0,0,0,0
48121,123,4,UDP,0.041,2,180,90.0,49.24,0,0,0,0,0
53,33163,4,UDP,0.023,2,240,120.0,87.3,0,0,0,0,0
53,40498,4,UDP,0.014,2,236,118.0,140.6,0,0,0,0,0
53,40591,4,UDP,0.14,2,226,113.0,14.27,0,0,0,0,0
53,33320,4,UDP,0.088,2,237,118.5,22.62,0,0,0,0,0
53,48790,4,UDP,0.084,2,233,116.5,23.77,0,0,0,0,0
53,34192,4,UDP,0.074,2,250,125.0,26.89,0,0,0,0,0
53,57924,4,UDP,0.073,2,333,166.5,27.22,0,0,0,0,0
53,44495,4,UDP,0.071,2,345,172.5,28.26,0,0,0,0,0
53,43298,4,UDP,0.072,2,317,158.5,27.83,0,0,0,0,0
46657,443,6,UDP,0.288,22,79874,3630.64,76.32,0,0,0,0,0
53,33490,4,UDP,0.086,2,310,155.0,23.27,0,0,0,0,0
34826,443,6,TCP,14.692,40,17709,442.73,2.72,2,39,0,0,0
47492,443,6,TCP,0.842,19,7796,410.32,22.56,2,18,0,0,0
53,45417,4,UDP,0.086,2,288,144.0,23.14,0,0,0,0,0
34921,443,6,UDP,0.176,14,11626,830.43,79.38,0,0,0,0,0
34828,443,6,TCP,0.347,17,7346,432.12,48.97,2,15,2,1,0
53,35063,4,UDP,0.034,2,260,130.0,58.28,0,0,0,0,0
53,53301,4,UDP,0.031,2,329,164.5,64.76,0,0,0,0,0
53,54150,4,UDP,0.036,2,329,164.5,55.36,0,0,0,0,0
53,50304,4,UDP,0.006,2,190,95.0,350.97,0,0,0,0,0
53,42502,4,UDP,0.018,2,275,137.5,111.37,0,0,0,0,0
53,46821,4,UDP,0.019,2,254,127.0,107.08,0,0,0,0,0
53,42929,4,UDP,0.028,2,278,139.0,71.91,0,0,0,0,0
53,51225,4,UDP,0.019,2,265,132.5,107.34,0,0,0,0,0
53,41161,4,UDP,0.033,2,244,122.0,60.8,0,0,0,0,0
50534,443,6,TCP,41.595,38,16480,433.68,0.91,2,37,0,0,0
50542,443,6,TCP,0.465,19,11378,598.84,40.87,2,17,1,1,0
53988,443,4,TCP,4.799,38,17068,449.16,7.92,2,37,0,0,0
53,37817,4,UDP,0.021,2,249,124.5,97.22,0,0,0,0,0
53,44946,4,UDP,0.017,2,314,157.0,115.13,0,0,0,0,0
53,60083,4,UDP,0.023,2,314,157.0,86.14,0,0,0,0,0
53,57177,4,UDP,0.005,2,180,90.0,381.86,0,0,0,0,0
53,50108,4,UDP,0.019,2,261,130.5,106.59,0,0,0,0,0
443,55662,4,TCP,1.115,25,11288,451.52,22.43,2,24,0,0,0
443,55668,4,TCP,1.262,21,8370,398.57,16.64,2,19,1,2,0
64720,1900,4,UDP,3.002,4,848,212.0,1.33,0,0,0,0,0
64718,1900,4,UDP,3.002,4,848,212.0,1.33,0,0,0,0,0
53,56024,4,UDP,0.021,2,266,133.0,95.89,0,0,0,0,0
53,51215,4,UDP,0.036,2,340,170.0,56.28,0,0,0,0,0
53,60909,4,UDP,0.039,2,335,167.5,51.8,0,0,0,0,0
53,37433,4,UDP,0.006,2,178,89.0,339.88,0,0,0,0,0
443,39446,4,TCP,3.066,21,9032,430.1,6.85,3,17,1,2,0
443,39456,4,TCP,4.139,23,9770,424.78,5.56,2,21,2,1,0
443,39472,4,TCP,4.734,26,12362,475.46,5.49,2,25,0,0,0
51028,443,4,TCP,5.56,25,12569,502.76,4.5,2,24,2,0,0
51036,443,4,TCP,14.161,36,16079,446.64,2.54,2,33,2,2,0
53,51686,4,UDP,0.026,2,260,130.0,77.45,0,0,0,0,0
53,48038,4,UDP,0.033,2,277,138.5,60.24,0,0,0,0,0
53,46324,4,UDP,0.033,2,340,170.0,60.65,0,0,0,0,0
53,44007,4,UDP,0.01,2,232,116.0,210.44,0,0,0,0,0
53,44061,4,UDP,0.025,2,221,110.5,81.58,0,0,0,0,0
53,41932,4,UDP,0.04,2,233,116.5,50.19,0,0,0,0,0
53,41148,4,UDP,0.028,2,266,133.0,70.68,0,0,0,0,0
39918,443,6,TCP,20.121,177,131736,744.27,8.8,2,172,2,4,0
53,34117,4,UDP,0.032,2,265,132.5,62.92,0,0,0,0,0
39926,443,6,TCP,0.343,27,9766,361.7,78.78,2,23,2,3,0
43825,443,6,UDP,0.076,10,11367,1136.7,132.15,0,0,0,0,0
53,58670,4,UDP,0.183,2,232,116.0,10.91,0,0,0,0,0
53,35125,4,UDP,0.182,2,253,126.5,10.97,0,0,0,0,0
53,53666,4,UDP,0.181,2,253,126.5,11.06,0,0,0,0,0
53,58388,4,UDP,0.091,2,188,94.0,22.08,0,0,0,0,0
53,49389,4,UDP,0.095,2,241,120.5,21.13,0,0,0,0,0
52766,443,4,TCP,6.434,32,14059,439.34,4.97,2,31,0,0,0
52780,443,4,TCP,1.491,28,12243,437.25,18.78,2,25,2,2,0
53,41396,4,UDP,0.041,2,235,117.5,48.22,0,0,0,0,0
53,33066,4,UDP,0.039,2,230,115.0,51.11,0,0,0,0,0
53,49260,4,UDP,0.037,2,235,117.5,53.5,0,0,0,0,0
443,44914,4,TCP,3.155,39,15613,400.33,12.36,2,38,0,0,0
443,44928,4,TCP,1.438,30,12360,412.0,20.87,2,26,2,3,0
53,53425,4,UDP,0.026,2,221,110.5,76.14,0,0,0,0,0
53,41545,4,UDP,0.022,2,263,131.5,89.94,0,0,0,0,0
53,54709,4,UDP,0.007,2,184,92.0,269.84,0,0,0,0,0
123,46661,4,UDP,0.041,2,180,90.0,48.42,0,0,0,0,0
123,39733,4,UDP,0.143,2,180,90.0,13.98,0,0,0,0,0
37644,123,4,UDP,0.21,2,180,90.0,9.54,0,0,0,0,0
5353,5353,4,UDP,598.881,115,9712,84.45,0.19,0,0,0,0,0
50517,1900,4,UDP,359.899,4,668,167.0,0.01,0,0,0,0,0
0,0,4,OTHER,594.085,98,5880,60.0,0.16,0,0,0,0,0
0,0,6,OTHER,596.825,232,22800,98.28,0.39,0,0,0,0,0
0,0,6,OTHER,594.307,118,12940,109.66,0.2,0,0,0,0,0
0,0,4,OTHER,594.838,203,12478,61.47,0.34,0,0,0,0,0
0,0,6,OTHER,593.838,209,26830,128.37,0.35,0,0,0,0,0
0,0,4,OTHER,593.282,100,5400,54.0,0.17,0,0,0,0,0
57621,57621,4,UDP,565.049,26,2236,86.0,0.05,0,0,0,0,0
123,33898,4,UDP,0.035,2,180,90.0,56.99,0,0,0,0,0
123,36564,4,UDP,0.104,2,180,90.0,19.3,0,0,0,0,0
39207,123,4,UDP,0.189,2,180,90.0,10.58,0,0,0,0,0
59887,123,4,UDP,0.178,2,180,90.0,11.24,0,0,0,0,0
60495,123,4,UDP,0.049,2,180,90.0,41.03,0,0,0,0,0
123,45046,4,UDP,0.001,1,90,90.0,1000.0,0,0,0,0,0
123,57578,4,UDP,0.107,2,180,90.0,18.77,0,0,0,0,0
53,36320,4,UDP,0.019,2,267,133.5,104.66,0,0,0,0,0
53,46860,4,UDP,0.024,2,263,131.5,82.62,0,0,0,0,0
53,55480,4,UDP,0.375,2,312,156.0,5.34,0,0,0,0,0
53,49559,4,UDP,0.029,2,408,204.0,68.81,0,0,0,0,0
53,55035,4,UDP,0.031,2,264,132.0,64.1,0,0,0,0,0
53,39707,4,UDP,0.034,2,260,130.0,58.01,0,0,0,0,0
52036,80,6,TCP,23.204,186,158986,854.76,8.02,2,185,2,0,0
53,55223,4,UDP,0.021,2,255,127.5,96.91,0,0,0,0,0
53,37896,4,UDP,0.031,2,250,125.0,65.37,0,0,0,0,0
53,39950,4,UDP,0.065,2,310,155.0,30.99,0,0,0,0,0
56926,80,6,TCP,0.001,1,94,94.0,1000.0,1,0,0,0,0
45430,443,6,TCP,5.681,49,29364,599.27,8.63,2,46,2,2,0
47066,80,4,TCP,18.31,200,152476,762.38,10.92,2,199,2,0,0
0,0,6,OTHER,0.001,1,1294,1294.0,1000.0,0,0,0,0,0
123,60941,4,UDP,0.053,2,180,90.0,37.77,0,0,0,0,0
59426,80,6,TCP,0.197,3,262,87.33,15.23,2,1,0,1,0
50461,123,4,UDP,0.042,2,180,90.0,48.04,0,0,0,0,0
123,60843,4,UDP,0.067,2,180,90.0,30.06,0,0,0,0,0
123,42028,4,UDP,0.129,2,180,90.0,15.46,0,0,0,0,0
54510,123,4,UDP,0.042,2,180,90.0,48.01,0,0,0,0,0
123,46542,4,UDP,0.042,2,180,90.0,47.14,0,0,0,0,0
123,50471,4,UDP,0.043,2,180,90.0,45.98,0,0,0,0,0
123,36656,4,UDP,0.077,2,180,90.0,26.08,0,0,0,0,0
42239,123,4,UDP,0.041,2,180,90.0,48.26,0,0,0,0,0
0,0,6,OTHER,575.943,34,2788,82.0,0.06,0,0,0,0,0
53,53981,4,UDP,0.05,2,281,140.5,40.18,0,0,0,0,0
42282,443,6,TCP,0.628,24,5964,248.5,38.21,2,20,2,3,0
42286,443,6,TCP,171.406,37,7357,198.84,0.22,2,35,2,1,0
53,45790,4,UDP,0.036,2,301,150.5,55.75,0,0,0,0,0
53,32816,4,UDP,0.048,2,313,156.5,41.55,0,0,0,0,0
53,38090,4,UDP,0.042,2,375,187.5,47.31,0,0,0,0,0
53,40984,4,UDP,0.022,2,319,159.5,92.21,0,0,0,0,0
52266,80,6,TCP,174.975,45,5084,112.98,0.26,2,44,2,0,0
53,42708,4,UDP,0.025,2,224,112.0,79.06,0,0,0,0,0
53,49603,4,UDP,0.019,2,236,118.0,105.36,0,0,0,0,0
53,60094,4,UDP,0.034,2,269,134.5,59.33,0,0,0,0,0
50728,443,6,TCP,170.908,46,12485,271.41,0.27,2,43,2,2,0
53,46155,4,UDP,0.021,2,247,123.5,93.66,0,0,0,0,0
53,43566,4,UDP,0.042,2,268,134.0,47.88,0,0,0,0,0
53,54846,4,UDP,0.041,2,280,140.0,49.24,0,0,0,0,0
50740,443,6,TCP,170.982,35,7134,203.83,0.2,2,32,2,2,0
53,54963,4,UDP,0.065,2,250,125.0,30.94,0,0,0,0,0
53,58516,4,UDP,0.048,2,327,163.5,41.88,0,0,0,0,0
53,59550,4,UDP,0.049,2,279,139.5,41.1,0,0,0,0,0
53,55247,4,UDP,0.05,2,291,145.5,40.29,0,0,0,0,0
53,38186,4,UDP,0.049,2,324,162.0,41.16,0,0,0,0,0
53,39473,4,UDP,0.054,2,327,163.5,36.71,0,0,0,0,0
53,44769,4,UDP,0.054,2,327,163.5,36.72,0,0,0,0,0
53,46355,4,UDP,0.067,2,247,123.5,29.91,0,0,0,0,0
46024,443,4,TCP,170.902,33,8322,252.18,0.19,2,32,2,0,0
58066,443,4,TCP,0.727,24,7483,311.79,33.0,2,20,2,3,0
58078,443,4,TCP,0.676,22,7363,334.68,32.52,2,19,2,2,0
58088,443,4,TCP,236.321,57,11554,202.7,0.24,2,56,2,0,0
58096,443,4,TCP,0.413,23,7429,323.0,55.67,2,22,2,0,0
58098,443,4,TCP,0.868,22,7387,335.77,25.33,2,21,2,0,0
58108,443,4,TCP,0.869,22,7387,335.77,25.31,2,21,2,0,0
50750,443,6,TCP,180.824,64,29282,457.53,0.35,2,60,2,3,0
50758,443,6,TCP,0.809,29,9265,319.48,35.82,2,25,2,3,0
50774,443,6,TCP,17.035,30,9339,311.3,1.76,2,25,2,4,0
50780,443,6,TCP,0.851,30,9327,310.9,35.23,2,24,2,5,0
53,44099,4,UDP,0.089,2,388,194.0,22.39,0,0,0,0,0
53,48925,4,UDP,0.053,2,311,155.5,37.53,0,0,0,0,0
53,35319,4,UDP,0.052,2,323,161.5,38.38,0,0,0,0,0
53,36098,4,UDP,0.004,2,315,157.5,551.37,0,0,0,0,0
41436,443,6,TCP,0.665,21,7665,365.0,31.6,2,18,2,2,0
41450,443,6,TCP,0.681,23,7825,340.22,33.79,2,19,2,3,0
41454,443,6,TCP,0.73,22,7775,353.41,30.14,2,21,2,0,0
41458,443,6,TCP,246.101,192,36376,189.46,0.78,2,191,2,0,0
41466,443,6,TCP,0.729,21,7677,365.57,28.83,2,19,1,2,0
41480,443,6,TCP,0.725,23,7825,340.22,31.72,2,19,2,3,0
53,37038,4,UDP,0.002,2,216,108.0,874.0,0,0,0,0,0
53,55193,4,UDP,0.018,2,228,114.0,113.26,0,0,0,0,0
56322,443,6,TCP,239.523,128,42825,334.57,0.53,2,125,2,2,0
53,51343,4,UDP,0.116,2,462,231.0,17.3,0,0,0,0,0
53,59875,4,UDP,0.034,2,318,159.0,58.23,0,0,0,0,0
53,34879,4,UDP,0.116,2,221,110.5,17.3,0,0,0,0,0
53,42955,4,UDP,0.08,2,466,233.0,25.12,0,0,0,0,0
53,52368,4,UDP,0.084,2,322,161.0,23.68,0,0,0,0,0
53,42106,4,UDP,0.129,2,225,112.5,15.53,0,0,0,0,0
53,52096,4,UDP,0.001,1,87,87.0,1000.0,0,0,0,0,0
53,34033,4,UDP,0.152,2,230,115.0,13.17,0,0,0,0,0
53,51685,4,UDP,0.179,2,322,161.0,11.15,0,0,0,0,0
53,60333,4,UDP,0.1,2,221,110.5,19.99,0,0,0,0,0
53,42302,4,UDP,0.031,2,233,116.5,63.73,0,0,0,0,0
53,54780,4,UDP,0.061,2,256,128.0,32.89,0,0,0,0,0
53,57807,4,UDP,0.057,2,221,110.5,35.24,0,0,0,0,0
53,49831,4,UDP,0.05,2,263,131.5,39.96,0,0,0,0,0
53,52497,4,UDP,0.05,2,263,131.5,39.93,0,0,0,0,0
53,33478,4,UDP,0.074,2,174,87.0,27.07,0,0,0,0,0
53,53857,4,UDP,0.073,2,214,107.0,27.57,0,0,0,0,0
53,51689,4,UDP,0.073,2,226,113.0,27.45,0,0,0,0,0
53,36368,4,UDP,0.047,2,232,116.0,42.66,0,0,0,0,0
53,54617,4,UDP,0.062,2,244,122.0,32.06,0,0,0,0,0
53,41722,4,UDP,0.065,2,277,138.5,30.89,0,0,0,0,0
53,53686,4,UDP,0.061,2,229,114.5,32.74,0,0,0,0,0
53,35332,4,UDP,0.186,2,241,120.5,10.76,0,0,0,0,0
53,36283,4,UDP,0.063,2,271,135.5,31.74,0,0,0,0,0
53,58153,4,UDP,0.107,2,298,149.0,18.72,0,0,0,0,0
53,53807,4,UDP,0.125,2,322,161.0,16.03,0,0,0,0,0
53,49921,4,UDP,0.186,2,327,163.5,10.77,0,0,0,0,0
53,49943,4,UDP,0.121,2,282,141.0,16.48,0,0,0,0,0
53,54076,4,UDP,0.12,2,306,153.0,16.61,0,0,0,0,0
53,44170,4,UDP,0.186,2,315,157.5,10.78,0,0,0,0,0
53,59462,4,UDP,0.121,2,242,121.0,16.48,0,0,0,0,0
53,50596,4,UDP,0.122,2,402,201.0,16.36,0,0,0,0,0
53,56005,4,UDP,0.123,2,265,132.5,16.26,0,0,0,0,0
53,52047,4,UDP,0.095,2,266,133.0,21.14,0,0,0,0,0
53,32771,4,UDP,0.155,2,290,145.0,12.91,0,0,0,0,0
53,56630,4,UDP,0.129,2,229,114.5,15.46,0,0,0,0,0
53,50775,4,UDP,0.126,2,245,122.5,15.87,0,0,0,0,0
53,46484,4,UDP,0.003,2,184,92.0,702.98,0,0,0,0,0
53,39029,4,UDP,0.177,2,298,149.0,11.32,0,0,0,0,0
53,56781,4,UDP,0.176,2,192,96.0,11.38,0,0,0,0,0
53,40407,4,UDP,0.177,2,245,122.5,11.29,0,0,0,0,0
53,47174,4,UDP,0.127,2,245,122.5,15.69,0,0,0,0,0
53,34346,4,UDP,0.213,2,232,116.0,9.38,0,0,0,0,0
53,44706,4,UDP,0.174,2,254,127.0,11.47,0,0,0,0,0
53,33744,4,UDP,0.211,2,247,123.5,9.48,0,0,0,0,0
53,41596,4,UDP,0.215,2,392,196.0,9.32,0,0,0,0,0
53,60873,4,UDP,0.215,2,252,126.0,9.32,0,0,0,0,0
53,33864,4,UDP,0.176,2,218,109.0,11.38,0,0,0,0,0
53,59651,4,UDP,0.156,2,242,121.0,12.79,0,0,0,0,0
53,36817,4,UDP,0.156,2,255,127.5,12.79,0,0,0,0,0
53,36563,4,UDP,0.145,2,178,89.0,13.76,0,0,0,0,0
53,54808,4,UDP,0.093,2,224,112.0,21.5,0,0,0,0,0
53,47429,4,UDP,0.145,2,224,112.0,13.78,0,0,0,0,0
53,47786,4,UDP,0.143,2,217,108.5,13.96,0,0,0,0,0
53,49219,4,UDP,0.09,2,251,125.5,22.14,0,0,0,0,0
53,40721,4,UDP,0.089,2,260,130.0,22.4,0,0,0,0,0
53,33227,4,UDP,0.142,2,259,129.5,14.04,0,0,0,0,0
53,44130,4,UDP,0.094,2,259,129.5,21.18,0,0,0,0,0
53,57744,4,UDP,0.093,2,198,99.0,21.49,0,0,0,0,0
53,38585,4,UDP,0.133,2,260,130.0,15.01,0,0,0,0,0
53,37244,4,UDP,0.132,2,238,119.0,15.1,0,0,0,0,0
53,38062,4,UDP,0.133,2,244,122.0,15.01,0,0,0,0,0
53,37167,4,UDP,0.1,2,283,141.5,19.96,0,0,0,0,0
53,50230,4,UDP,0.001,1,88,88.0,1000.0,0,0,0,0,0
53,52547,4,UDP,0.001,1,88,88.0,1000.0,0,0,0,0,0
53,42987,4,UDP,0.001,1,79,79.0,1000.0,0,0,0,0,0
53,58447,4,UDP,0.18,2,223,111.5,11.08,0,0,0,0,0
53,44457,4,UDP,0.111,2,223,111.5,18.06,0,0,0,0,0
53,39099,4,UDP,0.001,1,97,97.0,1000.0,0,0,0,0,0
53,54791,4,UDP,0.001,1,97,97.0,1000.0,0,0,0,0,0
53,43055,4,UDP,0.001,1,97,97.0,1000.0,0,0,0,0,0
53,57679,4,UDP,0.001,1,98,98.0,1000.0,0,0,0,0,0
53,42451,4,UDP,0.001,1,98,98.0,1000.0,0,0,0,0,0
53,54419,4,UDP,0.001,1,98,98.0,1000.0,0,0,0,0,0
53,54428,4,UDP,0.001,1,94,94.0,1000.0,0,0,0,0,0
53,35251,4,UDP,0.001,1,90,90.0,1000.0,0,0,0,0,0
53,47648,4,UDP,0.015,2,188,94.0,129.43,0,0,0,0,0
53,47915,4,UDP,0.001,1,90,90.0,1000.0,0,0,0,0,0
53,40982,4,UDP,0.001,1,90,90.0,1000.0,0,0,0,0,0
53,59431,4,UDP,0.001,1,80,80.0,1000.0,0,0,0,0,0
53,54615,4,UDP,0.001,1,80,80.0,1000.0,0,0,0,0,0
53,45438,4,UDP,0.001,1,80,80.0,1000.0,0,0,0,0,0
53,48666,4,UDP,0.001,1,86,86.0,1000.0,0,0,0,0,0
53,47728,4,UDP,0.001,1,86,86.0,1000.0,0,0,0,0,0
53,52213,4,UDP,0.001,1,141,141.0,1000.0,0,0,0,0,0
53,56229,4,UDP,0.001,1,190,190.0,1000.0,0,0,0,0,0
53,50105,4,UDP,0.001,1,198,198.0,1000.0,0,0,0,0,0
53,44207,4,UDP,0.001,1,162,162.0,1000.0,0,0,0,0,0
53,50562,4,UDP,0.001,1,154,154.0,1000.0,0,0,0,0,0
53,60932,4,UDP,0.001,1,171,171.0,1000.0,0,0,0,0,0
443,35194,6,TCP,571.649,2215,1217355,549.6,3.87,2,2214,0,0,0
53,49318,4,UDP,0.018,2,196,98.0,113.54,0,0,0,0,0
53,58417,4,UDP,0.046,2,253,126.5,43.6,0,0,0,0,0
41738,443,6,TCP,19.374,34,11113,326.85,1.75,2,26,2,7,0
41744,443,6,TCP,170.505,44,12269,278.84,0.26,2,40,2,3,0
53,36225,4,UDP,0.027,2,208,104.0,73.35,0,0,0,0,0
53,47710,4,UDP,0.028,2,273,136.5,71.46,0,0,0,0,0
53022,443,4,TCP,171.14,33,8256,250.18,0.19,2,32,2,0,0
53,59591,4,UDP,0.021,2,192,96.0,97.48,0,0,0,0,0
53,58530,4,UDP,0.04,2,260,130.0,49.39,0,0,0,0,0
53,51681,4,UDP,0.039,2,260,130.0,51.42,0,0,0,0,0
53,57709,4,UDP,0.039,2,235,117.5,50.64,0,0,0,0,0
53,43466,4,UDP,0.022,2,252,126.0,89.09,0,0,0,0,0
53,55184,4,UDP,0.023,2,256,128.0,86.9,0,0,0,0,0
53,42312,4,UDP,0.001,2,172,86.0,2548.95,0,0,0,0,0
53,37381,4,UDP,0.021,2,241,120.5,93.04,0,0,0,0,0
53038,443,4,TCP,300.569,20,5860,293.0,0.07,2,19,0,0,0
53,44385,4,UDP,0.012,2,324,162.0,167.15,0,0,0,0,0
53,41436,4,UDP,0.022,2,276,138.0,92.22,0,0,0,0,0
53,57450,4,UDP,0.036,2,221,110.5,54.89,0,0,0,0,0
443,50812,6,UDP,16.07,52,90281,1736.17,3.24,0,0,0,0,0
53,49503,4,UDP,0.026,2,242,121.0,76.79,0,0,0,0,0
53,47399,4,UDP,0.033,2,254,127.0,60.53,0,0,0,0,0
53,45162,4,UDP,0.027,2,277,138.5,74.31,0,0,0,0,0
53,49945,4,UDP,0.035,2,340,170.0,57.76,0,0,0,0,0
46948,443,6,TCP,211.831,4116,3632104,882.44,19.43,2,4112,2,3,0
53,58226,4,UDP,0.001,2,232,116.0,3945.72,0,0,0,0,0
46796,443,4,TCP,380.862,221,64708,292.8,0.58,2,220,3,0,0
53,34580,4,UDP,0.033,2,196,98.0,60.0,0,0,0,0,0
53,42119,4,UDP,0.034,2,192,96.0,59.51,0,0,0,0,0
53,48785,4,UDP,0.034,2,223,111.5,58.88,0,0,0,0,0
53,52235,4,UDP,0.026,2,225,112.5,77.76,0,0,0,0,0
55178,80,4,TCP,169.307,45,4054,90.09,0.27,2,44,2,0,0
49354,80,6,TCP,169.303,45,4954,110.09,0.27,2,44,2,0,0
53,48851,4,UDP,0.024,2,198,99.0,82.13,0,0,0,0,0
53,37776,4,UDP,0.025,2,210,105.0,80.51,0,0,0,0,0
53,52372,4,UDP,0.025,2,239,119.5,80.17,0,0,0,0,0
443,59222,6,UDP,0.093,11,12862,1169.27,118.48,0,0,0,0,0
53,50283,4,UDP,0.028,2,192,96.0,70.37,0,0,0,0,0
53,42949,4,UDP,0.018,2,204,102.0,113.79,0,0,0,0,0
443,49844,6,UDP,7.763,18,15401,855.61,2.32,0,0,0,0,0
53,43744,4,UDP,0.02,2,260,130.0,100.42,0,0,0,0,0
53,51618,4,UDP,0.042,2,224,112.0,47.69,0,0,0,0,0
443,53540,6,UDP,0.253,17,14433,849.0,67.31,0,0,0,0,0
443,42836,6,TCP,171.681,34,10191,299.74,0.2,2,33,2,0,0
53,52026,4,UDP,0.037,2,265,132.5,53.82,0,0,0,0,0
53,60056,4,UDP,0.036,2,265,132.5,55.62,0,0,0,0,0
53,33509,4,UDP,0.032,2,265,132.5,62.08,0,0,0,0,0
53,43388,4,UDP,0.027,2,216,108.0,74.52,0,0,0,0,0
53,52283,4,UDP,0.027,2,216,108.0,73.73,0,0,0,0,0
53,54817,4,UDP,0.351,2,208,104.0,5.69,0,0,0,0,0
53,47268,4,UDP,0.351,2,208,104.0,5.7,0,0,0,0,0
53,52791,4,UDP,0.045,2,298,149.0,44.9,0,0,0,0,0
53,47558,4,UDP,0.004,2,394,197.0,540.61,0,0,0,0,0
53,43590,4,UDP,0.001,2,216,108.0,1908.67,0,0,0,0,0
53,37166,4,UDP,0.001,2,216,108.0,2087.24,0,0,0,0,0
443,38547,6,UDP,1.541,19,13533,712.26,12.33,0,0,0,0,0
53,55296,4,UDP,0.001,2,208,104.0,1715.11,0,0,0,0,0
53,43358,4,UDP,0.001,2,208,104.0,1632.98,0,0,0,0,0
53,59797,4,UDP,0.036,2,216,108.0,55.79,0,0,0,0,0
53,57897,4,UDP,0.036,2,216,108.0,55.62,0,0,0,0,0
53,53645,4,UDP,0.001,2,208,104.0,3520.19,0,0,0,0,0
53,53436,4,UDP,0.001,2,208,104.0,3622.02,0,0,0,0,0
53,34022,4,UDP,0.033,2,216,108.0,60.59,0,0,0,0,0
53,33637,4,UDP,0.033,2,216,108.0,60.28,0,0,0,0,0
80,54810,4,TCP,4.709,321,282951,881.47,68.17,2,320,2,0,0
53,47523,4,UDP,0.026,2,328,164.0,77.87,0,0,0,0,0
53,50824,4,UDP,0.035,2,280,140.0,57.2,0,0,0,0,0
53,50601,4,UDP,0.044,2,225,112.5,45.27,0,0,0,0,0
443,47743,6,UDP,2.149,82,185635,2263.84,38.16,0,0,0,0,0
443,49728,6,TCP,171.771,41,17155,418.41,0.24,2,40,2,0,0
53,55962,4,UDP,0.013,2,190,95.0,149.13,0,0,0,0,0
53,37414,4,UDP,0.029,2,202,101.0,69.33,0,0,0,0,0
443,50836,6,UDP,0.241,18,14298,794.33,74.62,0,0,0,0,0
443,60914,6,TCP,170.515,35,11205,320.14,0.21,2,33,2,1,0
53,35395,4,UDP,0.006,2,188,94.0,327.11,0,0,0,0,0
53,42252,4,UDP,0.006,2,200,100.0,322.27,0,0,0,0,0
53,34757,4,UDP,0.024,2,229,114.5,82.49,0,0,0,0,0
443,53947,6,UDP,0.183,14,14099,1007.07,76.29,0,0,0,0,0
546,547,6,UDP,451.526,5,550,110.0,0.01,0,0,0,0,0
53,56952,4,UDP,0.054,2,218,109.0,36.96,0,0,0,0,0
53,57165,4,UDP,0.054,2,214,107.0,36.82,0,0,0,0,0
53,38803,4,UDP,0.054,2,246,123.0,36.75,0,0,0,0,0
443,35141,6,UDP,0.177,15,13668,911.2,84.8,0,0,0,0,0
53,39613,4,UDP,0.095,2,218,109.0,21.04,0,0,0,0,0
53,50122,4,UDP,0.052,2,242,121.0,38.8,0,0,0,0,0
53,34280,4,UDP,0.075,2,255,127.5,26.72,0,0,0,0,0
53,36169,4,UDP,0.081,2,224,112.0,24.55,0,0,0,0,0
53,49180,4,UDP,0.051,2,224,112.0,39.12,0,0,0,0,0
53,48445,4,UDP,0.068,2,192,96.0,29.37,0,0,0,0,0
53,60896,4,UDP,0.069,2,245,122.5,29.11,0,0,0,0,0
53,57613,4,UDP,0.053,2,245,122.5,37.45,0,0,0,0,0
53,40604,4,UDP,0.066,2,249,124.5,30.53,0,0,0,0,0
53,38876,4,UDP,0.066,2,249,124.5,30.47,0,0,0,0,0
53,48360,4,UDP,0.071,2,322,161.0,28.33,0,0,0,0,0
53,36679,4,UDP,0.064,2,244,122.0,31.39,0,0,0,0,0
53,43497,4,UDP,0.064,2,264,132.0,31.24,0,0,0,0,0
53,42268,4,UDP,0.065,2,402,201.0,30.72,0,0,0,0,0
53,34369,4,UDP,0.051,2,265,132.5,39.04,0,0,0,0,0
53,52062,4,UDP,0.1,2,223,111.5,20.09,0,0,0,0,0
53,39143,4,UDP,0.095,2,223,111.5,21.12,0,0,0,0,0
53,56065,4,UDP,0.03,2,218,109.0,65.81,0,0,0,0,0
53,37846,4,UDP,0.048,2,251,125.5,41.43,0,0,0,0,0
53,51240,4,UDP,0.029,2,418,209.0,69.65,0,0,0,0,0
53,60920,4,UDP,0.027,2,281,140.5,73.04,0,0,0,0,0
53,52422,4,UDP,0.072,2,336,168.0,27.65,0,0,0,0,0
53,37177,4,UDP,0.028,2,260,130.0,72.19,0,0,0,0,0
53,39448,4,UDP,0.043,2,249,124.5,46.09,0,0,0,0,0
53,53081,4,UDP,0.041,2,249,124.5,49.09,0,0,0,0,0
53,59839,4,UDP,0.042,2,247,123.5,47.85,0,0,0,0,0
53,49824,4,UDP,0.041,2,247,123.5,48.61,0,0,0,0,0
53,52024,4,UDP,0.04,2,186,93.0,49.91,0,0,0,0,0
53,40993,4,UDP,0.054,2,310,155.0,37.03,0,0,0,0,0
53,48255,4,UDP,0.052,2,232,116.0,38.46,0,0,0,0,0
53,32782,4,UDP,0.028,2,228,114.0,71.26,0,0,0,0,0
53,33695,4,UDP,0.049,2,252,126.0,40.74,0,0,0,0,0
53,55548,4,UDP,0.052,2,260,130.0,38.44,0,0,0,0,0
53,41600,4,UDP,0.051,2,267,133.5,39.53,0,0,0,0,0
53,53302,4,UDP,0.029,2,260,130.0,68.5,0,0,0,0,0
53,59754,4,UDP,0.028,2,260,130.0,72.64,0,0,0,0,0
53,44552,4,UDP,0.129,2,237,118.5,15.56,0,0,0,0,0
53,47172,4,UDP,0.029,2,241,120.5,69.24,0,0,0,0,0
53,43516,4,UDP,0.093,2,466,233.0,21.42,0,0,0,0,0
53,36987,4,UDP,0.12,2,322,161.0,16.67,0,0,0,0,0
53,49806,4,UDP,0.134,2,225,112.5,14.93,0,0,0,0,0
53,55561,4,UDP,0.127,2,230,115.0,15.74,0,0,0,0,0
53,57056,4,UDP,0.131,2,322,161.0,15.23,0,0,0,0,0
53,60417,4,UDP,0.131,2,229,114.5,15.22,0,0,0,0,0
53,33458,4,UDP,0.14,2,245,122.5,14.32,0,0,0,0,0
53,55494,4,UDP,0.12,2,245,122.5,16.63,0,0,0,0,0
53,40255,4,UDP,0.119,2,174,87.0,16.75,0,0,0,0,0
53,38310,4,UDP,0.138,2,214,107.0,14.51,0,0,0,0,0
53,34911,4,UDP,0.12,2,226,113.0,16.6,0,0,0,0,0
53,54136,4,UDP,0.135,2,247,123.5,14.79,0,0,0,0,0
53,36186,4,UDP,0.134,2,254,127.0,14.91,0,0,0,0,0
53,50917,4,UDP,0.133,2,228,114.0,15.09,0,0,0,0,0
53,56282,4,UDP,0.131,2,252,126.0,15.23,0,0,0,0,0
53,43663,4,UDP,0.133,2,260,130.0,15.02,0,0,0,0,0
53,58942,4,UDP,0.018,2,212,106.0,109.13,0,0,0,0,0
53,42727,4,UDP,0.032,2,224,112.0,62.38,0,0,0,0,0
443,42586,6,TCP,90.127,2838,2072954,730.43,31.49,2,2831,1,6,0
443,58983,6,UDP,5.35,234,419342,1792.06,43.74,0,0,0,0,0
443,33439,6,UDP,1.025,42,18621,443.36,40.96,0,0,0,0,0
53,47656,4,UDP,0.053,2,210,105.0,38.04,0,0,0,0,0
53,41195,4,UDP,0.051,2,222,111.0,39.14,0,0,0,0,0
443,45645,6,UDP,0.187,23,22663,985.35,122.9,0,0,0,0,0
443,57572,6,TCP,137.431,38,10261,270.03,0.28,2,37,2,0,0
443,57584,6,TCP,24.221,27,8986,332.81,1.11,2,22,2,4,0
443,57596,6,TCP,24.219,27,8986,332.81,1.11,2,22,2,4,0
53,58209,4,UDP,0.049,2,232,116.0,40.77,0,0,0,0,0
53,37642,4,UDP,0.013,2,252,126.0,159.04,0,0,0,0,0
443,51314,6,UDP,0.152,14,14153,1010.93,92.18,0,0,0,0,0
53,43151,4,UDP,0.019,2,229,114.5,104.7,0,0,0,0,0
443,54799,6,UDP,0.19,52,102825,1977.4,273.47,0,0,0,0,0
53,34931,4,UDP,0.021,2,194,97.0,93.44,0,0,0,0,0
53,39646,4,UDP,0.021,2,206,103.0,93.64,0,0,0,0,0
53,59729,4,UDP,0.021,2,235,117.5,93.73,0,0,0,0,0
53,42739,4,UDP,0.027,2,206,103.0,74.55,0,0,0,0,0
53,38129,4,UDP,0.035,2,247,123.5,57.8,0,0,0,0,0
443,42020,6,UDP,58.61,22,14676,667.09,0.38,0,0,0,0,0
443,44177,4,UDP,58.57,25,14260,570.4,0.43,0,0,0,0,0
443,48964,6,TCP,143.389,38,11112,292.42,0.27,2,37,2,0,0
443,54610,4,TCP,171.423,35,10541,301.17,0.2,2,34,2,0,0
53,49736,4,UDP,0.144,2,248,124.0,13.85,0,0,0,0,0
53,40713,4,UDP,0.149,2,214,107.0,13.39,0,0,0,0,0
53,52019,4,UDP,38.436,4,497,124.25,0.1,0,0,0,0,0
443,33078,6,UDP,0.231,20,14745,737.25,86.72,0,0,0,0,0
443,38434,6,UDP,0.33,19,15464,813.89,57.62,0,0,0,0,0
443,36798,6,TCP,171.112,43,16363,380.53,0.25,2,42,2,0,0
53,59068,4,UDP,0.107,2,188,94.0,18.72,0,0,0,0,0
53,59857,4,UDP,0.107,2,284,142.0,18.63,0,0,0,0,0
53,56664,4,UDP,0.137,2,222,111.0,14.56,0,0,0,0,0
443,48941,6,UDP,0.368,18,14353,797.39,48.92,0,0,0,0,0
443,46590,6,UDP,1.823,29,18309,631.34,15.91,0,0,0,0,0
443,39730,6,TCP,170.99,36,12317,342.14,0.21,2,35,2,0,0
53,51096,4,UDP,0.029,2,245,122.5,69.27,0,0,0,0,0
53,54530,4,UDP,0.0,2,184,92.0,5373.87,0,0,0,0,0
40680,443,4,TCP,209.088,1220,967241,792.82,5.83,2,1216,2,3,0
53,58286,4,UDP,0.033,2,243,121.5,60.23,0,0,0,0,0
53,40658,4,UDP,0.026,2,255,127.5,76.91,0,0,0,0,0
53,60811,4,UDP,0.033,2,285,142.5,60.42,0,0,0,0,0
53,42361,4,UDP,0.056,2,265,132.5,35.4,0,0,0,0,0
48279,443,6,UDP,18.163,108,669615,6200.14,5.95,0,0,0,0,0
35413,443,6,UDP,11.294,22,31286,1422.09,1.95,0,0,0,0,0
53,49368,4,UDP,0.041,2,206,103.0,48.25,0,0,0,0,0
53,44436,4,UDP,0.04,2,218,109.0,49.66,0,0,0,0,0
53,37307,4,UDP,0.016,2,247,123.5,125.21,0,0,0,0,0
53,39597,4,UDP,0.042,2,182,91.0,47.76,0,0,0,0,0
53,35882,4,UDP,0.035,2,243,121.5,56.47,0,0,0,0,0
53,51673,4,UDP,0.036,2,243,121.5,54.87,0,0,0,0,0
443,53652,6,UDP,0.218,11,12859,1169.0,50.44,0,0,0,0,0
53,58676,4,UDP,0.004,2,245,122.5,458.27,0,0,0,0,0
53,49166,4,UDP,0.002,2,257,128.5,957.17,0,0,0,0,0
53,34907,4,UDP,0.002,2,287,143.5,1273.9,0,0,0,0,0
53,40261,4,UDP,0.052,2,265,132.5,38.55,0,0,0,0,0
53,52316,4,UDP,0.092,2,251,125.5,21.66,0,0,0,0,0
53,48839,4,UDP,0.032,2,263,131.5,63.27,0,0,0,0,0
53,47051,4,UDP,0.092,2,296,148.0,21.66,0,0,0,0,0
46206,443,6,TCP,0.496,31,10187,328.61,62.52,2,25,2,5,0
53,56432,4,UDP,0.014,2,265,132.5,141.86,0,0,0,0,0
45799,443,6,UDP,33.449,207,3303788,15960.33,6.19,0,0,0,0,0
46220,443,6,TCP,0.328,36,12916,358.78,109.74,2,33,2,2,0
46224,443,6,TCP,170.368,37,10942,295.73,0.22,2,34,2,2,0
53,57194,4,UDP,0.02,2,247,123.5,98.67,0,0,0,0,0
53,43826,4,UDP,0.02,2,259,129.5,98.85,0,0,0,0,0
53,51422,4,UDP,0.032,2,289,144.5,62.71,0,0,0,0,0
53,33287,4,UDP,0.049,2,233,116.5,40.84,0,0,0,0,0
53,43348,4,UDP,0.028,2,245,122.5,70.99,0,0,0,0,0
53,37706,4,UDP,0.037,2,278,139.0,53.51,0,0,0,0,0
46366,443,6,UDP,45.609,236,1076562,4561.7,5.17,0,0,0,0,0
53,57779,4,UDP,0.036,2,265,132.5,54.96,0,0,0,0,0
54069,443,6,UDP,0.107,10,11336,1133.6,93.57,0,0,0,0,0
443,36971,6,UDP,0.73,28,16752,598.29,38.37,0,0,0,0,0
443,52752,6,TCP,136.242,36,10062,279.5,0.26,2,35,2,0,0
56313,443,4,UDP,0.458,22,13960,634.55,48.08,0,0,0,0,0
443,59965,6,UDP,0.321,21,18444,878.29,65.38,0,0,0,0,0
443,60602,6,TCP,170.478,37,11657,315.05,0.22,2,36,2,0,0
443,37474,6,UDP,0.247,16,14571,910.69,64.76,0,0,0,0,0
443,42580,6,TCP,171.217,36,11339,314.97,0.21,2,35,2,0,0
53,58565,4,UDP,0.033,2,231,115.5,60.51,0,0,0,0,0
53,42277,4,UDP,0.034,2,243,121.5,59.14,0,0,0,0,0
53,37420,4,UDP,0.03,2,273,136.5,66.1,0,0,0,0,0
53,46017,4,UDP,0.036,2,265,132.5,56.13,0,0,0,0,0
46236,443,6,TCP,0.337,30,10079,335.97,88.91,2,24,2,5,0
53,46987,4,UDP,0.923,2,221,110.5,2.17,0,0,0,0,0
53,49533,4,UDP,0.028,2,233,116.5,70.72,0,0,0,0,0
53,59828,4,UDP,0.027,2,266,133.0,73.9,0,0,0,0,0
53,41096,4,UDP,0.863,2,265,132.5,2.32,0,0,0,0,0
53,38317,4,UDP,0.029,2,276,138.0,68.49,0,0,0,0,0
53,37929,4,UDP,0.028,2,272,136.0,71.03,0,0,0,0,0
53,36688,4,UDP,0.011,2,289,144.5,178.43,0,0,0,0,0
47398,443,6,UDP,32.323,54,36452,675.04,1.67,0,0,0,0,0
36784,443,6,TCP,170.974,32,9148,285.88,0.19,2,31,2,0,0
40870,443,6,UDP,27.434,31,18861,608.42,1.13,0,0,0,0,0
54145,443,6,UDP,0.034,11,11564,1051.27,324.67,0,0,0,0,0
53,38459,4,UDP,0.024,2,217,108.5,81.77,0,0,0,0,0
53,50856,4,UDP,0.035,2,259,129.5,57.37,0,0,0,0,0
53,36597,4,UDP,0.035,2,259,129.5,56.58,0,0,0,0,0
53,34653,4,UDP,0.02,2,198,99.0,102.51,0,0,0,0,0
53,58561,4,UDP,0.025,2,238,119.0,78.65,0,0,0,0,0
53,49214,4,UDP,0.037,2,244,122.0,54.31,0,0,0,0,0
53,39044,4,UDP,0.011,2,188,94.0,175.8,0,0,0,0,0
53,38579,4,UDP,0.028,2,249,124.5,71.35,0,0,0,0,0
54537,443,6,UDP,0.05,10,11501,1150.1,201.73,0,0,0,0,0
53,59637,4,UDP,0.061,2,283,141.5,32.99,0,0,0,0,0
53,49078,4,UDP,0.059,2,443,221.5,33.64,0,0,0,0,0
53,40474,4,UDP,0.061,2,241,120.5,33.03,0,0,0,0,0
53,40191,4,UDP,0.061,2,265,132.5,32.96,0,0,0,0,0
53,32996,4,UDP,0.028,2,240,120.0,72.24,0,0,0,0,0
53,48212,4,UDP,0.015,2,236,118.0,136.15,0,0,0,0,0
53,48724,4,UDP,0.028,2,253,126.5,72.44,0,0,0,0,0
35304,443,6,UDP,1.033,32,23038,719.94,30.97,0,0,0,0,0
52352,443,6,TCP,170.762,28,8740,312.14,0.16,2,27,2,0,0
53,36201,4,UDP,0.022,2,223,111.5,89.08,0,0,0,0,0
53,41224,4,UDP,0.041,2,223,111.5,48.24,0,0,0,0,0
53,47602,4,UDP,0.027,2,218,109.0,74.69,0,0,0,0,0
53,35989,4,UDP,0.026,2,242,121.0,78.18,0,0,0,0,0
53,33584,4,UDP,0.027,2,251,125.5,75.35,0,0,0,0,0
53,34112,4,UDP,0.04,2,251,125.5,49.59,0,0,0,0,0
53,47274,4,UDP,0.041,2,263,131.5,48.58,0,0,0,0,0
53,54811,4,UDP,0.041,2,293,146.5,48.26,0,0,0,0,0
53,53271,4,UDP,0.037,2,265,132.5,54.65,0,0,0,0,0
56930,443,6,TCP,3.848,228,188333,826.02,59.25,2,224,2,3,0
56936,443,6,TCP,0.361,31,10209,329.32,85.98,2,25,2,5,0
53,48105,4,UDP,0.05,2,251,125.5,39.69,0,0,0,0,0
53,53212,4,UDP,0.091,2,291,145.5,22.08,0,0,0,0,0
53,41386,4,UDP,0.089,2,293,146.5,22.55,0,0,0,0,0
53,50771,4,UDP,0.083,2,265,132.5,24.0,0,0,0,0,0
53,56529,4,UDP,0.096,2,247,123.5,20.81,0,0,0,0,0
53,36464,4,UDP,0.095,2,259,129.5,21.14,0,0,0,0,0
53,40433,4,UDP,0.094,2,292,146.0,21.33,0,0,0,0,0
46656,443,6,UDP,16.188,71,210221,2960.86,4.39,0,0,0,0,0
53,55713,4,UDP,0.001,1,102,102.0,1000.0,0,0,0,0,0
53,52780,4,UDP,0.001,1,97,97.0,1000.0,0,0,0,0,0
53,49171,4,UDP,0.001,1,98,98.0,1000.0,0,0,0,0,0
46728,443,6,UDP,0.087,6,2142,357.0,69.15,0,0,0,0,0
37550,443,6,TCP,0.413,27,9889,366.26,65.3,2,23,1,4,0
37560,443,6,TCP,171.295,41,11326,276.24,0.24,2,38,2,2,0
54592,443,6,UDP,12.283,26,26202,1007.77,2.12,0,0,0,0,0
53,50136,4,UDP,0.001,1,155,155.0,1000.0,0,0,0,0,0
53,34840,4,UDP,0.001,1,155,155.0,1000.0,0,0,0,0,0
53,44904,4,UDP,0.037,2,260,130.0,53.96,0,0,0,0,0
53,40008,4,UDP,0.036,2,308,154.0,55.99,0,0,0,0,0
47302,443,6,TCP,348.529,877,733244,836.08,2.52,2,874,2,2,0
53,37052,4,UDP,0.03,2,293,146.5,66.84,0,0,0,0,0
53,45279,4,UDP,0.063,2,335,167.5,31.67,0,0,0,0,0
53,41380,4,UDP,0.054,2,335,167.5,37.28,0,0,0,0,0
53,59940,4,UDP,0.01,2,247,123.5,199.49,0,0,0,0,0
53,47020,4,UDP,0.0,2,186,93.0,6355.01,0,0,0,0,0
53,40064,4,UDP,0.122,2,186,93.0,16.34,0,0,0,0,0
53,36431,4,UDP,0.123,2,226,113.0,16.29,0,0,0,0,0
53,45271,4,UDP,0.154,2,232,116.0,12.98,0,0,0,0,0
53,46168,4,UDP,0.121,2,228,114.0,16.5,0,0,0,0,0
53,47385,4,UDP,0.127,2,252,126.0,15.76,0,0,0,0,0
53,44494,4,UDP,0.094,2,260,130.0,21.38,0,0,0,0,0
53,44028,4,UDP,0.033,2,267,133.5,59.83,0,0,0,0,0
123,56555,4,UDP,0.051,2,180,90.0,39.2,0,0,0,0,0
123,41949,4,UDP,0.001,1,90,90.0,1000.0,0,0,0,0,0
47468,123,4,UDP,0.257,2,180,90.0,7.78,0,0,0,0,0
37336,123,4,UDP,0.188,2,180,90.0,10.66,0,0,0,0,0
53452,123,4,UDP,0.043,2,180,90.0,46.22,0,0,0,0,0
123,54184,4,UDP,0.04,2,180,90.0,49.41,0,0,0,0,0
123,57232,4,UDP,0.141,2,180,90.0,14.23,0,0,0,0,0
123,52197,4,UDP,0.051,2,180,90.0,39.19,0,0,0,0,0
123,55817,4,UDP,0.041,2,180,90.0,49.02,0,0,0,0,0
57582,123,4,UDP,0.042,2,180,90.0,47.1,0,0,0,0,0
53,53498,4,UDP,0.035,2,225,112.5,56.73,0,0,0,0,0
53,60219,4,UDP,0.028,2,301,150.5,71.85,0,0,0,0,0
53,48806,4,UDP,0.026,2,313,156.5,76.93,0,0,0,0,0
123,51831,4,UDP,0.059,2,180,90.0,33.84,0,0,0,0,0
55975,123,4,UDP,0.043,2,180,90.0,46.91,0,0,0,0,0
123,38098,4,UDP,0.043,2,180,90.0,46.08,0,0,0,0,0
37274,443,6,UDP,0.051,9,11274,1252.67,176.53,0,0,0,0,0
123,48300,4,UDP,0.029,2,180,90.0,67.88,0,0,0,0,0
123,41792,4,UDP,0.07,2,180,90.0,28.61,0,0,0,0,0
55183,123,4,UDP,0.065,2,180,90.0,30.99,0,0,0,0,0
53,54572,4,UDP,0.033,2,216,108.0,60.59,0,0,0,0,0
53,36614,4,UDP,0.028,2,228,114.0,71.44,0,0,0,0,0
53,48534,4,UDP,0.126,2,260,130.0,15.84,0,0,0,0,0
53,57983,4,UDP,0.143,2,260,130.0,14.02,0,0,0,0,0
53,42758,4,UDP,0.062,2,241,120.5,32.17,0,0,0,0,0
53,46112,4,UDP,0.126,2,241,120.5,15.88,0,0,0,0,0
53,56389,4,UDP,0.144,2,462,231.0,13.9,0,0,0,0,0
53,58284,4,UDP,0.118,2,318,159.0,17.01,0,0,0,0,0
53,53730,4,UDP,0.144,2,221,110.5,13.85,0,0,0,0,0
53,56690,4,UDP,0.166,2,466,233.0,12.05,0,0,0,0,0
53,35452,4,UDP,0.163,2,322,161.0,12.26,0,0,0,0,0
53,54082,4,UDP,0.166,2,225,112.5,12.06,0,0,0,0,0
53,60610,4,UDP,0.116,2,230,115.0,17.27,0,0,0,0,0
53,51285,4,UDP,0.186,2,229,114.5,10.76,0,0,0,0,0
53,47332,4,UDP,0.186,2,237,118.5,10.74,0,0,0,0,0
53,59776,4,UDP,0.188,2,263,131.5,10.61,0,0,0,0,0
53,40743,4,UDP,0.185,2,263,131.5,10.84,0,0,0,0,0
53,51889,4,UDP,0.186,2,174,87.0,10.75,0,0,0,0,0
53,42817,4,UDP,0.139,2,214,107.0,14.41,0,0,0,0,0
53,53868,4,UDP,0.17,2,226,113.0,11.79,0,0,0,0,0
53,40318,4,UDP,0.219,2,232,116.0,9.12,0,0,0,0,0
53,55859,4,UDP,0.159,2,244,122.0,12.56,0,0,0,0,0
53,39093,4,UDP,0.155,2,277,138.5,12.93,0,0,0,0,0
53,57040,4,UDP,0.157,2,229,114.5,12.76,0,0,0,0,0
53,36593,4,UDP,0.218,2,241,120.5,9.18,0,0,0,0,0
53,43396,4,UDP,0.078,2,245,122.5,25.8,0,0,0,0,0
53,35975,4,UDP,0.075,2,247,123.5,26.62,0,0,0,0,0
53,37171,4,UDP,0.062,2,254,127.0,32.12,0,0,0,0,0
53,35472,4,UDP,0.061,2,184,92.0,32.75,0,0,0,0,0
53,51862,4,UDP,0.005,2,327,163.5,375.53,0,0,0,0,0
53,46754,4,UDP,0.02,2,311,155.5,101.94,0,0,0,0,0
53,50551,4,UDP,0.02,2,323,161.5,100.17,0,0,0,0,0
53,55328,4,UDP,0.035,2,228,114.0,56.4,0,0,0,0,0
53,57623,4,UDP,0.028,2,252,126.0,70.88,0,0,0,0,0
53,51007,4,UDP,0.039,2,260,130.0,51.55,0,0,0,0,0
53,56823,4,UDP,0.032,2,277,138.5,63.17,0,0,0,0,0
53,35259,4,UDP,0.022,2,340,170.0,92.25,0,0,0,0,0
53,34422,4,UDP,0.0,2,232,116.0,6260.16,0,0,0,0,0
443,58672,6,UDP,47.218,218,562080,2578.35,4.62,0,0,0,0,0
443,40622,6,UDP,0.148,13,10722,824.77,87.89,0,0,0,0,0
443,35374,6,UDP,13.724,45,56890,1264.22,3.28,0,0,0,0,0
443,35417,6,UDP,0.171,18,12317,684.28,105.25,0,0,0,0,0
53,47887,4,UDP,0.033,2,254,127.0,60.32,0,0,0,0,0
53,55075,4,UDP,0.031,2,266,133.0,64.05,0,0,0,0,0
53,39839,4,UDP,0.031,2,260,130.0,65.18,0,0,0,0,0
53626,443,6,UDP,3.237,34,25908,762.0,10.5,0,0,0,0,0
45042,443,6,TCP,6.209,24,8755,364.79,3.87,3,23,2,0,0
45056,443,6,TCP,6.219,24,8754,364.75,3.86,3,23,2,0,0
60738,443,4,TCP,5.968,23,8207,356.83,3.85,3,22,2,0,0
60742,443,4,TCP,5.985,23,8208,356.87,3.84,3,22,2,0,0
53,49046,4,UDP,0.034,2,394,197.0,58.59,0,0,0,0,0
443,55409,6,UDP,0.481,20,12305,615.25,41.55,0,0,0,0,0
443,47138,6,UDP,42.902,137,312182,2278.7,3.19,0,0,0,0,0
443,56776,6,UDP,0.15,14,11758,839.86,93.44,0,0,0,0,0
443,60745,6,UDP,0.167,12,10651,887.58,71.7,0,0,0,0,0
53,38686,4,UDP,0.033,2,242,121.0,60.18,0,0,0,0,0
53,58544,4,UDP,0.034,2,402,201.0,58.96,0,0,0,0,0
53,45769,4,UDP,0.04,2,265,132.5,50.01,0,0,0,0,0
53,36673,4,UDP,0.056,2,266,133.0,35.58,0,0,0,0,0
53,48692,4,UDP,0.033,2,290,145.0,61.46,0,0,0,0,0
53,38682,4,UDP,0.05,2,298,149.0,39.77,0,0,0,0,0
53,55077,4,UDP,0.001,2,260,130.0,2022.81,0,0,0,0,0
0,0,6,OTHER,9.619,2,426,213.0,0.21,0,0,0,0,0
0,0,4,OTHER,9.631,2,310,155.0,0.21,0,0,0,0,0
53,40868,4,UDP,0.025,2,228,114.0,81.29,0,0,0,0,0
53,60685,4,UDP,0.037,2,324,162.0,54.75,0,0,0,0,0
53,38777,4,UDP,5.033,2,269,134.5,0.4,0,0,0,0,0
443,59905,6,UDP,2.367,93,36473,392.18,39.29,0,0,0,0,0
443,46370,6,TCP,170.27,39,12608,323.28,0.23,2,38,2,0,0
443,42397,6,UDP,0.111,11,10480,952.73,99.31,0,0,0,0,0
53,37330,4,UDP,0.027,2,192,96.0,74.83,0,0,0,0,0
53,57462,4,UDP,0.032,2,245,122.5,62.86,0,0,0,0,0
53,33553,4,UDP,0.021,2,245,122.5,94.44,0,0,0,0,0
53,52410,4,UDP,0.039,2,232,116.0,51.37,0,0,0,0,0
53,37173,4,UDP,0.035,2,392,196.0,57.71,0,0,0,0,0
53,35054,4,UDP,0.035,2,252,126.0,57.0,0,0,0,0,0
53,33827,4,UDP,0.043,2,352,176.0,46.52,0,0,0,0,0
53,49309,4,UDP,0.043,2,304,152.0,46.24,0,0,0,0,0
53,34183,4,UDP,0.025,2,249,124.5,78.99,0,0,0,0,0
443,50338,6,UDP,0.275,17,22639,1331.71,61.89,0,0,0,0,0
443,48130,6,TCP,170.791,41,17158,418.49,0.24,2,40,2,0,0
53,43446,4,UDP,0.037,2,218,109.0,54.66,0,0,0,0,0
53,37848,4,UDP,0.038,2,242,121.0,53.3,0,0,0,0,0
53,49650,4,UDP,0.038,2,255,127.5,53.17,0,0,0,0,0
53,35367,4,UDP,0.026,2,178,89.0,76.13,0,0,0,0,0
53,58200,4,UDP,0.037,2,224,112.0,53.63,0,0,0,0,0
53,58841,4,UDP,0.037,2,224,112.0,53.46,0,0,0,0,0
53,41219,6,UDP,0.028,2,309,154.5,71.06,0,0,0,0,0
53,44932,6,UDP,0.029,2,257,128.5,68.31,0,0,0,0,0
53,46346,6,UDP,0.023,2,299,149.5,87.37,0,0,0,0,0
53,54180,6,UDP,0.021,2,299,149.5,95.64,0,0,0,0,0
53,34379,6,UDP,0.005,2,228,114.0,415.9,0,0,0,0,0
53,49497,6,UDP,0.031,2,289,144.5,65.06,0,0,0,0,0
53,34270,6,UDP,0.045,2,238,119.0,44.89,0,0,0,0,0
53,51424,6,UDP,0.043,2,278,139.0,46.48,0,0,0,0,0
53,55174,6,UDP,0.027,2,284,142.0,75.31,0,0,0,0,0
53,52989,6,UDP,0.063,2,323,161.5,31.93,0,0,0,0,0
53,47801,6,UDP,0.065,2,483,241.5,30.83,0,0,0,0,0
53,53432,6,UDP,0.065,2,281,140.5,30.65,0,0,0,0,0
53,53458,6,UDP,0.046,2,262,131.0,43.72,0,0,0,0,0
53,44172,6,UDP,0.066,2,263,131.5,30.43,0,0,0,0,0
53,59533,6,UDP,0.045,2,263,131.5,44.7,0,0,0,0,0
0,0,6,OTHER,462.342,18,1476,82.0,0.04,0,0,0,0,0
53,49441,6,UDP,0.044,2,297,148.5,45.74,0,0,0,0,0
53,45229,6,UDP,0.025,2,309,154.5,80.82,0,0,0,0,0
53,34635,6,UDP,0.044,2,338,169.0,45.52,0,0,0,0,0
443,34242,6,TCP,115.965,42,11366,270.62,0.36,2,41,2,0,0
53,51701,6,UDP,0.018,2,303,151.5,114.02,0,0,0,0,0
443,34246,6,TCP,8.955,22,8451,384.14,2.46,2,20,2,1,0
443,54709,6,UDP,448.272,2228,18622410,8358.35,4.97,0,0,0,0,0
51137,1900,4,UDP,3.036,4,848,212.0,1.32,0,0,0,0,0
51135,1900,4,UDP,3.036,4,848,212.0,1.32,0,0,0,0,0
53,49901,6,UDP,0.059,2,322,161.0,34.16,0,0,0,0,0
53,58517,6,UDP,0.058,2,346,173.0,34.74,0,0,0,0,0
53,48478,6,UDP,0.032,2,355,177.5,63.46,0,0,0,0,0
53,51178,6,UDP,0.053,2,298,149.0,37.91,0,0,0,0,0
53,50292,6,UDP,0.052,2,458,229.0,38.74,0,0,0,0,0
53,43962,6,UDP,0.028,2,321,160.5,71.97,0,0,0,0,0
53,34435,6,UDP,0.026,2,291,145.5,77.88,0,0,0,0,0
60182,1900,4,UDP,3.002,4,848,212.0,1.33,0,0,0,0,0
60184,1900,4,UDP,3.003,4,848,212.0,1.33,0,0,0,0,0
53,49791,6,UDP,0.021,2,362,181.0,95.94,0,0,0,0,0
53,41292,6,UDP,0.032,2,386,193.0,63.1,0,0,0,0,0
53,46275,6,UDP,0.034,2,391,195.5,58.81,0,0,0,0,0
53,60373,6,UDP,0.026,2,273,136.5,76.8,0,0,0,0,0
53,56208,6,UDP,0.021,2,315,157.5,93.55,0,0,0,0,0
53,51878,6,UDP,0.029,2,315,157.5,67.82,0,0,0,0,0
53,34613,6,UDP,0.008,2,228,114.0,237.61,0,0,0,0,0
53,51883,6,UDP,0.026,2,300,150.0,77.34,0,0,0,0,0
53,44937,6,UDP,0.025,2,289,144.5,79.76,0,0,0,0,0
0,0,6,OTHER,462.359,20,1640,82.0,0.04,0,0,0,0,0
53,35481,6,UDP,0.021,2,232,116.0,96.39,0,0,0,0,0
53,49613,6,UDP,0.028,2,256,128.0,72.3,0,0,0,0,0
53,36265,6,UDP,0.036,2,348,174.0,55.67,0,0,0,0,0
53,37785,6,UDP,0.061,2,248,124.0,32.72,0,0,0,0,0
53,41743,6,UDP,0.044,2,260,130.0,45.02,0,0,0,0,0
53,38866,6,UDP,0.061,2,289,144.5,32.87,0,0,0,0,0
53,54760,6,UDP,0.053,2,300,150.0,37.65,0,0,0,0,0
53,50759,6,UDP,0.06,2,312,156.0,33.53,0,0,0,0,0
53,37975,6,UDP,0.053,2,341,170.5,37.8,0,0,0,0,0
53,42957,6,UDP,0.071,2,364,182.0,27.99,0,0,0,0,0
53,58112,6,UDP,0.043,2,316,158.0,46.4,0,0,0,0,0
53,50714,6,UDP,0.066,2,261,130.5,30.14,0,0,0,0,0
443,33552,6,UDP,0.808,22,14626,664.82,27.23,0,0,0,0,0
53,32884,6,UDP,0.062,2,305,152.5,32.21,0,0,0,0,0
443,55278,6,TCP,52.84,255,236294,926.64,4.83,2,252,1,2,0
443,33107,6,UDP,21.704,32,45515,1422.34,1.47,0,0,0,0,0
443,48608,6,TCP,171.409,37,11394,307.95,0.22,2,35,2,1,0
443,55284,6,TCP,5.207,21,8378,398.95,4.03,2,20,2,0,0
443,39672,6,TCP,170.364,33,11451,347.0,0.19,2,32,2,0,0
53,58974,6,UDP,0.038,2,333,166.5,52.87,0,0,0,0,0
53,50831,6,UDP,0.039,2,375,187.5,51.68,0,0,0,0,0
53,33730,6,UDP,0.034,2,375,187.5,58.9,0,0,0,0,0
53,53459,6,UDP,0.04,2,226,113.0,50.48,0,0,0,0,0
53,43459,6,UDP,0.026,2,266,133.0,75.77,0,0,0,0,0
53,38743,6,UDP,0.025,2,272,136.0,80.43,0,0,0,0,0
53,57957,6,UDP,0.022,2,287,143.5,89.64,0,0,0,0,0
53,59649,6,UDP,0.021,2,226,113.0,94.97,0,0,0,0,0
53,36890,6,UDP,0.027,2,256,128.0,73.12,0,0,0,0,0
53,45974,6,UDP,0.037,2,352,176.0,54.78,0,0,0,0,0
53,41271,6,UDP,0.035,2,265,132.5,56.43,0,0,0,0,0
443,50104,6,UDP,0.609,17,14833,872.53,27.93,0,0,0,0,0
443,48159,6,UDP,19.42,88,195125,2217.33,4.53,0,0,0,0,0
53,52114,6,UDP,0.035,2,317,158.5,57.37,0,0,0,0,0
53,58053,6,UDP,0.043,2,365,182.5,46.59,0,0,0,0,0
53,45253,6,UDP,0.035,2,325,162.5,56.94,0,0,0,0,0
53,44904,6,UDP,0.025,2,307,153.5,81.44,0,0,0,0,0
53,34546,6,UDP,0.052,2,300,150.0,38.25,0,0,0,0,0
53,41275,6,UDP,0.052,2,312,156.0,38.18,0,0,0,0,0
53,59139,6,UDP,0.053,2,341,170.5,37.91,0,0,0,0,0
53,33068,6,UDP,0.019,2,305,152.5,106.15,0,0,0,0,0
443,41508,6,TCP,124.534,374,309210,826.76,3.0,2,373,2,0,0
443,41522,6,TCP,106.261,24,8601,358.38,0.23,2,20,2,3,0
443,52196,6,UDP,8.901,98,664065,6776.17,11.01,0,0,0,0,0
443,34047,6,UDP,13.633,25,13963,558.52,1.83,0,0,0,0,0
53,38948,6,UDP,0.012,2,298,149.0,160.36,0,0,0,0,0
53,49278,6,UDP,0.012,2,230,115.0,160.48,0,0,0,0,0
80,48970,6,TCP,0.462,10,1723,172.3,21.66,2,9,2,0,0
0,0,4,OTHER,8.008,18,1764,98.0,2.25,0,0,0,0,0
443,34532,6,UDP,0.13,15,13659,910.6,115.7,0,0,0,0,0
443,50757,6,UDP,0.263,18,14214,789.67,68.39,0,0,0,0,0
123,43163,4,UDP,0.034,2,180,90.0,58.83,0,0,0,0,0
443,34512,6,TCP,171.748,37,11670,315.41,0.22,2,36,2,0,0
123,51795,4,UDP,0.1,2,180,90.0,20.07,0,0,0,0,0
41398,123,4,UDP,0.197,2,180,90.0,10.15,0,0,0,0,0
36372,123,4,UDP,0.173,2,180,90.0,11.58,0,0,0,0,0
51602,123,4,UDP,0.046,2,180,90.0,43.39,0,0,0,0,0
123,49947,4,UDP,0.034,2,180,90.0,58.67,0,0,0,0,0
123,48165,4,UDP,0.001,1,90,90.0,1000.0,0,0,0,0,0
123,34216,4,UDP,0.059,2,180,90.0,34.09,0,0,0,0,0
123,51543,4,UDP,0.045,2,180,90.0,44.3,0,0,0,0,0
34295,123,4,UDP,0.049,2,180,90.0,40.81,0,0,0,0,0
123,52013,4,UDP,0.102,2,180,90.0,19.53,0,0,0,0,0
35935,123,4,UDP,0.051,2,180,90.0,39.49,0,0,0,0,0
123,56953,4,UDP,0.044,2,180,90.0,45.14,0,0,0,0,0
123,53181,4,UDP,0.047,2,180,90.0,42.14,0,0,0,0,0
123,55586,4,UDP,0.086,2,180,90.0,23.38,0,0,0,0,0
45173,123,4,UDP,0.043,2,180,90.0,46.51,0,0,0,0,0
53,56946,6,UDP,0.039,2,502,251.0,51.21,0,0,0,0,0
53,50979,6,UDP,0.045,2,358,179.0,44.09,0,0,0,0,0
53,35633,6,UDP,0.043,2,484,242.0,46.54,0,0,0,0,0
53,33079,6,UDP,0.038,2,340,170.0,53.03,0,0,0,0,0
53,56051,6,UDP,0.053,2,297,148.5,38.02,0,0,0,0,0
53,45643,6,UDP,0.042,2,309,154.5,47.53,0,0,0,0,0
53,33853,6,UDP,0.034,2,336,168.0,59.54,0,0,0,0,0
53,49324,6,UDP,0.024,2,408,204.0,83.01,0,0,0,0,0
34360,80,6,TCP,0.001,1,94,94.0,1000.0,1,0,0,0,0
43504,80,4,TCP,0.812,9,770,85.56,11.08,2,7,1,2,0
34004,80,6,TCP,1.227,11,1234,112.18,8.96,2,9,3,1,0
80,35990,4,TCP,0.164,3,202,67.33,18.24,2,1,0,1,0
68,67,4,UDP,386.24,4,1388,347.0,0.01,0,0,0,0,0
57544,5355,4,UDP,0.337,2,134,67.0,5.94,0,0,0,0,0
0,0,6,OTHER,387.11,11,990,90.0,0.03,0,0,0,0,0
0,0,4,OTHER,387.108,7,420,60.0,0.02,0,0,0,0,0
55459,5355,4,UDP,0.412,2,134,67.0,4.85,0,0,0,0,0
0,0,6,OTHER,386.538,3,258,86.0,0.01,0,0,0,0,0
0,0,6,OTHER,386.547,3,258,86.0,0.01,0,0,0,0,0
0,0,6,OTHER,386.547,3,258,86.0,0.01,0,0,0,0,0
123,58866,4,UDP,0.106,2,180,90.0,18.79,0,0,0,0,0
123,43182,4,UDP,0.035,2,180,90.0,56.51,0,0,0,0,0
59682,123,4,UDP,0.222,2,180,90.0,8.99,0,0,0,0,0
52965,1900,4,UDP,3.025,4,848,212.0,1.32,0,0,0,0,0
52963,1900,4,UDP,3.025,4,848,212.0,1.32,0,0,0,0,0
33620,123,4,UDP,0.179,2,180,90.0,11.19,0,0,0,0,0
37732,123,4,UDP,0.043,2,180,90.0,46.17,0,0,0,0,0
123,48029,4,UDP,0.034,2,180,90.0,58.21,0,0,0,0,0
123,45803,4,UDP,0.105,2,180,90.0,19.09,0,0,0,0,0
123,36724,4,UDP,0.042,2,180,90.0,47.81,0,0,0,0,0
123,50309,4,UDP,0.065,2,180,90.0,30.74,0,0,0,0,0
59234,123,4,UDP,0.05,2,180,90.0,40.34,0,0,0,0,0
123,56004,4,UDP,0.052,2,180,90.0,38.66,0,0,0,0,0
47020,123,4,UDP,0.039,2,180,90.0,50.85,0,0,0,0,0
123,54681,4,UDP,0.043,2,180,90.0,46.89,0,0,0,0,0
123,55396,4,UDP,0.047,2,180,90.0,42.62,0,0,0,0,0
123,43386,4,UDP,0.077,2,180,90.0,25.92,0,0,0,0,0
137,137,4,UDP,305.668,8,736,92.0,0.03,0,0,0,0,0
54370,123,4,UDP,0.042,2,180,90.0,47.22,0,0,0,0,0
138,138,4,UDP,301.661,3,703,234.33,0.01,0,0,0,0,0
53,54789,6,UDP,0.033,2,252,126.0,61.37,0,0,0,0,0
53,49373,6,UDP,0.027,2,264,132.0,75.12,0,0,0,0,0
443,59533,6,UDP,0.17,18,12057,669.83,105.6,0,0,0,0,0
57128,1900,4,UDP,3.004,4,848,212.0,1.33,0,0,0,0,0
57130,1900,4,UDP,3.003,4,848,212.0,1.33,0,0,0,0,0
53,36025,6,UDP,0.053,2,300,150.0,37.39,0,0,0,0,0
53,56994,6,UDP,0.15,2,348,174.0,13.3,0,0,0,0,0
46036,443,6,TCP,171.457,48,14480,301.67,0.28,2,45,2,2,0
53,35184,6,UDP,0.133,2,308,154.0,15.06,0,0,0,0,0
53,50160,6,UDP,0.113,2,320,160.0,17.63,0,0,0,0,0
53,57111,6,UDP,0.002,2,266,133.0,947.87,0,0,0,0,0
53,47458,6,UDP,0.015,2,278,139.0,137.69,0,0,0,0,0
39452,443,6,TCP,171.338,43,11020,256.28,0.25,2,42,2,0,0
39464,443,6,TCP,0.48,23,6002,260.96,47.97,2,19,2,3,0
53,42185,6,UDP,0.003,2,317,158.5,666.4,0,0,0,0,0
53,53869,6,UDP,0.002,2,380,190.0,1202.67,0,0,0,0,0
53,48523,6,UDP,0.001,2,272,136.0,2062.1,0,0,0,0,0
53,54745,6,UDP,0.026,2,282,141.0,77.58,0,0,0,0,0
53,35688,6,UDP,0.024,2,330,165.0,81.86,0,0,0,0,0
47463,443,6,UDP,0.157,11,9680,880.0,70.07,0,0,0,0,0
53,45163,6,UDP,0.038,2,266,133.0,53.2,0,0,0,0,0
53,56243,6,UDP,0.061,2,278,139.0,32.83,0,0,0,0,0
57782,443,6,TCP,0.129,30,10706,356.87,232.45,2,24,2,5,0
46044,443,6,TCP,171.714,43,9082,211.21,0.25,2,40,2,2,0
123,41360,4,UDP,0.107,2,180,90.0,18.69,0,0,0,0,0
123,49729,4,UDP,0.035,2,180,90.0,57.75,0,0,0,0,0
58999,123,4,UDP,0.185,2,180,90.0,10.8,0,0,0,0,0
56967,123,4,UDP,0.216,2,180,90.0,9.28,0,0,0,0,0
123,45382,4,UDP,0.033,2,180,90.0,60.0,0,0,0,0,0
123,57750,4,UDP,0.108,2,180,90.0,18.43,0,0,0,0,0
54401,123,4,UDP,0.044,2,180,90.0,45.55,0,0,0,0,0
123,41076,4,UDP,0.079,2,180,90.0,25.37,0,0,0,0,0
123,45192,4,UDP,0.057,2,180,90.0,34.81,0,0,0,0,0
123,58537,4,UDP,0.081,2,180,90.0,24.64,0,0,0,0,0
54277,123,4,UDP,0.047,2,180,90.0,42.49,0,0,0,0,0
42023,123,4,UDP,0.042,2,180,90.0,47.06,0,0,0,0,0
123,57966,4,UDP,0.195,2,180,90.0,10.24,0,0,0,0,0
123,48649,4,UDP,0.047,2,180,90.0,42.68,0,0,0,0,0
123,54829,4,UDP,0.083,2,180,90.0,24.1,0,0,0,0,0
52315,123,4,UDP,0.044,2,180,90.0,45.44,0,0,0,0,0
53,59627,6,UDP,0.03,2,264,132.0,65.62,0,0,0,0,0
53,42920,6,UDP,0.065,2,276,138.0,30.73,0,0,0,0,0
34760,443,6,TCP,170.285,40,7902,197.55,0.23,2,37,2,2,0
53,47726,6,UDP,0.055,2,256,128.0,36.62,0,0,0,0,0
53,58408,6,UDP,0.052,2,268,134.0,38.46,0,0,0,0,0
34762,443,6,TCP,171.263,58,18150,312.93,0.34,2,54,2,3,0
53,38143,6,UDP,0.02,2,236,118.0,100.54,0,0,0,0,0
53,56111,6,UDP,0.025,2,248,124.0,80.02,0,0,0,0,0
41458,443,6,TCP,170.526,46,9281,201.76,0.27,2,42,2,3,0
53,41380,6,UDP,0.024,2,232,116.0,84.11,0,0,0,0,0
53,45796,6,UDP,0.032,2,300,150.0,61.97,0,0,0,0,0
53,41388,6,UDP,0.032,2,300,150.0,62.08,0,0,0,0,0
53,59658,6,UDP,0.021,2,275,137.5,96.64,0,0,0,0,0
53,54924,6,UDP,0.023,2,296,148.0,86.05,0,0,0,0,0
53,38601,6,UDP,0.026,2,296,148.0,77.94,0,0,0,0,0
53,40993,6,UDP,0.002,2,212,106.0,836.52,0,0,0,0,0
53,35712,6,UDP,0.03,2,277,138.5,65.88,0,0,0,0,0
56177,1900,4,UDP,3.034,4,848,212.0,1.32,0,0,0,0,0
56179,1900,4,UDP,3.029,4,848,212.0,1.32,0,0,0,0,0
123,40679,4,UDP,0.097,2,180,90.0,20.56,0,0,0,0,0
123,59616,4,UDP,0.033,2,180,90.0,60.84,0,0,0,0,0
44782,123,4,UDP,0.178,2,180,90.0,11.24,0,0,0,0,0
46575,123,4,UDP,0.226,2,180,90.0,8.86,0,0,0,0,0
123,56945,4,UDP,0.001,1,90,90.0,1000.0,0,0,0,0,0
123,39473,4,UDP,0.18,2,180,90.0,11.1,0,0,0,0,0
47224,123,4,UDP,0.046,2,180,90.0,43.92,0,0,0,0,0
123,50903,4,UDP,0.043,2,180,90.0,46.49,0,0,0,0,0
123,48678,4,UDP,0.058,2,180,90.0,34.42,0,0,0,0,0
123,56022,4,UDP,0.056,2,180,90.0,35.6,0,0,0,0,0
45687,123,4,UDP,0.06,2,180,90.0,33.56,0,0,0,0,0
40705,123,4,UDP,0.09,2,180,90.0,22.13,0,0,0,0,0
123,50563,4,UDP,0.045,2,180,90.0,44.67,0,0,0,0,0
123,53178,4,UDP,0.047,2,180,90.0,42.31,0,0,0,0,0
123,46835,4,UDP,0.077,2,180,90.0,25.88,0,0,0,0,0
49946,123,4,UDP,0.046,2,180,90.0,43.87,0,0,0,0,0
53316,1900,4,UDP,3.006,4,848,212.0,1.33,0,0,0,0,0
53318,1900,4,UDP,3.007,4,848,212.0,1.33,0,0,0,0,0
5353,5353,4,UDP,2.785,8,904,113.0,2.87,0,0,0,0,0
0,0,4,OTHER,21.286,3,180,60.0,0.14,0,0,0,0,0
0,0,6,OTHER,21.75,7,630,90.0,0.32,0,0,0,0,0
58006,1900,4,UDP,0.001,1,143,143.0,1000.0,0,0,0,0,0
0,0,4,OTHER,0.001,1,60,60.0,1000.0,0,0,0,0,0
53,47647,6,UDP,0.023,2,502,251.0,87.69,0,0,0,0,0
53,48614,6,UDP,0.027,2,358,179.0,75.16,0,0,0,0,0
64563,5355,4,UDP,0.407,2,134,67.0,4.92,0,0,0,0,0
60493,1900,4,UDP,2.876,4,848,212.0,1.39,0,0,0,0,0
60495,1900,4,UDP,2.876,4,848,212.0,1.39,0,0,0,0,0
53136,1900,4,UDP,5.998,3,537,179.0,0.5,0,0,0,0,0
123,46539,4,UDP,0.101,2,180,90.0,19.84,0,0,0,0,0
123,55522,4,UDP,0.037,2,180,90.0,53.57,0,0,0,0,0
57485,123,4,UDP,0.183,2,180,90.0,10.93,0,0,0,0,0
37567,123,4,UDP,0.187,2,180,90.0,10.67,0,0,0,0,0
123,42819,4,UDP,0.107,2,180,90.0,18.67,0,0,0,0,0
58637,123,4,UDP,0.041,2,180,90.0,48.77,0,0,0,0,0
123,55523,4,UDP,0.001,1,90,90.0,1000.0,0,0,0,0,0
123,57249,4,UDP,0.054,2,180,90.0,37.35,0,0,0,0,0
123,46702,4,UDP,0.06,2,180,90.0,33.12,0,0,0,0,0
123,46884,4,UDP,0.061,2,180,90.0,32.75,0,0,0,0,0
40047,123,4,UDP,0.045,2,180,90.0,44.19,0,0,0,0,0
37383,123,4,UDP,0.286,2,180,90.0,6.99,0,0,0,0,0
123,44453,4,UDP,0.175,2,180,90.0,11.4,0,0,0,0,0
123,41471,4,UDP,0.043,2,180,90.0,46.21,0,0,0,0,0
123,58840,4,UDP,0.075,2,180,90.0,26.55,0,0,0,0,0
52399,123,4,UDP,0.043,2,180,90.0,46.21,0,0,0,0,0
53,51182,6,UDP,0.052,2,303,151.5,38.17,0,0,0,0,0
53,45687,6,UDP,0.039,2,297,148.5,51.45,0,0,0,0,0
53,45746,6,UDP,0.023,2,309,154.5,87.83,0,0,0,0,0
123,41271,4,UDP,0.097,2,180,90.0,20.57,0,0,0,0,0
123,59283,4,UDP,0.027,2,180,90.0,75.33,0,0,0,0,0
59899,123,4,UDP,0.186,2,180,90.0,10.74,0,0,0,0,0
39678,123,4,UDP,0.176,2,180,90.0,11.39,0,0,0,0,0
56614,1900,4,UDP,2.999,4,848,212.0,1.33,0,0,0,0,0
57041,1900,4,UDP,58.832,30,5010,167.0,0.51,0,0,0,0,0
123,35617,4,UDP,0.029,2,180,90.0,69.43,0,0,0,0,0
50364,123,4,UDP,0.044,2,180,90.0,45.4,0,0,0,0,0
123,38802,4,UDP,0.101,2,180,90.0,19.88,0,0,0,0,0
123,57879,4,UDP,0.043,2,180,90.0,46.77,0,0,0,0,0
123,51939,4,UDP,0.057,2,180,90.0,35.22,0,0,0,0,0
123,40435,4,UDP,0.053,2,180,90.0,37.78,0,0,0,0,0
33672,123,4,UDP,0.043,2,180,90.0,47.01,0,0,0,0,0
123,41302,4,UDP,0.044,2,180,90.0,45.23,0,0,0,0,0
57926,123,4,UDP,0.043,2,180,90.0,46.39,0,0,0,0,0
123,53672,4,UDP,0.061,2,180,90.0,32.64,0,0,0,0,0
60198,1900,4,UDP,3.002,4,848,212.0,1.33,0,0,0,0,0
60200,1900,4,UDP,3.002,4,848,212.0,1.33,0,0,0,0,0
123,52787,4,UDP,0.073,2,180,90.0,27.43,0,0,0,0,0
38131,123,4,UDP,0.044,2,180,90.0,45.82,0,0,0,0,0
53,49758,6,UDP,0.031,2,336,168.0,63.75,0,0,0,0,0
53,55532,6,UDP,0.032,2,408,204.0,62.54,0,0,0,0,0
36544,80,4,TCP,0.776,9,770,85.56,11.6,2,7,1,2,0
45130,80,6,TCP,0.586,10,1160,116.0,17.06,2,9,2,0,0
80,42640,4,TCP,0.17,3,202,67.33,17.64,2,1,0,1,0
51885,1900,4,UDP,3.024,4,848,212.0,1.32,0,0,0,0,0
123,45323,4,UDP,0.098,2,180,90.0,20.34,0,0,0,0,0
123,47837,4,UDP,0.036,2,180,90.0,55.45,0,0,0,0,0
47105,123,4,UDP,0.181,2,180,90.0,11.05,0,0,0,0,0
37234,123,4,UDP,0.183,2,180,90.0,10.93,0,0,0,0,0
123,49620,4,UDP,0.052,2,180,90.0,38.41,0,0,0,0,0
56135,123,4,UDP,0.044,2,180,90.0,45.75,0,0,0,0,0
123,57086,4,UDP,0.1,2,180,90.0,19.98,0,0,0,0,0
123,54011,4,UDP,0.06,2,180,90.0,33.28,0,0,0,0,0
123,45722,4,UDP,0.06,2,180,90.0,33.12,0,0,0,0,0
123,40680,4,UDP,0.051,2,180,90.0,39.16,0,0,0,0,0
49097,123,4,UDP,0.042,2,180,90.0,47.28,0,0,0,0,0
123,60774,4,UDP,0.045,2,180,90.0,44.84,0,0,0,0,0
123,51787,4,UDP,0.045,2,180,90.0,44.65,0,0,0,0,0
50907,123,4,UDP,0.045,2,180,90.0,44.34,0,0,0,0,0
123,54106,4,UDP,0.074,2,180,90.0,27.16,0,0,0,0,0
45318,123,4,UDP,0.045,2,180,90.0,44.29,0,0,0,0,0
53,49848,6,UDP,0.01,2,484,242.0,207.15,0,0,0,0,0
51056,443,4,TCP,0.815,28,11294,403.36,34.37,2,27,0,0,0
53,52127,6,UDP,0.03,2,317,158.5,66.95,0,0,0,0,0
53,45749,6,UDP,0.029,2,380,190.0,69.83,0,0,0,0,0
53,35821,6,UDP,0.009,2,272,136.0,231.57,0,0,0,0,0
53,51546,6,UDP,0.017,2,248,124.0,117.49,0,0,0,0,0
53,36675,6,UDP,0.023,2,260,130.0,88.31,0,0,0,0,0
53,35442,6,UDP,0.033,2,289,144.5,60.0,0,0,0,0,0
443,35715,6,UDP,1.097,14,13599,971.36,12.77,0,0,0,0,0
53,49064,6,UDP,0.032,2,300,150.0,62.84,0,0,0,0,0
53,44458,6,UDP,0.037,2,312,156.0,54.27,0,0,0,0,0
53,53259,6,UDP,0.019,2,341,170.5,104.72,0,0,0,0,0
53,33166,6,UDP,0.027,2,305,152.5,74.5,0,0,0,0,0
443,35818,6,UDP,42.078,331,3916345,11831.86,7.87,0,0,0,0,0
53,55939,6,UDP,0.021,2,412,206.0,93.14,0,0,0,0,0
53,34028,6,UDP,0.044,2,316,158.0,45.94,0,0,0,0,0
53,60719,6,UDP,0.022,2,261,130.5,92.11,0,0,0,0,0
443,45790,6,UDP,0.284,17,28086,1652.12,59.94,0,0,0,0,0
443,55094,6,TCP,30.696,23,9614,418.0,0.75,2,22,0,0,0
53,33682,6,UDP,0.032,2,256,128.0,62.5,0,0,0,0,0
53,45018,6,UDP,0.031,2,268,134.0,64.36,0,0,0,0,0
443,59355,6,UDP,0.86,19,14969,787.84,22.1,0,0,0,0,0
53,34401,6,UDP,0.045,2,400,200.0,44.62,0,0,0,0,0
53,47886,6,UDP,0.045,2,320,160.0,44.32,0,0,0,0,0
53,35440,6,UDP,0.041,2,265,132.5,48.87,0,0,0,0,0
443,38921,6,UDP,0.849,88,164112,1864.91,103.7,0,0,0,0,0
443,48620,6,TCP,0.95,33,17497,530.21,34.72,2,32,0,0,0
53,58425,6,UDP,0.001,2,261,130.5,2499.59,0,0,0,0,0
443,35755,6,UDP,0.244,13,17721,1363.15,53.34,0,0,0,0,0
443,59346,6,TCP,20.448,22,10322,469.18,1.08,2,21,0,0,0
5353,5353,4,UDP,0.001,1,146,146.0,1000.0,0,0,0,0,0
53,43410,6,UDP,0.034,2,338,169.0,59.49,0,0,0,0,0
53,33397,6,UDP,0.035,2,434,217.0,57.61,0,0,0,0,0
443,56868,6,UDP,18.832,32,20442,638.81,1.7,0,0,0,0,0
443,47008,6,TCP,0.447,21,8461,402.9,47.02,2,20,0,0,0
53,39953,6,UDP,0.022,2,230,115.0,90.11,0,0,0,0,0
443,52988,6,UDP,0.231,16,14097,881.06,69.28,0,0,0,0,0
53,34666,6,UDP,0.028,2,242,121.0,71.39,0,0,0,0,0
443,42964,6,TCP,0.446,21,8515,405.48,47.1,2,20,0,0,0
51915,1900,4,UDP,2.023,3,636,212.0,1.48,0,0,0,0,0
65460,5355,4,UDP,0.414,2,134,67.0,4.83,0,0,0,0,0
56874,5355,4,UDP,0.414,2,134,67.0,4.83,0,0,0,0,0
123,60917,4,UDP,0.034,2,180,90.0,58.61,0,0,0,0,0
123,56770,4,UDP,0.1,2,180,90.0,20.06,0,0,0,0,0
57271,1900,4,UDP,3.006,4,848,212.0,1.33,0,0,0,0,0
57273,1900,4,UDP,3.004,4,848,212.0,1.33,0,0,0,0,0
56876,1900,4,UDP,2.999,4,848,212.0,1.33,0,0,0,0,0
58097,123,4,UDP,0.318,2,180,90.0,6.28,0,0,0,0,0
57278,123,4,UDP,0.183,2,180,90.0,10.95,0,0,0,0,0
52829,1900,4,UDP,3.019,4,848,212.0,1.32,0,0,0,0,0
123,42733,4,UDP,0.033,2,180,90.0,59.97,0,0,0,0,0
58804,123,4,UDP,0.038,2,180,90.0,52.69,0,0,0,0,0
123,40703,4,UDP,0.001,1,90,90.0,1000.0,0,0,0,0,0
123,58357,4,UDP,0.054,2,180,90.0,37.29,0,0,0,0,0
123,37474,4,UDP,0.2,2,180,90.0,9.98,0,0,0,0,0
123,44030,4,UDP,0.054,2,180,90.0,36.77,0,0,0,0,0
123,51341,4,UDP,0.001,1,90,90.0,1000.0,0,0,0,0,0
0,0,4,OTHER,84.328,15,810,54.0,0.18,0,0,0,0,0
0,0,4,OTHER,84.958,33,2022,61.27,0.39,0,0,0,0,0
0,0,6,OTHER,84.459,33,4110,124.55,0.39,0,0,0,0,0
0,0,6,OTHER,84.481,21,2310,110.0,0.25,0,0,0,0,0
63957,22,4,TCP,80.997,4269,412699,96.67,52.71,2,4268,0,0,0
0,0,4,OTHER,83.929,15,900,60.0,0.18,0,0,0,0,0
0,0,6,OTHER,83.929,35,3450,98.57,0.42,0,0,0,0,0
48814,123,4,UDP,0.177,2,180,90.0,11.3,0,0,0,0,0
57326,123,4,UDP,0.097,2,180,90.0,20.57,0,0,0,0,0
56190,123,4,UDP,0.064,2,180,90.0,31.09,0,0,0,0,0
44322,123,4,UDP,0.172,2,180,90.0,11.64,0,0,0,0,0
36080,123,4,UDP,0.104,2,180,90.0,19.21,0,0,0,0,0
45642,123,4,UDP,0.03,2,180,90.0,66.86,0,0,0,0,0
52438,123,4,UDP,0.204,2,180,90.0,9.79,0,0,0,0,0
45029,123,4,UDP,0.149,2,180,90.0,13.38,0,0,0,0,0
41481,123,4,UDP,0.13,2,180,90.0,15.44,0,0,0,0,0
45237,123,4,UDP,0.093,2,180,90.0,21.44,0,0,0,0,0
37632,123,4,UDP,0.16,2,180,90.0,12.51,0,0,0,0,0
49638,123,4,UDP,0.187,2,180,90.0,10.71,0,0,0,0,0
37308,123,4,UDP,0.11,2,180,90.0,18.24,0,0,0,0,0
40208,123,4,UDP,0.31,2,180,90.0,6.45,0,0,0,0,0
53725,1900,4,UDP,3.002,4,848,212.0,1.33,0,0,0,0,0
53727,1900,4,UDP,3.002,4,848,212.0,1.33,0,0,0,0,0
64692,1900,4,UDP,3.109,4,848,212.0,1.29,0,0,0,0,0
546,547,6,UDP,0.001,1,110,110.0,1000.0,0,0,0,0,0
0,0,6,OTHER,0.001,1,62,62.0,1000.0,0,0,0,0,0
0,0,6,OTHER,10.609,5,478,95.6,0.47,0,0,0,0,0
60240,123,4,UDP,0.057,2,180,90.0,34.88,0,0,0,0,0
34170,123,4,UDP,0.105,2,180,90.0,19.11,0,0,0,0,0
42500,123,4,UDP,0.134,2,180,90.0,14.94,0,0,0,0,0
49615,123,4,UDP,0.15,2,180,90.0,13.32,0,0,0,0,0
55621,123,4,UDP,0.137,2,180,90.0,14.64,0,0,0,0,0
53997,123,4,UDP,0.227,2,180,90.0,8.8,0,0,0,0,0
54699,123,4,UDP,0.105,2,180,90.0,19.12,0,0,0,0,0
47808,123,4,UDP,0.187,2,180,90.0,10.71,0,0,0,0,0
46306,123,4,UDP,0.147,2,180,90.0,13.57,0,0,0,0,0
34446,123,4,UDP,0.108,2,180,90.0,18.47,0,0,0,0,0
48406,123,4,UDP,0.138,2,180,90.0,14.48,0,0,0,0,0
55650,123,4,UDP,0.086,2,180,90.0,23.38,0,0,0,0,0
33437,123,4,UDP,0.142,2,180,90.0,14.06,0,0,0,0,0
37627,123,4,UDP,0.169,2,180,90.0,11.86,0,0,0,0,0
0,0,6,OTHER,12.486,6,780,130.0,0.48,0,0,0,0,0
0,0,4,OTHER,12.486,5,314,62.8,0.4,0,0,0,0,0
0,0,4,OTHER,10.904,3,162,54.0,0.28,0,0,0,0,0
63604,22,4,TCP,9.167,251,27963,111.41,27.38,2,250,0,1,0
0,0,4,OTHER,5.931,2,120,60.0,0.34,0,0,0,0,0
0,0,6,OTHER,8.598,5,510,102.0,0.58,0,0,0,0,0
0,0,6,OTHER,7.351,2,220,110.0,0.27,0,0,0,0,0
49666,1900,4,UDP,3.059,4,848,212.0,1.31,0,0,0,0,0
546,547,6,UDP,0.001,1,110,110.0,1000.0,0,0,0,0,0
47860,80,4,TCP,0.441,3,202,67.33,6.8,2,1,0,1,0
80,39232,4,TCP,0.745,8,696,87.0,10.73,1,7,1,2,0
80,40826,4,TCP,0.0,2,128,64.0,5928.34,1,1,0,1,0
36780,123,4,UDP,0.08,2,180,90.0,24.96,0,0,0,0,0
57706,123,4,UDP,0.143,2,180,90.0,14.02,0,0,0,0,0
54615,123,4,UDP,0.328,2,180,90.0,6.11,0,0,0,0,0
60903,123,4,UDP,0.263,2,180,90.0,7.6,0,0,0,0,0
23921,22,4,TCP,60.291,2956,294847,99.75,49.03,2,2955,0,1,0
52337,123,4,UDP,0.258,2,180,90.0,7.76,0,0,0,0,0
0,0,4,OTHER,65.928,12,720,60.0,0.18,0,0,0,0,0
0,0,6,OTHER,65.929,28,2760,98.57,0.42,0,0,0,0,0
0,0,6,OTHER,67.727,18,1980,110.0,0.27,0,0,0,0,0
0,0,4,OTHER,66.964,12,648,54.0,0.18,0,0,0,0,0
0,0,4,OTHER,66.98,27,1644,60.89,0.4,0,0,0,0,0
0,0,6,OTHER,66.48,24,3120,130.0,0.36,0,0,0,0,0
49764,1900,4,UDP,0.001,1,136,136.0,1000.0,0,0,0,0,0
546,547,6,UDP,0.001,1,110,110.0,1000.0,0,0,0,0,0
137,137,4,UDP,4.081,4,368,92.0,0.98,0,0,0,0,0
63208,1900,4,UDP,3.07,4,848,212.0,1.3,0,0,0,0,0
138,138,4,UDP,0.001,1,225,225.0,1000.0,0,0,0,0,0
55144,123,4,UDP,0.074,2,180,90.0,27.2,0,0,0,0,0
50899,123,4,UDP,0.124,2,180,90.0,16.15,0,0,0,0,0
37491,123,4,UDP,0.189,2,180,90.0,10.6,0,0,0,0,0
54650,123,4,UDP,0.072,2,180,90.0,27.9,0,0,0,0,0
57084,123,4,UDP,0.126,2,180,90.0,15.9,0,0,0,0,0
38499,123,4,UDP,0.109,2,180,90.0,18.4,0,0,0,0,0
51999,123,4,UDP,0.12,2,180,90.0,16.73,0,0,0,0,0
40301,123,4,UDP,0.106,2,180,90.0,18.86,0,0,0,0,0
62339,1900,4,UDP,3.004,4,848,212.0,1.33,0,0,0,0,0
62341,1900,4,UDP,3.004,4,848,212.0,1.33,0,0,0,0,0
47933,123,4,UDP,0.142,2,180,90.0,14.07,0,0,0,0,0
56453,123,4,UDP,0.051,2,180,90.0,39.23,0,0,0,0,0
37057,123,4,UDP,0.095,2,180,90.0,21.13,0,0,0,0,0
41966,123,4,UDP,0.119,2,180,90.0,16.78,0,0,0,0,0
46792,123,4,UDP,0.103,2,180,90.0,19.4,0,0,0,0,0
0,0,4,OTHER,84.151,4,240,60.0,0.05,0,0,0,0,1
0,0,6,OTHER,88.248,10,1020,102.0,0.11,0,0,0,0,1
0,0,4,OTHER,84.478,9,558,62.0,0.11,0,0,0,0,1
0,0,6,OTHER,84.978,10,1260,126.0,0.12,0,0,0,0,1
0,0,4,OTHER,83.768,6,324,54.0,0.07,0,0,0,0,1
0,0,6,OTHER,83.264,5,550,110.0,0.06,0,0,0,0,1
143,13284,4,TCP,0.039,2,120,60.0,51.76,1,1,0,1,1
3306,13285,4,TCP,0.003,2,120,60.0,630.11,1,1,0,1,1
587,13286,4,TCP,0.001,2,120,60.0,2142.14,1,1,0,1,1
110,13287,4,TCP,0.001,2,120,60.0,2034.59,1,1,0,1,1
1723,13288,4,TCP,0.001,2,120,60.0,1428.82,1,1,0,1,1
1025,13289,4,TCP,0.001,2,120,60.0,1513.37,1,1,0,1,1
21,13290,4,TCP,0.001,2,120,60.0,1555.46,1,1,0,1,1
445,13291,4,TCP,0.001,2,120,60.0,1587.85,1,1,0,1,1
113,13292,4,TCP,0.001,2,120,60.0,1688.87,1,1,0,1,1
80,13293,4,TCP,0.001,2,120,60.0,1755.67,1,1,0,1,1
5900,13294,4,TCP,0.001,2,120,60.0,1676.05,1,1,0,1,1
443,13295,4,TCP,0.001,2,120,60.0,1722.15,1,1,0,1,1
1720,13296,4,TCP,0.001,2,120,60.0,1938.22,1,1,0,1,1
199,13297,4,TCP,0.008,2,120,60.0,235.94,1,1,0,1,1
25,13298,4,TCP,0.009,2,120,60.0,234.2,1,1,0,1,1
135,13299,4,TCP,0.009,2,120,60.0,233.33,1,1,0,1,1
53,13300,4,TCP,0.009,2,120,60.0,233.11,1,1,0,1,1
3389,13301,4,TCP,0.009,2,120,60.0,232.93,1,1,0,1,1
8080,13302,4,TCP,0.009,2,120,60.0,232.58,1,1,0,1,1
256,13303,4,TCP,0.001,2,120,60.0,1411.99,1,1,0,1,1
993,13304,4,TCP,0.002,2,120,60.0,1331.74,1,1,0,1,1
22,13305,4,TCP,0.017,4,252,63.0,233.23,2,3,0,1,1
139,13306,4,TCP,0.005,2,120,60.0,406.27,1,1,0,1,1
995,13307,4,TCP,0.005,2,120,60.0,398.96,1,1,0,1,1
8888,13308,4,TCP,0.005,2,120,60.0,395.06,1,1,0,1,1
554,13309,4,TCP,0.005,2,120,60.0,396.91,1,1,0,1,1
111,13310,4,TCP,0.005,2,120,60.0,396.85,1,1,0,1,1
23,13311,4,TCP,0.002,2,120,60.0,1294.94,1,1,0,1,1
1077,13312,4,TCP,0.001,2,120,60.0,1376.31,1,1,0,1,1
5002,13313,4,TCP,0.001,2,120,60.0,1411.75,1,1,0,1,1
6112,13314,4,TCP,0.002,2,120,60.0,1248.86,1,1,0,1,1
9502,13315,4,TCP,0.002,2,120,60.0,1182.66,1,1,0,1,1
2383,13316,4,TCP,0.002,2,120,60.0,1200.26,1,1,0,1,1
1038,13317,4,TCP,0.002,2,120,60.0,1292.15,1,1,0,1,1
8222,13318,4,TCP,0.002,2,120,60.0,1304.6,1,1,0,1,1
4006,13319,4,TCP,0.002,2,120,60.0,1147.08,1,1,0,1,1
1244,13320,4,TCP,0.002,2,120,60.0,1170.45,1,1,0,1,1
49160,13321,4,TCP,0.002,2,120,60.0,1270.23,1,1,0,1,1
2605,13322,4,TCP,0.001,2,120,60.0,1561.83,1,1,0,1,1
1031,13323,4,TCP,0.004,2,120,60.0,473.42,1,1,0,1,1
5440,13324,4,TCP,0.004,2,120,60.0,447.56,1,1,0,1,1
7920,13325,4,TCP,0.005,2,120,60.0,438.76,1,1,0,1,1
8022,13326,4,TCP,0.002,2,120,60.0,998.17,1,1,0,1,1
1056,13327,4,TCP,0.002,2,120,60.0,1002.46,1,1,0,1,1
3889,13328,4,TCP,0.002,2,120,60.0,1024.63,1,1,0,1,1
2035,13329,4,TCP,0.002,2,120,60.0,1025.0,1,1,0,1,1
44443,13330,4,TCP,0.002,2,120,60.0,946.9,1,1,0,1,1
8192,13331,4,TCP,0.002,2,120,60.0,892.98,1,1,0,1,1
10001,13332,4,TCP,0.002,2,120,60.0,1001.74,1,1,0,1,1
255,13333,4,TCP,0.002,2,120,60.0,832.45,1,1,0,1,1
6792,13334,4,TCP,0.002,2,120,60.0,840.96,1,1,0,1,1
6692,13335,4,TCP,0.002,2,120,60.0,853.72,1,1,0,1,1
4279,13336,4,TCP,0.002,2,120,60.0,855.98,1,1,0,1,1
3914,13337,4,TCP,0.002,2,120,60.0,855.72,1,1,0,1,1
1296,13338,4,TCP,0.002,2,120,60.0,862.4,1,1,0,1,1
801,13339,4,TCP,0.002,2,120,60.0,861.87,1,1,0,1,1
5961,13340,4,TCP,0.002,2,120,60.0,876.37,1,1,0,1,1
1068,13341,4,TCP,0.002,2,120,60.0,802.97,1,1,0,1,1
32782,13342,4,TCP,0.003,2,120,60.0,777.01,1,1,0,1,1
7800,13343,4,TCP,0.003,2,120,60.0,792.35,1,1,0,1,1
541,13344,4,TCP,0.002,2,120,60.0,821.77,1,1,0,1,1
407,13345,4,TCP,0.002,2,120,60.0,811.04,1,1,0,1,1
1124,13346,4,TCP,0.002,2,120,60.0,843.67,1,1,0,1,1
2500,13347,4,TCP,0.002,2,120,60.0,995.56,1,1,0,1,1
981,13348,4,TCP,0.002,2,120,60.0,1051.07,1,1,0,1,1
1,13349,4,TCP,0.001,1,66,66.0,1000.0,1,0,0,0,1
1717,13350,4,TCP,0.001,1,66,66.0,1000.0,1,0,0,0,1
2366,13351,4,TCP,0.001,1,66,66.0,1000.0,1,0,0,0,1
1106,13352,4,TCP,0.001,1,66,66.0,1000.0,1,0,0,0,1
1999,13353,4,TCP,0.001,1,66,66.0,1000.0,1,0,0,0,1
512,13877,4,TCP,0.001,1,66,66.0,1000.0,1,0,0,0,1
1059,14261,4,TCP,0.001,1,66,66.0,1000.0,1,0,0,0,1
1723,14284,4,TCP,0.032,2,120,60.0,61.74,1,1,0,1,1
993,14285,4,TCP,0.001,2,120,60.0,1507.93,1,1,0,1,1
554,14286,4,TCP,0.003,2,120,60.0,779.39,1,1,0,1,1
8888,14287,4,TCP,0.003,2,120,60.0,750.46,1,1,0,1,1
3306,14288,4,TCP,0.003,2,120,60.0,746.98,1,1,0,1,1
113,14289,4,TCP,0.003,2,120,60.0,746.92,1,1,0,1,1
445,14290,4,TCP,0.001,2,120,60.0,1355.84,1,1,0,1,1
23,14291,4,TCP,0.001,2,120,60.0,1339.61,1,1,0,1,1
80,14292,4,TCP,0.001,2,120,60.0,1347.13,1,1,0,1,1
995,14293,4,TCP,0.001,2,120,60.0,1405.36,1,1,0,1,1
443,14294,4,TCP,0.001,2,120,60.0,1412.22,1,1,0,1,1
3389,14295,4,TCP,0.001,2,120,60.0,1455.6,1,1,0,1,1
8080,14296,4,TCP,0.001,2,120,60.0,1421.32,1,1,0,1,1
25,14297,4,TCP,0.001,2,120,60.0,1414.13,1,1,0,1,1
256,14298,4,TCP,0.001,2,120,60.0,1658.81,1,1,0,1,1
143,14299,4,TCP,0.001,2,120,60.0,1664.08,1,1,0,1,1
587,14300,4,TCP,0.001,2,120,60.0,1665.4,1,1,0,1,1
135,14301,4,TCP,0.001,2,120,60.0,1661.11,1,1,0,1,1
1025,14302,4,TCP,0.001,2,120,60.0,1684.46,1,1,0,1,1
53,14303,4,TCP,0.001,2,120,60.0,1687.51,1,1,0,1,1
22,14304,4,TCP,0.02,4,252,63.0,203.42,2,3,0,1,1
199,14305,4,TCP,0.001,2,120,60.0,1685.81,1,1,0,1,1
1720,14306,4,TCP,0.001,2,120,60.0,1488.4,1,1,0,1,1
139,14307,4,TCP,0.001,2,120,60.0,1542.59,1,1,0,1,1
111,14308,4,TCP,0.001,2,120,60.0,1660.78,1,1,0,1,1
21,14309,4,TCP,0.001,2,120,60.0,1731.04,1,1,0,1,1
110,14310,4,TCP,0.001,2,120,60.0,1770.5,1,1,0,1,1
5900,14311,4,TCP,0.001,2,120,60.0,1777.62,1,1,0,1,1
9929,14312,4,TCP,0.001,2,120,60.0,1713.01,1,1,0,1,1
9594,14313,4,TCP,0.013,2,120,60.0,153.66,1,1,0,1,1
1984,14314,4,TCP,0.013,2,120,60.0,151.73,1,1,0,1,1
10621,14315,4,TCP,0.013,2,120,60.0,150.55,1,1,0,1,1
33354,14316,4,TCP,0.003,2,120,60.0,752.41,1,1,0,1,1
9500,14317,4,TCP,0.002,2,120,60.0,878.66,1,1,0,1,1
10025,14318,4,TCP,0.002,2,120,60.0,942.33,1,1,0,1,1
427,14319,4,TCP,0.002,2,120,60.0,962.22,1,1,0,1,1
24,14320,4,TCP,0.002,2,120,60.0,936.33,1,1,0,1,1
2008,14321,4,TCP,0.002,2,120,60.0,975.65,1,1,0,1,1
563,14322,4,TCP,0.002,2,120,60.0,979.06,1,1,0,1,1
10616,14323,4,TCP,0.002,2,120,60.0,1008.25,1,1,0,1,1
1149,14324,4,TCP,0.002,2,120,60.0,1172.41,1,1,0,1,1
1217,14325,4,TCP,0.002,2,120,60.0,1160.09,1,1,0,1,1
8652,14326,4,TCP,0.002,2,120,60.0,1171.1,1,1,0,1,1
2638,14327,4,TCP,0.002,2,120,60.0,1242.39,1,1,0,1,1
9000,14328,4,TCP,0.002,2,120,60.0,1083.94,1,1,0,1,1
20828,14329,4,TCP,0.002,2,120,60.0,1209.08,1,1,0,1,1
81,14330,4,TCP,0.002,2,120,60.0,1187.35,1,1,0,1,1
541,14331,4,TCP,0.004,2,120,60.0,514.92,1,1,0,1,1
13456,14332,4,TCP,0.004,2,120,60.0,521.23,1,1,0,1,1
23502,14333,4,TCP,0.004,2,120,60.0,530.69,1,1,0,1,1
1145,14334,4,TCP,0.004,2,120,60.0,524.45,1,1,0,1,1
2002,14335,4,TCP,0.002,2,120,60.0,1249.79,1,1,0,1,1
1094,14336,4,TCP,0.002,2,120,60.0,1276.42,1,1,0,1,1
8651,14337,4,TCP,0.001,2,120,60.0,1418.67,1,1,0,1,1
5802,14338,4,TCP,0.001,2,120,60.0,1535.81,1,1,0,1,1
3814,14339,4,TCP,0.001,2,120,60.0,1596.61,1,1,0,1,1
1071,14340,4,TCP,0.001,2,120,60.0,1518.85,1,1,0,1,1
7627,14341,4,TCP,0.001,2,120,60.0,1434.69,1,1,0,1,1
9878,14342,4,TCP,0.001,2,120,60.0,1432.48,1,1,0,1,1
2718,14343,4,TCP,0.001,2,120,60.0,1808.28,1,1,0,1,1
58080,14344,4,TCP,0.001,2,120,60.0,1822.42,1,1,0,1,1
3283,14345,4,TCP,0.001,2,120,60.0,1832.37,1,1,0,1,1
9917,14346,4,TCP,0.001,2,120,60.0,1742.54,1,1,0,1,1
6003,14347,4,TCP,0.001,2,120,60.0,1753.11,1,1,0,1,1
11111,14348,4,TCP,0.001,2,120,60.0,1688.87,1,1,0,1,1
55600,14349,4,TCP,0.001,2,120,60.0,1693.98,1,1,0,1,1
1132,14350,4,TCP,0.001,2,120,60.0,1690.91,1,1,0,1,1
3221,14351,4,TCP,0.001,1,66,66.0,1000.0,1,0,0,0,1
2107,14925,4,TCP,0.001,1,66,66.0,1000.0,1,0,0,0,1
993,15287,4,TCP,0.034,2,120,60.0,58.9,1,1,0,1,1
5900,15288,4,TCP,0.003,2,120,60.0,658.03,1,1,0,1,1
143,15289,4,TCP,0.001,2,120,60.0,2789.69,1,1,0,1,1
554,15290,4,TCP,0.001,2,120,60.0,2088.28,1,1,0,1,1
22,15291,4,TCP,0.005,4,252,63.0,842.53,2,3,0,1,1
256,15292,4,TCP,0.001,2,120,60.0,2376.38,1,1,0,1,1
23,15293,4,TCP,0.001,2,120,60.0,2431.48,1,1,0,1,1
3306,15294,4,TCP,0.001,2,120,60.0,2291.97,1,1,0,1,1
1025,15295,4,TCP,0.001,2,120,60.0,1675.04,1,1,0,1,1
445,15296,4,TCP,0.001,2,120,60.0,1415.32,1,1,0,1,1
3389,15297,4,TCP,0.001,2,120,60.0,1416.76,1,1,0,1,1
135,15298,4,TCP,0.001,2,120,60.0,1568.55,1,1,0,1,1
199,15299,4,TCP,0.001,2,120,60.0,1524.37,1,1,0,1,1
8888,15300,4,TCP,0.001,2,120,60.0,1515.83,1,1,0,1,1
21,15301,4,TCP,0.001,2,120,60.0,1667.38,1,1,0,1,1
587,15302,4,TCP,0.001,2,120,60.0,1737.85,1,1,0,1,1
1720,15303,4,TCP,0.001,2,120,60.0,1747.99,1,1,0,1,1
1723,15304,4,TCP,0.001,2,120,60.0,1716.16,1,1,0,1,1
995,15305,4,TCP,0.001,2,120,60.0,1708.13,1,1,0,1,1
110,15306,4,TCP,0.001,2,120,60.0,1582.16,1,1,0,1,1
53,15307,4,TCP,0.001,2,120,60.0,1526.59,1,1,0,1,1
80,15308,4,TCP,0.001,2,120,60.0,1545.72,1,1,0,1,1
443,15309,4,TCP,0.001,2,120,60.0,1562.71,1,1,0,1,1
113,15310,4,TCP,0.013,2,120,60.0,158.84,1,1,0,1,1
25,15311,4,TCP,0.003,2,120,60.0,600.09,1,1,0,1,1
139,15312,4,TCP,0.003,2,120,60.0,576.58,1,1,0,1,1
111,15313,4,TCP,0.004,2,120,60.0,563.94,1,1,0,1,1
8080,15314,4,TCP,0.002,2,120,60.0,884.41,1,1,0,1,1
19350,15315,4,TCP,0.002,2,120,60.0,904.33,1,1,0,1,1
1600,15316,4,TCP,0.002,2,120,60.0,897.08,1,1,0,1,1
7,15317,4,TCP,0.002,2,120,60.0,887.87,1,1,0,1,1
4045,15318,4,TCP,0.002,2,120,60.0,1031.94,1,1,0,1,1
27355,15319,4,TCP,0.002,2,120,60.0,1030.79,1,1,0,1,1
3005,15320,4,TCP,0.002,2,120,60.0,1060.51,1,1,0,1,1
1192,15321,4,TCP,0.002,2,120,60.0,1033.72,1,1,0,1,1
1755,15322,4,TCP,0.002,2,120,60.0,1038.07,1,1,0,1,1
1095,15323,4,TCP,0.002,2,120,60.0,1010.92,1,1,0,1,1
5904,15324,4,TCP,0.002,2,120,60.0,997.1,1,1,0,1,1
666,15325,4,TCP,0.002,2,120,60.0,975.19,1,1,0,1,1
8194,15326,4,TCP,0.002,2,120,60.0,1279.14,1,1,0,1,1
1521,15327,4,TCP,0.002,2,120,60.0,1052.92,1,1,0,1,1
50389,15328,4,TCP,0.002,2,120,60.0,1100.15,1,1,0,1,1
3372,15329,4,TCP,0.002,2,120,60.0,1085.06,1,1,0,1,1
44501,15330,4,TCP,0.002,2,120,60.0,1018.28,1,1,0,1,1
2030,15331,4,TCP,0.002,2,120,60.0,1006.79,1,1,0,1,1
1301,15332,4,TCP,0.002,2,120,60.0,1002.82,1,1,0,1,1
1091,15333,4,TCP,0.002,2,120,60.0,1002.34,1,1,0,1,1
4567,15334,4,TCP,0.001,2,120,60.0,1816.5,1,1,0,1,1
1070,15335,4,TCP,0.001,2,120,60.0,1754.94,1,1,0,1,1
2035,15336,4,TCP,0.001,2,120,60.0,1692.28,1,1,0,1,1
1031,15337,4,TCP,0.001,2,120,60.0,1699.13,1,1,0,1,1
5431,15338,4,TCP,0.001,2,120,60.0,1689.55,1,1,0,1,1
1024,15339,4,TCP,0.001,2,120,60.0,1902.18,1,1,0,1,1
34572,15340,4,TCP,0.001,2,120,60.0,1506.3,1,1,0,1,1
1066,15341,4,TCP,0.001,2,120,60.0,1506.85,1,1,0,1,1
783,15342,4,TCP,0.001,2,120,60.0,1459.4,1,1,0,1,1
1126,15343,4,TCP,0.001,2,120,60.0,1448.56,1,1,0,1,1
1044,15344,4,TCP,0.001,2,120,60.0,1446.81,1,1,0,1,1
2366,15345,4,TCP,0.001,2,120,60.0,1503.07,1,1,0,1,1
4005,15346,4,TCP,0.001,2,120,60.0,1554.31,1,1,0,1,1
3580,15347,4,TCP,0.001,2,120,60.0,1582.76,1,1,0,1,1
3690,15348,4,TCP,0.001,2,120,60.0,1625.38,1,1,0,1,1
2998,15349,4,TCP,0.001,2,120,60.0,1630.76,1,1,0,1,1
1719,15350,4,TCP,0.001,2,120,60.0,1738.93,1,1,0,1,1
2022,15351,4,TCP,0.001,2,120,60.0,1804.39,1,1,0,1,1
3517,15352,4,TCP,0.001,2,120,60.0,1813.36,1,1,0,1,1
9010,15353,4,TCP,0.001,1,66,66.0,1000.0,1,0,0,0,1
2222,15354,4,TCP,0.001,1,66,66.0,1000.0,1,0,0,0,1
1085,15355,4,TCP,0.001,1,66,66.0,1000.0,1,0,0,0,1
10629,15939,4,TCP,0.001,1,66,66.0,1000.0,1,0,0,0,1
3389,16287,4,TCP,0.001,2,120,60.0,1602.71,1,1,0,1,1
443,16288,4,TCP,0.001,2,120,60.0,2036.07,1,1,0,1,1
135,16289,4,TCP,0.001,2,120,60.0,2119.41,1,1,0,1,1
587,16290,4,TCP,0.001,2,120,60.0,2460.72,1,1,0,1,1
113,16291,4,TCP,0.001,2,120,60.0,1746.54,1,1,0,1,1
22,16292,4,TCP,0.017,4,252,63.0,234.71,2,3,0,1,1
111,16293,4,TCP,0.001,2,120,60.0,1713.36,1,1,0,1,1
5900,16294,4,TCP,0.001,2,120,60.0,1653.58,1,1,0,1,1
445,16295,4,TCP,0.001,2,120,60.0,1607.32,1,1,0,1,1
143,16296,4,TCP,0.001,2,120,60.0,1593.58,1,1,0,1,1
993,16297,4,TCP,0.001,2,120,60.0,1675.38,1,1,0,1,1
139,16298,4,TCP,0.001,2,120,60.0,1515.28,1,1,0,1,1
256,16299,4,TCP,0.001,2,120,60.0,1495.03,1,1,0,1,1
995,16300,4,TCP,0.001,2,120,60.0,1497.7,1,1,0,1,1
21,16301,4,TCP,0.002,2,120,60.0,1302.58,1,1,0,1,1
8080,16302,4,TCP,0.002,2,120,60.0,1253.9,1,1,0,1,1
554,16303,4,TCP,0.001,2,120,60.0,1412.94,1,1,0,1,1
3306,16304,4,TCP,0.013,2,120,60.0,153.3,1,1,0,1,1
80,16305,4,TCP,0.002,2,120,60.0,1051.07,1,1,0,1,1
1723,16306,4,TCP,0.002,2,120,60.0,1202.5,1,1,0,1,1
1720,16307,4,TCP,0.001,2,120,60.0,1480.52,1,1,0,1,1
110,16308,4,TCP,0.001,2,120,60.0,1572.96,1,1,0,1,1
23,16309,4,TCP,0.001,2,120,60.0,1362.45,1,1,0,1,1
53,16310,4,TCP,0.002,2,120,60.0,1327.94,1,1,0,1,1
25,16311,4,TCP,0.002,2,120,60.0,1215.56,1,1,0,1,1
199,16312,4,TCP,0.002,2,120,60.0,1262.39,1,1,0,1,1
8888,16313,4,TCP,0.002,2,120,60.0,1326.26,1,1,0,1,1
1025,16314,4,TCP,0.002,2,120,60.0,1330.68,1,1,0,1,1
15003,16315,4,TCP,0.002,2,120,60.0,1316.48,1,1,0,1,1
5961,16316,4,TCP,0.001,2,120,60.0,1354.75,1,1,0,1,1
5800,16317,4,TCP,0.001,2,120,60.0,1371.36,1,1,0,1,1
38292,16318,4,TCP,0.001,2,120,60.0,1366.89,1,1,0,1,1
3800,16319,4,TCP,0.002,2,120,60.0,1169.31,1,1,0,1,1
407,16320,4,TCP,0.007,2,120,60.0,296.1,1,1,0,1,1
6969,16321,4,TCP,0.007,2,120,60.0,298.03,1,1,0,1,1
1840,16322,4,TCP,0.002,2,120,60.0,925.69,1,1,0,1,1
416,16323,4,TCP,0.002,2,120,60.0,1205.95,1,1,0,1,1
3920,16324,4,TCP,0.001,2,120,60.0,1524.92,1,1,0,1,1
1066,16325,4,TCP,0.001,2,120,60.0,1572.37,1,1,0,1,1
50003,16326,4,TCP,0.001,2,120,60.0,1587.25,1,1,0,1,1
32772,16327,4,TCP,0.001,2,120,60.0,1603.33,1,1,0,1,1
19350,16328,4,TCP,0.001,2,120,60.0,2079.48,1,1,0,1,1
3128,16329,4,TCP,0.001,2,120,60.0,2091.4,1,1,0,1,1
2021,16330,4,TCP,0.001,2,120,60.0,2123.7,1,1,0,1,1
901,16331,4,TCP,0.001,2,120,60.0,2040.03,1,1,0,1,1
2005,16332,4,TCP,0.001,2,120,60.0,1991.6,1,1,0,1,1
56737,16333,4,TCP,0.001,2,120,60.0,1956.3,1,1,0,1,1
10010,16334,4,TCP,0.001,2,120,60.0,1759.72,1,1,0,1,1
27353,16335,4,TCP,0.001,2,120,60.0,1731.04,1,1,0,1,1
668,16336,4,TCP,0.001,2,120,60.0,1336.62,1,1,0,1,1
1461,16337,4,TCP,0.002,2,120,60.0,1292.15,1,1,0,1,1
1117,16338,4,TCP,0.002,2,120,60.0,1320.42,1,1,0,1,1
2811,16339,4,TCP,0.002,2,120,60.0,1327.73,1,1,0,1,1
1091,16340,4,TCP,0.002,2,120,60.0,1322.92,1,1,0,1,1
3784,16341,4,TCP,0.002,2,120,60.0,1291.95,1,1,0,1,1
3880,16342,4,TCP,0.002,2,120,60.0,1292.74,1,1,0,1,1
3551,16343,4,TCP,0.001,2,120,60.0,1632.02,1,1,0,1,1
8011,16344,4,TCP,0.001,2,120,60.0,1631.39,1,1,0,1,1
1002,16345,4,TCP,0.001,2,120,60.0,1638.08,1,1,0,1,1
18988,16346,4,TCP,0.001,2,120,60.0,1583.65,1,1,0,1,1
1974,16347,4,TCP,0.001,2,120,60.0,1668.38,1,1,0,1,1
1998,16348,4,TCP,0.001,2,120,60.0,1717.22,1,1,0,1,1
646,16349,4,TCP,0.001,2,120,60.0,1728.54,1,1,0,1,1
1700,16350,4,TCP,0.001,2,120,60.0,1754.94,1,1,0,1,1
3323,16351,4,TCP,0.001,1,66,66.0,1000.0,1,0,0,0,1
55055,16352,4,TCP,0.001,1,66,66.0,1000.0,1,0,0,0,1
9009,16353,4,TCP,0.001,1,66,66.0,1000.0,1,0,0,0,1
10002,16354,4,TCP,0.001,1,66,66.0,1000.0,1,0,0,0,1
3301,16355,4,TCP,0.001,1,66,66.0,1000.0,1,0,0,0,1
89,16356,4,TCP,0.001,1,66,66.0,1000.0,1,0,0,0,1
911,16357,4,TCP,0.001,1,66,66.0,1000.0,1,0,0,0,1
53,17287,4,TCP,0.028,2,120,60.0,71.48,1,1,0,1,1
443,17288,4,TCP,0.001,2,120,60.0,2780.45,1,1,0,1,1
21,17289,4,TCP,0.001,2,120,60.0,3015.32,1,1,0,1,1
143,17290,4,TCP,0.001,2,120,60.0,3114.97,1,1,0,1,1
139,17291,4,TCP,0.001,2,120,60.0,1634.57,1,1,0,1,1
3306,17292,4,TCP,0.007,2,120,60.0,298.97,1,1,0,1,1
80,17293,4,TCP,0.007,2,120,60.0,298.53,1,1,0,1,1
995,17294,4,TCP,0.007,2,120,60.0,298.75,1,1,0,1,1
8080,17295,4,TCP,0.007,2,120,60.0,298.81,1,1,0,1,1
135,17296,4,TCP,0.007,2,120,60.0,300.14,1,1,0,1,1
8888,17297,4,TCP,0.007,2,120,60.0,302.19,1,1,0,1,1
1025,17298,4,TCP,0.007,2,120,60.0,302.48,1,1,0,1,1
25,17299,4,TCP,0.001,2,120,60.0,1440.85,1,1,0,1,1
1723,17300,4,TCP,0.001,2,120,60.0,1341.53,1,1,0,1,1
111,17301,4,TCP,0.001,2,120,60.0,1359.8,1,1,0,1,1
199,17302,4,TCP,0.001,2,120,60.0,1378.35,1,1,0,1,1
587,17303,4,TCP,0.001,2,120,60.0,1409.61,1,1,0,1,1
3389,17304,4,TCP,0.001,2,120,60.0,1452.07,1,1,0,1,1
445,17305,4,TCP,0.001,2,120,60.0,1531.33,1,1,0,1,1
110,17306,4,TCP,0.001,2,120,60.0,1593.58,1,1,0,1,1
554,17307,4,TCP,0.001,2,120,60.0,1631.71,1,1,0,1,1
22,17308,4,TCP,0.007,4,252,63.0,583.78,2,3,0,1,1
23,17309,4,TCP,0.005,2,120,60.0,379.03,1,1,0,1,1
1720,17310,4,TCP,0.005,2,120,60.0,382.78,1,1,0,1,1
5900,17311,4,TCP,0.005,2,120,60.0,382.8,1,1,0,1,1
113,17312,4,TCP,0.005,2,120,60.0,382.83,1,1,0,1,1
256,17313,4,TCP,0.005,2,120,60.0,383.02,1,1,0,1,1
993,17314,4,TCP,0.005,2,120,60.0,380.73,1,1,0,1,1
38292,17315,4,TCP,0.001,2,120,60.0,1779.13,1,1,0,1,1
3052,17316,4,TCP,0.001,2,120,60.0,1817.68,1,1,0,1,1
88,17317,4,TCP,0.001,2,120,60.0,2697.3,1,1,0,1,1
1056,17318,4,TCP,0.001,2,120,60.0,2811.2,1,1,0,1,1
20005,17319,4,TCP,0.001,2,120,60.0,2914.74,1,1,0,1,1
9535,17320,4,TCP,0.002,2,120,60.0,935.29,1,1,0,1,1
3372,17321,4,TCP,0.002,2,120,60.0,936.54,1,1,0,1,1
10010,17322,4,TCP,0.002,2,120,60.0,925.38,1,1,0,1,1
3914,17323,4,TCP,0.002,2,120,60.0,883.01,1,1,0,1,1
9050,17324,4,TCP,0.003,2,120,60.0,698.29,1,1,0,1,1
4006,17325,4,TCP,0.003,2,120,60.0,685.46,1,1,0,1,1
54328,17326,4,TCP,0.003,2,120,60.0,670.82,1,1,0,1,1
6567,17327,4,TCP,0.003,2,120,60.0,665.02,1,1,0,1,1
2968,17328,4,TCP,0.003,2,120,60.0,757.71,1,1,0,1,1
1192,17329,4,TCP,0.003,2,120,60.0,761.56,1,1,0,1,1
545,17330,4,TCP,0.003,2,120,60.0,798.84,1,1,0,1,1
85,17331,4,TCP,0.002,2,120,60.0,877.29,1,1,0,1,1
2106,17332,4,TCP,0.002,2,120,60.0,892.31,1,1,0,1,1
6565,17333,4,TCP,0.002,2,120,60.0,856.59,1,1,0,1,1
465,17334,4,TCP,0.002,2,120,60.0,908.05,1,1,0,1,1
3905,17335,4,TCP,0.002,2,120,60.0,1179.33,1,1,0,1,1
1755,17336,4,TCP,0.002,2,120,60.0,1160.09,1,1,0,1,1
32780,17337,4,TCP,0.002,2,120,60.0,1219.45,1,1,0,1,1
9290,17338,4,TCP,0.001,2,120,60.0,1381.52,1,1,0,1,1
3517,17339,4,TCP,0.001,2,120,60.0,1436.65,1,1,0,1,1
3011,17340,4,TCP,0.002,2,120,60.0,1217.68,1,1,0,1,1
7496,17341,4,TCP,0.002,2,120,60.0,1167.68,1,1,0,1,1
1030,17342,4,TCP,0.002,2,120,60.0,1144.42,1,1,0,1,1
19350,17343,4,TCP,0.002,2,120,60.0,1126.9,1,1,0,1,1
1075,17344,4,TCP,0.002,2,120,60.0,914.59,1,1,0,1,1
1082,17345,4,TCP,0.002,2,120,60.0,969.89,1,1,0,1,1
2160,17346,4,TCP,0.002,2,120,60.0,1059.97,1,1,0,1,1
10621,17347,4,TCP,0.001,2,120,60.0,1545.72,1,1,0,1,1
6112,17348,4,TCP,0.001,2,120,60.0,1640.96,1,1,0,1,1
1046,17349,4,TCP,0.001,2,120,60.0,1679.74,1,1,0,1,1
5903,17350,4,TCP,0.001,2,120,60.0,1682.1,1,1,0,1,1
481,17351,4,TCP,0.001,2,120,60.0,1703.62,1,1,0,1,1
56737,17352,4,TCP,0.001,1,66,66.0,1000.0,1,0,0,0,1
3300,17353,4,TCP,0.001,1,66,66.0,1000.0,1,0,0,0,1
6346,17354,4,TCP,0.001,1,66,66.0,1000.0,1,0,0,0,1
49155,17355,4,TCP,0.001,1,66,66.0,1000.0,1,0,0,0,1
2126,17356,4,TCP,0.001,1,66,66.0,1000.0,1,0,0,0,1
2179,17960,4,TCP,0.001,1,66,66.0,1000.0,1,0,0,0,1
554,18287,4,TCP,0.035,2,120,60.0,57.59,1,1,0,1,1
22,18288,4,TCP,0.004,4,252,63.0,1093.69,2,3,0,1,1
1025,18289,4,TCP,0.0,2,120,60.0,4173.44,1,1,0,1,1
1720,18290,4,TCP,0.001,2,120,60.0,1402.54,1,1,0,1,1
445,18291,4,TCP,0.001,2,120,60.0,1399.27,1,1,0,1,1
80,18292,4,TCP,0.001,2,120,60.0,1461.43,1,1,0,1,1
443,18293,4,TCP,0.001,2,120,60.0,1626.96,1,1,0,1,1
21,18294,4,TCP,0.001,2,120,60.0,1997.76,1,1,0,1,1
53,18295,4,TCP,0.001,2,120,60.0,2042.02,1,1,0,1,1
1723,18296,4,TCP,0.001,2,120,60.0,2033.11,1,1,0,1,1
25,18297,4,TCP,0.001,2,120,60.0,1554.31,1,1,0,1,1
23,18298,4,TCP,0.001,2,120,60.0,1578.88,1,1,0,1,1
3389,18299,4,TCP,0.001,2,120,60.0,1585.75,1,1,0,1,1
256,18300,4,TCP,0.001,2,120,60.0,1615.99,1,1,0,1,1
139,18301,4,TCP,0.001,2,120,60.0,1574.14,1,1,0,1,1
199,18302,4,TCP,0.001,2,120,60.0,1583.35,1,1,0,1,1
3306,18303,4,TCP,0.001,2,120,60.0,1561.54,1,1,0,1,1
995,18304,4,TCP,0.001,2,120,60.0,1747.26,1,1,0,1,1
8888,18305,4,TCP,0.001,2,120,60.0,1680.07,1,1,0,1,1
993,18306,4,TCP,0.001,2,120,60.0,1648.06,1,1,0,1,1
135,18307,4,TCP,0.001,2,120,60.0,1634.57,1,1,0,1,1
110,18308,4,TCP,0.001,2,120,60.0,1632.98,1,1,0,1,1
111,18309,4,TCP,0.001,2,120,60.0,1637.12,1,1,0,1,1
8080,18310,4,TCP,0.001,2,120,60.0,1636.16,1,1,0,1,1
587,18311,4,TCP,0.001,2,120,60.0,1613.19,1,1,0,1,1
5900,18312,4,TCP,0.001,2,120,60.0,1670.7,1,1,0,1,1
113,18313,4,TCP,0.001,2,120,60.0,1678.06,1,1,0,1,1
143,18314,4,TCP,0.001,2,120,60.0,1683.11,1,1,0,1,1
1494,18315,4,TCP,0.001,2,120,60.0,1698.44,1,1,0,1,1
163,18316,4,TCP,0.001,2,120,60.0,1718.27,1,1,0,1,1
33354,18317,4,TCP,0.01,2,120,60.0,208.82,1,1,0,1,1
801,18318,4,TCP,0.01,2,120,60.0,207.33,1,1,0,1,1
9000,18319,4,TCP,0.01,2,120,60.0,208.21,1,1,0,1,1
5030,18320,4,TCP,0.001,2,120,60.0,1681.76,1,1,0,1,1
9593,18321,4,TCP,0.001,2,120,60.0,1751.28,1,1,0,1,1
2006,18322,4,TCP,0.001,2,120,60.0,1354.75,1,1,0,1,1
3828,18323,4,TCP,0.001,2,120,60.0,1342.82,1,1,0,1,1
1080,18324,4,TCP,0.002,2,120,60.0,1307.45,1,1,0,1,1
34571,18325,4,TCP,0.002,2,120,60.0,1278.75,1,1,0,1,1
1138,18326,4,TCP,0.002,2,120,60.0,1270.23,1,1,0,1,1
912,18327,4,TCP,0.002,2,120,60.0,1267.93,1,1,0,1,1
20031,18328,4,TCP,0.001,2,120,60.0,1742.91,1,1,0,1,1
79,18329,4,TCP,0.001,2,120,60.0,1744.72,1,1,0,1,1
88,18330,4,TCP,0.001,2,120,60.0,1658.48,1,1,0,1,1
5431,18331,4,TCP,0.001,2,120,60.0,1611.03,1,1,0,1,1
8222,18332,4,TCP,0.001,2,120,60.0,1605.78,1,1,0,1,1
7920,18333,4,TCP,0.001,2,120,60.0,1492.9,1,1,0,1,1
8500,18334,4,TCP,0.001,2,120,60.0,1380.16,1,1,0,1,1
1066,18335,4,TCP,0.002,2,120,60.0,1286.6,1,1,0,1,1
8090,18336,4,TCP,0.001,2,120,60.0,1446.31,1,1,0,1,1
2033,18337,4,TCP,0.001,2,120,60.0,1477.13,1,1,0,1,1
3300,18338,4,TCP,0.001,2,120,60.0,1385.17,1,1,0,1,1
2251,18339,4,TCP,0.002,2,120,60.0,1302.98,1,1,0,1,1
2607,18340,4,TCP,0.001,2,120,60.0,1483.13,1,1,0,1,1
714,18341,4,TCP,0.001,2,120,60.0,1547.14,1,1,0,1,1
4444,18342,4,TCP,0.002,2,120,60.0,1069.02,1,1,0,1,1
7100,18343,4,TCP,0.002,2,120,60.0,1091.27,1,1,0,1,1
1098,18344,4,TCP,0.002,2,120,60.0,1174.38,1,1,0,1,1
85,18345,4,TCP,0.002,2,120,60.0,1190.38,1,1,0,1,1
722,18346,4,TCP,0.002,2,120,60.0,1244.97,1,1,0,1,1
3128,18347,4,TCP,0.001,2,120,60.0,1442.83,1,1,0,1,1
8200,18348,4,TCP,0.001,2,120,60.0,1481.04,1,1,0,1,1
18040,18349,4,TCP,0.001,2,120,60.0,1477.65,1,1,0,1,1
8649,18350,4,TCP,0.002,2,120,60.0,1029.28,1,1,0,1,1
4567,18351,4,TCP,0.001,1,66,66.0,1000.0,1,0,0,0,1
23502,18352,4,TCP,0.001,1,66,66.0,1000.0,1,0,0,0,1
7741,18353,4,TCP,0.001,1,66,66.0,1000.0,1,0,0,0,1
9091,18354,4,TCP,0.001,1,66,66.0,1000.0,1,0,0,0,1
616,18355,4,TCP,0.001,1,66,66.0,1000.0,1,0,0,0,1
64623,18356,4,TCP,0.001,1,66,66.0,1000.0,1,0,0,0,1
9944,18357,4,TCP,0.001,1,66,66.0,1000.0,1,0,0,0,1
1900,18924,4,TCP,0.001,1,66,66.0,1000.0,1,0,0,0,1
3389,19287,4,TCP,0.036,2,120,60.0,55.42,1,1,0,1,1
21,19288,4,TCP,0.002,2,120,60.0,944.56,1,1,0,1,1
445,19289,4,TCP,0.002,2,120,60.0,972.93,1,1,0,1,1
80,19290,4,TCP,0.002,2,120,60.0,950.77,1,1,0,1,1
554,19291,4,TCP,0.001,2,120,60.0,1844.87,1,1,0,1,1
1025,19292,4,TCP,0.001,2,120,60.0,1968.23,1,1,0,1,1
23,19293,4,TCP,0.001,2,120,60.0,1665.4,1,1,0,1,1
1720,19294,4,TCP,0.001,2,120,60.0,1600.88,1,1,0,1,1
111,19295,4,TCP,0.001,2,120,60.0,1556.62,1,1,0,1,1
25,19296,4,TCP,0.001,2,120,60.0,1645.79,1,1,0,1,1
587,19297,4,TCP,0.001,2,120,60.0,1678.06,1,1,0,1,1
993,19298,4,TCP,0.001,2,120,60.0,1693.3,1,1,0,1,1
443,19299,4,TCP,0.001,2,120,60.0,1711.26,1,1,0,1,1
1723,19300,4,TCP,0.001,2,120,60.0,1718.27,1,1,0,1,1
110,19301,4,TCP,0.001,2,120,60.0,1636.16,1,1,0,1,1
3306,19302,4,TCP,0.001,2,120,60.0,1663.42,1,1,0,1,1
135,19303,4,TCP,0.001,2,120,60.0,1688.19,1,1,0,1,1
113,19304,4,TCP,0.001,2,120,60.0,1689.89,1,1,0,1,1
199,19305,4,TCP,0.001,2,120,60.0,1692.62,1,1,0,1,1
22,19306,4,TCP,0.014,4,252,63.0,282.47,2,3,0,1,1
256,19307,4,TCP,0.001,2,120,60.0,1528.82,1,1,0,1,1
8888,19308,4,TCP,0.001,2,120,60.0,1666.06,1,1,0,1,1
53,19309,4,TCP,0.001,2,120,60.0,1441.34,1,1,0,1,1
5900,19310,4,TCP,0.001,2,120,60.0,1373.61,1,1,0,1,1
8080,19311,4,TCP,0.001,2,120,60.0,1361.35,1,1,0,1,1
139,19312,4,TCP,0.001,2,120,60.0,1423.49,1,1,0,1,1
995,19313,4,TCP,0.001,2,120,60.0,1460.67,1,1,0,1,1
143,19314,4,TCP,0.001,2,120,60.0,1483.4,1,1,0,1,1
2020,19315,4,TCP,0.001,2,120,60.0,1773.87,1,1,0,1,1
1069,19316,4,TCP,0.009,2,120,60.0,232.75,1,1,0,1,1
16080,19317,4,TCP,0.009,2,120,60.0,232.62,1,1,0,1,1
648,19318,4,TCP,0.009,2,120,60.0,231.8,1,1,0,1,1
1,19319,4,TCP,0.002,2,120,60.0,1275.64,1,1,0,1,1
631,19320,4,TCP,0.001,2,120,60.0,1435.42,1,1,0,1,1
10024,19321,4,TCP,0.001,2,120,60.0,1497.16,1,1,0,1,1
84,19322,4,TCP,0.001,2,120,60.0,1564.16,1,1,0,1,1
3369,19323,4,TCP,0.001,2,120,60.0,1633.61,1,1,0,1,1
1999,19324,4,TCP,0.005,2,120,60.0,367.79,1,1,0,1,1
1083,19325,4,TCP,0.005,2,120,60.0,374.96,1,1,0,1,1
6112,19326,4,TCP,0.005,2,120,60.0,372.55,1,1,0,1,1
1875,19327,4,TCP,0.005,2,120,60.0,368.6,1,1,0,1,1
1164,19328,4,TCP,0.005,2,120,60.0,363.66,1,1,0,1,1
1052,19329,4,TCP,0.002,2,120,60.0,1252.03,1,1,0,1,1
8083,19330,4,TCP,0.001,2,120,60.0,1487.87,1,1,0,1,1
3801,19331,4,TCP,0.001,2,120,60.0,1544.29,1,1,0,1,1
1131,19332,4,TCP,0.001,2,120,60.0,1529.65,1,1,0,1,1
999,19333,4,TCP,0.001,2,120,60.0,1519.95,1,1,0,1,1
5718,19334,4,TCP,0.001,2,120,60.0,1579.18,1,1,0,1,1
57294,19335,4,TCP,0.001,2,120,60.0,1577.1,1,1,0,1,1
15000,19336,4,TCP,0.001,2,120,60.0,1534.97,1,1,0,1,1
35500,19337,4,TCP,0.001,2,120,60.0,1539.48,1,1,0,1,1
3031,19338,4,TCP,0.003,2,120,60.0,631.01,1,1,0,1,1
10009,19339,4,TCP,0.003,2,120,60.0,649.07,1,1,0,1,1
32785,19340,4,TCP,0.003,2,120,60.0,640.16,1,1,0,1,1
2161,19341,4,TCP,0.003,2,120,60.0,674.54,1,1,0,1,1
7402,19342,4,TCP,0.003,2,120,60.0,710.78,1,1,0,1,1
8192,19343,4,TCP,0.003,2,120,60.0,719.68,1,1,0,1,1
51493,19344,4,TCP,0.002,2,120,60.0,972.93,1,1,0,1,1
3322,19345,4,TCP,0.002,2,120,60.0,1079.2,1,1,0,1,1
3017,19346,4,TCP,0.002,2,120,60.0,1300.16,1,1,0,1,1
765,19347,4,TCP,0.002,2,120,60.0,1291.55,1,1,0,1,1
4449,19348,4,TCP,0.002,2,120,60.0,1245.89,1,1,0,1,1
18988,19349,4,TCP,0.002,2,120,60.0,1321.25,1,1,0,1,1
2035,19350,4,TCP,0.002,2,120,60.0,1319.59,1,1,0,1,1
5910,19351,4,TCP,0.002,2,120,60.0,1324.38,1,1,0,1,1
1061,19352,4,TCP,0.001,2,120,60.0,1335.77,1,1,0,1,1
5431,19353,4,TCP,0.002,2,120,60.0,1314.21,1,1,0,1,1
254,19354,4,TCP,0.001,1,66,66.0,1000.0,1,0,0,0,1
27000,19909,4,TCP,0.001,1,66,66.0,1000.0,1,0,0,0,1
22,20289,4,TCP,0.038,4,252,63.0,105.2,2,3,0,1,1
1723,20290,4,TCP,0.001,2,120,60.0,2302.66,1,1,0,1,1
1720,20291,4,TCP,0.001,2,120,60.0,2429.37,1,1,0,1,1
5900,20292,4,TCP,0.001,2,120,60.0,2616.53,1,1,0,1,1
443,20293,4,TCP,0.001,2,120,60.0,1458.63,1,1,0,1,1
445,20294,4,TCP,0.001,2,120,60.0,1488.4,1,1,0,1,1
111,20295,4,TCP,0.001,2,120,60.0,1493.7,1,1,0,1,1
53,20296,4,TCP,0.001,2,120,60.0,1724.63,1,1,0,1,1
135,20297,4,TCP,0.001,2,120,60.0,1744.72,1,1,0,1,1
1025,20298,4,TCP,0.001,2,120,60.0,1917.4,1,1,0,1,1
3306,20299,4,TCP,0.001,2,120,60.0,1858.35,1,1,0,1,1
995,20300,4,TCP,0.001,2,120,60.0,1822.03,1,1,0,1,1
993,20301,4,TCP,0.001,2,120,60.0,1950.39,1,1,0,1,1
256,20302,4,TCP,0.001,2,120,60.0,1983.59,1,1,0,1,1
554,20303,4,TCP,0.001,2,120,60.0,1993.49,1,1,0,1,1
199,20304,4,TCP,0.001,2,120,60.0,2008.29,1,1,0,1,1
113,20305,4,TCP,0.001,2,120,60.0,2022.33,1,1,0,1,1
110,20306,4,TCP,0.001,2,120,60.0,1538.63,1,1,0,1,1
21,20307,4,TCP,0.001,2,120,60.0,1602.71,1,1,0,1,1
3389,20308,4,TCP,0.001,2,120,60.0,1645.15,1,1,0,1,1
23,20309,4,TCP,0.001,2,120,60.0,1640.64,1,1,0,1,1
139,20310,4,TCP,0.001,2,120,60.0,1644.18,1,1,0,1,1
587,20311,4,TCP,0.001,2,120,60.0,1658.48,1,1,0,1,1
8888,20312,4,TCP,0.001,2,120,60.0,1602.71,1,1,0,1,1
143,20313,4,TCP,0.001,2,120,60.0,1578.29,1,1,0,1,1
80,20314,4,TCP,0.001,2,120,60.0,1421.08,1,1,0,1,1
8080,20315,4,TCP,0.001,2,120,60.0,1363.34,1,1,0,1,1
25,20316,4,TCP,0.005,2,120,60.0,373.16,1,1,0,1,1
18040,20317,4,TCP,0.005,2,120,60.0,371.54,1,1,0,1,1
1175,20318,4,TCP,0.005,2,120,60.0,372.48,1,1,0,1,1
416,20319,4,TCP,0.005,2,120,60.0,380.56,1,1,0,1,1
873,20320,4,TCP,0.005,2,120,60.0,384.3,1,1,0,1,1
9002,20321,4,TCP,0.005,2,120,60.0,390.26,1,1,0,1,1
9900,20322,4,TCP,0.001,2,120,60.0,1638.72,1,1,0,1,1
8087,20323,4,TCP,0.001,2,120,60.0,1644.83,1,1,0,1,1
2909,20324,4,TCP,0.001,2,120,60.0,1579.18,1,1,0,1,1
1556,20325,4,TCP,0.001,2,120,60.0,1558.64,1,1,0,1,1
5901,20326,4,TCP,0.001,2,120,60.0,1494.5,1,1,0,1,1
1081,20327,4,TCP,0.001,2,120,60.0,1457.11,1,1,0,1,1
5903,20328,4,TCP,0.001,2,120,60.0,1492.63,1,1,0,1,1
7001,20329,4,TCP,0.003,2,120,60.0,712.83,1,1,0,1,1
5998,20330,4,TCP,0.003,2,120,60.0,672.27,1,1,0,1,1
9050,20331,4,TCP,0.003,2,120,60.0,687.59,1,1,0,1,1
3986,20332,4,TCP,0.003,2,120,60.0,733.01,1,1,0,1,1
427,20333,4,TCP,0.003,2,120,60.0,783.76,1,1,0,1,1
1233,20334,4,TCP,0.002,2,120,60.0,812.93,1,1,0,1,1
901,20335,4,TCP,0.002,2,120,60.0,825.33,1,1,0,1,1
1045,20336,4,TCP,0.003,2,120,60.0,778.45,1,1,0,1,1
10617,20337,4,TCP,0.001,2,120,60.0,1651.3,1,1,0,1,1
1783,20338,4,TCP,0.001,2,120,60.0,1670.7,1,1,0,1,1
636,20339,4,TCP,0.001,2,120,60.0,1682.1,1,1,0,1,1
4126,20340,4,TCP,0.001,2,120,60.0,1574.44,1,1,0,1,1
4446,20341,4,TCP,0.001,2,120,60.0,1596.01,1,1,0,1,1
13,20342,4,TCP,0.001,2,120,60.0,1604.25,1,1,0,1,1
513,20343,4,TCP,0.001,2,120,60.0,1575.62,1,1,0,1,1
2003,20344,4,TCP,0.001,2,120,60.0,1432.24,1,1,0,1,1
19,20345,4,TCP,0.001,2,120,60.0,1443.33,1,1,0,1,1
6,20346,4,TCP,0.001,2,120,60.0,1491.31,1,1,0,1,1
465,20347,4,TCP,0.001,2,120,60.0,1599.05,1,1,0,1,1
1051,20348,4,TCP,0.001,2,120,60.0,1446.56,1,1,0,1,1
1055,20349,4,TCP,0.001,2,120,60.0,1350.39,1,1,0,1,1
12345,20350,4,TCP,0.001,2,120,60.0,1377.89,1,1,0,1,1
5357,20351,4,TCP,0.001,2,120,60.0,1338.96,1,1,0,1,1
1187,20352,4,TCP,0.002,2,120,60.0,1028.9,1,1,0,1,1
1010,20353,4,TCP,0.001,1,66,66.0,1000.0,1,0,0,0,1
2106,20354,4,TCP,0.001,1,66,66.0,1000.0,1,0,0,0,1
24,20355,4,TCP,0.001,1,66,66.0,1000.0,1,0,0,0,1
902,20356,4,TCP,0.001,1,66,66.0,1000.0,1,0,0,0,1
5269,20357,4,TCP,0.001,1,66,66.0,1000.0,1,0,0,0,1
50006,20358,4,TCP,0.001,1,66,66.0,1000.0,1,0,0,0,1
1998,20359,4,TCP,0.001,1,66,66.0,1000.0,1,0,0,0,1
10012,20980,4,TCP,0.001,1,66,66.0,1000.0,1,0,0,0,1
1025,21289,4,TCP,0.027,2,120,60.0,73.65,1,1,0,1,1
139,21290,4,TCP,0.004,2,120,60.0,558.91,1,1,0,1,1
5900,21291,4,TCP,0.004,2,120,60.0,547.34,1,1,0,1,1
995,21292,4,TCP,0.002,2,120,60.0,1023.0,1,1,0,1,1
3389,21293,4,TCP,0.001,2,120,60.0,1408.43,1,1,0,1,1
143,21294,4,TCP,0.001,2,120,60.0,1394.38,1,1,0,1,1
135,21295,4,TCP,0.001,2,120,60.0,1476.87,1,1,0,1,1
445,21296,4,TCP,0.001,2,120,60.0,1507.12,1,1,0,1,1
80,21297,4,TCP,0.001,2,120,60.0,1551.43,1,1,0,1,1
256,21298,4,TCP,0.001,2,120,60.0,1577.1,1,1,0,1,1
1723,21299,4,TCP,0.001,2,120,60.0,1460.92,1,1,0,1,1
199,21300,4,TCP,0.001,2,120,60.0,1440.85,1,1,0,1,1
3306,21301,4,TCP,0.001,2,120,60.0,1563.0,1,1,0,1,1
25,21302,4,TCP,0.001,2,120,60.0,1473.75,1,1,0,1,1
554,21303,4,TCP,0.001,2,120,60.0,1391.15,1,1,0,1,1
22,21304,4,TCP,0.018,4,252,63.0,224.72,2,3,0,1,1
21,21305,4,TCP,0.002,2,120,60.0,1310.11,1,1,0,1,1
111,21306,4,TCP,0.002,2,120,60.0,1292.34,1,1,0,1,1
8888,21307,4,TCP,0.013,2,120,60.0,156.52,1,1,0,1,1
23,21308,4,TCP,0.013,2,120,60.0,152.31,1,1,0,1,1
1720,21309,4,TCP,0.002,2,120,60.0,825.41,1,1,0,1,1
443,21310,4,TCP,0.002,2,120,60.0,896.31,1,1,0,1,1
53,21311,4,TCP,0.002,2,120,60.0,943.18,1,1,0,1,1
110,21312,4,TCP,0.002,2,120,60.0,1010.07,1,1,0,1,1
587,21313,4,TCP,0.002,2,120,60.0,1230.54,1,1,0,1,1
993,21314,4,TCP,0.002,2,120,60.0,1250.72,1,1,0,1,1
113,21315,4,TCP,0.001,2,120,60.0,1518.85,1,1,0,1,1
8080,21316,4,TCP,0.002,2,120,60.0,1273.51,1,1,0,1,1
49157,21317,4,TCP,0.001,2,120,60.0,1557.19,1,1,0,1,1
1259,21318,4,TCP,0.001,2,120,60.0,1461.68,1,1,0,1,1
2170,21319,4,TCP,0.001,2,120,60.0,1374.06,1,1,0,1,1
9003,21320,4,TCP,0.001,2,120,60.0,1347.78,1,1,0,1,1
1083,21321,4,TCP,0.002,2,120,60.0,1172.08,1,1,0,1,1
1087,21322,4,TCP,0.002,2,120,60.0,1310.52,1,1,0,1,1
19350,21323,4,TCP,0.002,2,120,60.0,1050.94,1,1,0,1,1
1141,21324,4,TCP,0.002,2,120,60.0,1110.19,1,1,0,1,1
636,21325,4,TCP,0.002,2,120,60.0,1212.23,1,1,0,1,1
1072,21326,4,TCP,0.003,2,120,60.0,610.21,1,1,0,1,1
1068,21327,4,TCP,0.003,2,120,60.0,607.61,1,1,0,1,1
20,21328,4,TCP,0.003,2,120,60.0,612.13,1,1,0,1,1
9998,21329,4,TCP,0.003,2,120,60.0,633.92,1,1,0,1,1
544,21330,4,TCP,0.003,2,120,60.0,652.91,1,1,0,1,1
27715,21331,4,TCP,0.002,2,120,60.0,1237.08,1,1,0,1,1
10621,21332,4,TCP,0.002,2,120,60.0,1241.1,1,1,0,1,1
19,21333,4,TCP,0.002,2,120,60.0,1236.71,1,1,0,1,1
1812,21334,4,TCP,0.002,2,120,60.0,1242.76,1,1,0,1,1
1069,21335,4,TCP,0.002,2,120,60.0,1323.12,1,1,0,1,1
49158,21336,4,TCP,0.001,2,120,60.0,1492.37,1,1,0,1,1
9593,21337,4,TCP,0.001,2,120,60.0,1636.8,1,1,0,1,1
389,21338,4,TCP,0.001,2,120,60.0,1619.11,1,1,0,1,1
5815,21339,4,TCP,0.0,2,120,60.0,4534.38,1,1,0,1,1
17,21340,4,TCP,0.0,2,120,60.0,4134.36,1,1,0,1,1
7512,21341,4,TCP,0.0,2,120,60.0,4092.0,1,1,0,1,1
700,21342,4,TCP,0.001,2,120,60.0,1642.57,1,1,0,1,1
50002,21343,4,TCP,0.001,2,120,60.0,1644.83,1,1,0,1,1
179,21344,4,TCP,0.001,2,120,60.0,1657.83,1,1,0,1,1
1106,21345,4,TCP,0.001,2,120,60.0,1585.75,1,1,0,1,1
1056,21346,4,TCP,0.001,2,120,60.0,1599.66,1,1,0,1,1
2998,21347,4,TCP,0.001,2,120,60.0,1640.32,1,1,0,1,1
16001,21348,4,TCP,0.001,2,120,60.0,1658.48,1,1,0,1,1
800,21349,4,TCP,0.001,2,120,60.0,1693.64,1,1,0,1,1
1080,21350,4,TCP,0.001,2,120,60.0,1467.82,1,1,0,1,1
5901,21351,4,TCP,0.001,2,120,60.0,1631.71,1,1,0,1,1
2718,21352,4,TCP,0.002,2,120,60.0,1235.25,1,1,0,1,1
9943,21353,4,TCP,0.002,2,120,60.0,1211.7,1,1,0,1,1
9290,21354,4,TCP,0.002,2,120,60.0,1212.4,1,1,0,1,1
5004,21355,4,TCP,0.001,1,66,66.0,1000.0,1,0,0,0,1
3268,21356,4,TCP,0.001,1,66,66.0,1000.0,1,0,0,0,1
62078,21357,4,TCP,0.001,1,66,66.0,1000.0,1,0,0,0,1
1600,22020,4,TCP,0.001,1,66,66.0,1000.0,1,0,0,0,1
8888,22289,4,TCP,0.037,2,120,60.0,54.59,1,1,0,1,1
80,22290,4,TCP,0.001,2,120,60.0,3049.29,1,1,0,1,1
139,22291,4,TCP,0.001,2,120,60.0,2725.34,1,1,0,1,1
443,22292,4,TCP,0.001,2,120,60.0,2713.88,1,1,0,1,1
23,22293,4,TCP,0.001,2,120,60.0,1617.24,1,1,0,1,1
25,22294,4,TCP,0.001,2,120,60.0,1487.61,1,1,0,1,1
110,22295,4,TCP,0.001,2,120,60.0,1466.03,1,1,0,1,1
111,22296,4,TCP,0.001,2,120,60.0,1554.89,1,1,0,1,1
21,22297,4,TCP,0.001,2,120,60.0,1606.71,1,1,0,1,1
554,22298,4,TCP,0.001,2,120,60.0,1618.49,1,1,0,1,1
135,22299,4,TCP,0.001,2,120,60.0,1621.93,1,1,0,1,1
1025,22300,4,TCP,0.001,2,120,60.0,1632.66,1,1,0,1,1
143,22301,4,TCP,0.001,2,120,60.0,2384.48,1,1,0,1,1
5900,22302,4,TCP,0.001,2,120,60.0,2411.91,1,1,0,1,1
995,22303,4,TCP,0.001,2,120,60.0,2425.15,1,1,0,1,1
113,22304,4,TCP,0.001,2,120,60.0,2425.86,1,1,0,1,1
993,22305,4,TCP,0.009,2,120,60.0,220.62,1,1,0,1,1
53,22306,4,TCP,0.009,2,120,60.0,218.18,1,1,0,1,1
1720,22307,4,TCP,0.001,2,120,60.0,1419.63,1,1,0,1,1
587,22308,4,TCP,0.002,2,120,60.0,805.28,1,1,0,1,1
445,22309,4,TCP,0.003,2,120,60.0,726.03,1,1,0,1,1
3389,22310,4,TCP,0.003,2,120,60.0,682.78,1,1,0,1,1
3306,22311,4,TCP,0.003,2,120,60.0,717.53,1,1,0,1,1
22,22312,4,TCP,0.004,4,252,63.0,1114.69,2,3,0,1,1
199,22313,4,TCP,0.001,2,120,60.0,1477.91,1,1,0,1,1
256,22314,4,TCP,0.001,2,120,60.0,1481.82,1,1,0,1,1
8080,22315,4,TCP,0.001,2,120,60.0,1531.05,1,1,0,1,1
1723,22316,4,TCP,0.001,2,120,60.0,1603.63,1,1,0,1,1
687,22317,4,TCP,0.001,2,120,60.0,1634.25,1,1,0,1,1
3851,22318,4,TCP,0.001,2,120,60.0,1640.64,1,1,0,1,1
4343,22319,4,TCP,0.001,2,120,60.0,1658.16,1,1,0,1,1
49159,22320,4,TCP,0.002,2,120,60.0,1059.17,1,1,0,1,1
2105,22321,4,TCP,0.002,2,120,60.0,1042.58,1,1,0,1,1
7106,22322,4,TCP,0.002,2,120,60.0,1089.71,1,1,0,1,1
9877,22323,4,TCP,0.001,2,120,60.0,1515.83,1,1,0,1,1
90,22324,4,TCP,0.001,2,120,60.0,1444.57,1,1,0,1,1
2967,22325,4,TCP,0.001,2,120,60.0,1354.53,1,1,0,1,1
6009,22326,4,TCP,0.003,2,120,60.0,694.71,1,1,0,1,1
407,22327,4,TCP,0.003,2,120,60.0,672.76,1,1,0,1,1
1010,22328,4,TCP,0.003,2,120,60.0,642.9,1,1,0,1,1
32770,22329,4,TCP,0.003,2,120,60.0,640.65,1,1,0,1,1
1186,22330,4,TCP,0.003,2,120,60.0,625.32,1,1,0,1,1
259,22331,4,TCP,0.003,2,120,60.0,589.63,1,1,0,1,1
50389,22332,4,TCP,0.003,2,120,60.0,762.74,1,1,0,1,1
8651,22333,4,TCP,0.002,2,120,60.0,838.19,1,1,0,1,1
31337,22334,4,TCP,0.002,2,120,60.0,1085.9,1,1,0,1,1
9290,22335,4,TCP,0.002,2,120,60.0,1050.94,1,1,0,1,1
24800,22336,4,TCP,0.002,2,120,60.0,1006.55,1,1,0,1,1
4279,22337,4,TCP,0.002,2,120,60.0,890.7,1,1,0,1,1
52673,22338,4,TCP,0.003,2,120,60.0,773.36,1,1,0,1,1
1147,22339,4,TCP,0.003,2,120,60.0,700.74,1,1,0,1,1
5850,22340,4,TCP,0.003,2,120,60.0,741.9,1,1,0,1,1
1000,22341,4,TCP,0.002,2,120,60.0,815.85,1,1,0,1,1
1110,22342,4,TCP,0.002,2,120,60.0,845.2,1,1,0,1,1
3369,22343,4,TCP,0.002,2,120,60.0,806.67,1,1,0,1,1
389,22344,4,TCP,0.002,2,120,60.0,856.42,1,1,0,1,1
33354,22345,4,TCP,0.002,2,120,60.0,946.8,1,1,0,1,1
1048,22346,4,TCP,0.002,2,120,60.0,1009.22,1,1,0,1,1
1805,22347,4,TCP,0.002,2,120,60.0,937.27,1,1,0,1,1
1234,22348,4,TCP,0.002,2,120,60.0,911.71,1,1,0,1,1
3000,22349,4,TCP,0.002,2,120,60.0,1266.01,1,1,0,1,1
264,22350,4,TCP,0.002,2,120,60.0,1323.33,1,1,0,1,1
1117,22351,4,TCP,0.002,2,120,60.0,1265.44,1,1,0,1,1
13722,22352,4,TCP,0.002,2,120,60.0,1206.47,1,1,0,1,1
7921,22353,4,TCP,0.002,2,120,60.0,1212.4,1,1,0,1,1
1521,22354,4,TCP,0.002,2,120,60.0,1145.83,1,1,0,1,1
1121,22355,4,TCP,0.002,2,120,60.0,1223.01,1,1,0,1,1
6007,22356,4,TCP,0.001,1,66,66.0,1000.0,1,0,0,0,1
1113,22911,4,TCP,0.001,1,66,66.0,1000.0,1,0,0,0,1
135,23289,4,TCP,0.001,2,120,60.0,2597.9,1,1,0,1,1
23,23290,4,TCP,0.001,2,120,60.0,3126.58,1,1,0,1,1
53,23291,4,TCP,0.001,2,120,60.0,3382.5,1,1,0,1,1
25,23292,4,TCP,0.001,2,120,60.0,3557.51,1,1,0,1,1
995,23293,4,TCP,0.001,2,120,60.0,1776.87,1,1,0,1,1
8888,23294,4,TCP,0.001,2,120,60.0,1776.49,1,1,0,1,1
199,23295,4,TCP,0.001,2,120,60.0,1721.8,1,1,0,1,1
443,23296,4,TCP,0.001,2,120,60.0,1724.99,1,1,0,1,1
587,23297,4,TCP,0.001,2,120,60.0,1729.97,1,1,0,1,1
554,23298,4,TCP,0.001,2,120,60.0,1700.51,1,1,0,1,1
22,23299,4,TCP,0.013,4,252,63.0,302.35,2,3,0,1,1
445,23300,4,TCP,0.001,2,120,60.0,1483.66,1,1,0,1,1
21,23301,4,TCP,0.001,2,120,60.0,1483.92,1,1,0,1,1
80,23302,4,TCP,0.001,2,120,60.0,1561.83,1,1,0,1,1
1723,23303,4,TCP,0.001,2,120,60.0,1650.0,1,1,0,1,1
1025,23304,4,TCP,0.001,2,120,60.0,1698.44,1,1,0,1,1
8080,23305,4,TCP,0.01,2,120,60.0,192.23,1,1,0,1,1
110,23306,4,TCP,0.01,2,120,60.0,191.52,1,1,0,1,1
3389,23307,4,TCP,0.004,2,120,60.0,534.51,1,1,0,1,1
139,23308,4,TCP,0.004,2,120,60.0,541.34,1,1,0,1,1
1720,23309,4,TCP,0.004,2,120,60.0,539.67,1,1,0,1,1
5900,23310,4,TCP,0.001,2,120,60.0,1696.72,1,1,0,1,1
993,23311,4,TCP,0.001,2,120,60.0,1708.13,1,1,0,1,1
143,23312,4,TCP,0.001,2,120,60.0,1712.66,1,1,0,1,1
113,23313,4,TCP,0.001,2,120,60.0,1729.61,1,1,0,1,1
3306,23314,4,TCP,0.001,2,120,60.0,2136.14,1,1,0,1,1
256,23315,4,TCP,0.001,2,120,60.0,2097.68,1,1,0,1,1
111,23316,4,TCP,0.001,2,120,60.0,2073.82,1,1,0,1,1
631,23317,4,TCP,0.001,2,120,60.0,1978.45,1,1,0,1,1
1117,23318,4,TCP,0.001,2,120,60.0,1935.09,1,1,0,1,1
5101,23319,4,TCP,0.001,2,120,60.0,1924.88,1,1,0,1,1
49,23320,4,TCP,0.001,2,120,60.0,1923.11,1,1,0,1,1
9618,23321,4,TCP,0.001,2,120,60.0,1818.87,1,1,0,1,1
2301,23322,4,TCP,0.001,2,120,60.0,1826.39,1,1,0,1,1
705,23323,4,TCP,0.001,2,120,60.0,1747.26,1,1,0,1,1
9929,23324,4,TCP,0.001,2,120,60.0,1691.59,1,1,0,1,1
8084,23325,4,TCP,0.001,2,120,60.0,1614.13,1,1,0,1,1
31337,23326,4,TCP,0.001,2,120,60.0,1540.04,1,1,0,1,1
6567,23327,4,TCP,0.001,2,120,60.0,1506.03,1,1,0,1,1
3300,23328,4,TCP,0.001,2,120,60.0,1489.19,1,1,0,1,1
2710,23329,4,TCP,0.002,2,120,60.0,1306.84,1,1,0,1,1
7402,23330,4,TCP,0.002,2,120,60.0,1077.67,1,1,0,1,1
5850,23331,4,TCP,0.002,2,120,60.0,1101.3,1,1,0,1,1
7103,23332,4,TCP,0.002,2,120,60.0,1123.27,1,1,0,1,1
880,23333,4,TCP,0.002,2,120,60.0,1145.05,1,1,0,1,1
2701,23334,4,TCP,0.002,2,120,60.0,1214.16,1,1,0,1,1
5100,23335,4,TCP,0.002,2,120,60.0,1318.55,1,1,0,1,1
7676,23336,4,TCP,0.001,2,120,60.0,1343.04,1,1,0,1,1
5988,23337,4,TCP,0.002,2,120,60.0,979.63,1,1,0,1,1
4899,23338,4,TCP,0.002,2,120,60.0,914.29,1,1,0,1,1
1199,23339,4,TCP,0.002,2,120,60.0,907.56,1,1,0,1,1
50006,23340,4,TCP,0.002,2,120,60.0,918.29,1,1,0,1,1
5666,23341,4,TCP,0.002,2,120,60.0,915.59,1,1,0,1,1
49400,23342,4,TCP,0.002,2,120,60.0,924.47,1,1,0,1,1
912,23343,4,TCP,0.002,2,120,60.0,1007.4,1,1,0,1,1
7000,23344,4,TCP,0.002,2,120,60.0,1050.02,1,1,0,1,1
1840,23345,4,TCP,0.002,2,120,60.0,1253.15,1,1,0,1,1
13456,23346,4,TCP,0.001,2,120,60.0,1353.87,1,1,0,1,1
4321,23347,4,TCP,0.001,2,120,60.0,1462.7,1,1,0,1,1
8090,23348,4,TCP,0.001,2,120,60.0,1544.86,1,1,0,1,1
2022,23349,4,TCP,0.001,2,120,60.0,1453.58,1,1,0,1,1
765,23350,4,TCP,0.002,2,120,60.0,1292.34,1,1,0,1,1
1334,23351,4,TCP,0.002,2,120,60.0,1167.19,1,1,0,1,1
7921,23352,4,TCP,0.002,2,120,60.0,1015.82,1,1,0,1,1
34572,23353,4,TCP,0.001,1,66,66.0,1000.0,1,0,0,0,1
306,23354,4,TCP,0.001,1,66,66.0,1000.0,1,0,0,0,1
125,23355,4,TCP,0.001,1,66,66.0,1000.0,1,0,0,0,1
8083,23356,4,TCP,0.001,1,66,66.0,1000.0,1,0,0,0,1
5550,23357,4,TCP,0.001,1,66,66.0,1000.0,1,0,0,0,1
19315,23358,4,TCP,0.001,1,66,66.0,1000.0,1,0,0,0,1
19,23359,4,TCP,0.001,1,66,66.0,1000.0,1,0,0,0,1
113,24289,4,TCP,0.048,2,120,60.0,41.68,1,1,0,1,1
995,24290,4,TCP,0.015,2,120,60.0,136.93,1,1,0,1,1
587,24291,4,TCP,0.001,2,120,60.0,2434.3,1,1,0,1,1
143,24292,4,TCP,0.001,2,120,60.0,2760.32,1,1,0,1,1
22,24293,4,TCP,0.004,4,252,63.0,936.49,2,3,0,1,1
554,24294,4,TCP,0.001,2,120,60.0,1663.75,1,1,0,1,1
3389,24295,4,TCP,0.001,2,120,60.0,1682.43,1,1,0,1,1
443,24296,4,TCP,0.001,2,120,60.0,1692.62,1,1,0,1,1
993,24297,4,TCP,0.001,2,120,60.0,1570.61,1,1,0,1,1
256,24298,4,TCP,0.001,2,120,60.0,1503.33,1,1,0,1,1
80,24299,4,TCP,0.001,2,120,60.0,1491.31,1,1,0,1,1
21,24300,4,TCP,0.001,2,120,60.0,1488.13,1,1,0,1,1
1025,24301,4,TCP,0.002,2,120,60.0,1296.54,1,1,0,1,1
53,24302,4,TCP,0.002,2,120,60.0,1326.47,1,1,0,1,1
23,24303,4,TCP,0.001,2,120,60.0,1400.2,1,1,0,1,1
110,24304,4,TCP,0.001,2,120,60.0,1415.08,1,1,0,1,1
1720,24305,4,TCP,0.001,2,120,60.0,1686.83,1,1,0,1,1
139,24306,4,TCP,0.001,2,120,60.0,1715.46,1,1,0,1,1
5900,24307,4,TCP,0.001,2,120,60.0,1872.04,1,1,0,1,1
199,24308,4,TCP,0.001,2,120,60.0,1679.4,1,1,0,1,1
135,24309,4,TCP,0.001,2,120,60.0,1693.98,1,1,0,1,1
8888,24310,4,TCP,0.001,2,120,60.0,1650.65,1,1,0,1,1
3306,24311,4,TCP,0.001,2,120,60.0,1574.44,1,1,0,1,1
111,24312,4,TCP,0.001,2,120,60.0,1632.66,1,1,0,1,1
8080,24313,4,TCP,0.001,2,120,60.0,1652.6,1,1,0,1,1
1723,24314,4,TCP,0.001,2,120,60.0,1657.83,1,1,0,1,1
445,24315,4,TCP,0.001,2,120,60.0,1658.48,1,1,0,1,1
25,24316,4,TCP,0.002,2,120,60.0,1130.69,1,1,0,1,1
20031,24317,4,TCP,0.002,2,120,60.0,1330.68,1,1,0,1,1
8402,24318,4,TCP,0.001,2,120,60.0,1369.79,1,1,0,1,1
1124,24319,4,TCP,0.001,2,120,60.0,1416.04,1,1,0,1,1
981,24320,4,TCP,0.001,2,120,60.0,1555.17,1,1,0,1,1
5815,24321,4,TCP,0.005,2,120,60.0,371.31,1,1,0,1,1
5225,24322,4,TCP,0.005,2,120,60.0,363.93,1,1,0,1,1
1073,24323,4,TCP,0.006,2,120,60.0,361.94,1,1,0,1,1
3918,24324,4,TCP,0.002,2,120,60.0,804.66,1,1,0,1,1
9099,24325,4,TCP,0.002,2,120,60.0,921.62,1,1,0,1,1
4129,24326,4,TCP,0.001,2,120,60.0,1478.69,1,1,0,1,1
2105,24327,4,TCP,0.001,2,120,60.0,1615.37,1,1,0,1,1
9418,24328,4,TCP,0.001,2,120,60.0,1469.88,1,1,0,1,1
2260,24329,4,TCP,0.001,2,120,60.0,1372.26,1,1,0,1,1
5907,24330,4,TCP,0.002,2,120,60.0,1272.54,1,1,0,1,1
366,24331,4,TCP,0.002,2,120,60.0,1112.99,1,1,0,1,1
2399,24332,4,TCP,0.002,2,120,60.0,855.37,1,1,0,1,1
3998,24333,4,TCP,0.002,2,120,60.0,884.41,1,1,0,1,1
2065,24334,4,TCP,0.002,2,120,60.0,900.36,1,1,0,1,1
306,24335,4,TCP,0.002,2,120,60.0,921.62,1,1,0,1,1
3814,24336,4,TCP,0.002,2,120,60.0,876.83,1,1,0,1,1
1310,24337,4,TCP,0.002,2,120,60.0,901.9,1,1,0,1,1
1043,24338,4,TCP,0.002,2,120,60.0,820.16,1,1,0,1,1
5633,24339,4,TCP,0.002,2,120,60.0,810.42,1,1,0,1,1
3001,24340,4,TCP,0.002,2,120,60.0,867.67,1,1,0,1,1
3371,24341,4,TCP,0.002,2,120,60.0,942.22,1,1,0,1,1
3283,24342,4,TCP,0.002,2,120,60.0,1250.54,1,1,0,1,1
259,24343,4,TCP,0.002,2,120,60.0,1305.01,1,1,0,1,1
54045,24344,4,TCP,0.002,2,120,60.0,1314.83,1,1,0,1,1
1271,24345,4,TCP,0.002,2,120,60.0,1248.3,1,1,0,1,1
2107,24346,4,TCP,0.002,2,120,60.0,1254.09,1,1,0,1,1
1311,24347,4,TCP,0.001,2,120,60.0,1339.61,1,1,0,1,1
6881,24348,4,TCP,0.002,2,120,60.0,987.59,1,1,0,1,1
6788,24349,4,TCP,0.002,2,120,60.0,1007.28,1,1,0,1,1
5911,24350,4,TCP,0.002,2,120,60.0,1015.94,1,1,0,1,1
1098,24351,4,TCP,0.002,2,120,60.0,1005.95,1,1,0,1,1
1805,24352,4,TCP,0.003,2,120,60.0,784.5,1,1,0,1,1
2393,24353,4,TCP,0.003,2,120,60.0,745.26,1,1,0,1,1
3995,24354,4,TCP,0.003,2,120,60.0,740.45,1,1,0,1,1
6669,24355,4,TCP,0.003,2,120,60.0,748.05,1,1,0,1,1
1,24356,4,TCP,0.001,1,66,66.0,1000.0,1,0,0,0,1
636,24820,4,TCP,0.001,1,66,66.0,1000.0,1,0,0,0,1
42510,25204,4,TCP,0.001,1,66,66.0,1000.0,1,0,0,0,1
993,25290,4,TCP,0.021,2,120,60.0,94.11,1,1,0,1,1
256,25291,4,TCP,0.001,2,120,60.0,2199.43,1,1,0,1,1
80,25292,4,TCP,0.001,2,120,60.0,2355.03,1,1,0,1,1
199,25293,4,TCP,0.001,2,120,60.0,2386.52,1,1,0,1,1
3306,25294,4,TCP,0.001,2,120,60.0,2411.91,1,1,0,1,1
135,25295,4,TCP,0.001,2,120,60.0,1665.73,1,1,0,1,1
8080,25296,4,TCP,0.001,2,120,60.0,1836.39,1,1,0,1,1
21,25297,4,TCP,0.001,2,120,60.0,1913.02,1,1,0,1,1
1025,25298,4,TCP,0.001,2,120,60.0,1932.41,1,1,0,1,1
5900,25299,4,TCP,0.001,2,120,60.0,1939.56,1,1,0,1,1
995,25300,4,TCP,0.001,2,120,60.0,1958.13,1,1,0,1,1
1723,25301,4,TCP,0.001,2,120,60.0,1894.87,1,1,0,1,1
110,25302,4,TCP,0.005,2,120,60.0,370.16,1,1,0,1,1
53,25303,4,TCP,0.005,2,120,60.0,367.23,1,1,0,1,1
1720,25304,4,TCP,0.005,2,120,60.0,366.59,1,1,0,1,1
445,25305,4,TCP,0.005,2,120,60.0,365.52,1,1,0,1,1
139,25306,4,TCP,0.005,2,120,60.0,363.69,1,1,0,1,1
554,25307,4,TCP,0.005,2,120,60.0,364.2,1,1,0,1,1
23,25308,4,TCP,0.002,2,120,60.0,1327.73,1,1,0,1,1
25,25309,4,TCP,0.001,2,120,60.0,1446.06,1,1,0,1,1
111,25310,4,TCP,0.001,2,120,60.0,1525.2,1,1,0,1,1
443,25311,4,TCP,0.001,2,120,60.0,1535.53,1,1,0,1,1
587,25312,4,TCP,0.001,2,120,60.0,1391.84,1,1,0,1,1
143,25313,4,TCP,0.001,2,120,60.0,1356.94,1,1,0,1,1
3389,25314,4,TCP,0.001,2,120,60.0,1454.34,1,1,0,1,1
8888,25315,4,TCP,0.001,2,120,60.0,1507.39,1,1,0,1,1
22,25316,4,TCP,0.016,4,252,63.0,246.23,2,3,0,1,1
113,25317,4,TCP,0.001,2,120,60.0,1527.15,1,1,0,1,1
3827,25318,4,TCP,0.002,2,120,60.0,1288.77,1,1,0,1,1
1947,25319,4,TCP,0.002,2,120,60.0,1324.8,1,1,0,1,1
808,25320,4,TCP,0.005,2,120,60.0,389.26,1,1,0,1,1
2492,25321,4,TCP,0.005,2,120,60.0,389.86,1,1,0,1,1
2003,25322,4,TCP,0.005,2,120,60.0,385.72,1,1,0,1,1
1287,25323,4,TCP,0.005,2,120,60.0,384.62,1,1,0,1,1
3052,25324,4,TCP,0.005,2,120,60.0,384.89,1,1,0,1,1
2107,25325,4,TCP,0.001,2,120,60.0,1613.19,1,1,0,1,1
777,25326,4,TCP,0.001,2,120,60.0,1639.04,1,1,0,1,1
5061,25327,4,TCP,0.001,2,120,60.0,1672.37,1,1,0,1,1
2288,25328,4,TCP,0.001,2,120,60.0,1714.41,1,1,0,1,1
5801,25329,4,TCP,0.001,2,120,60.0,1734.62,1,1,0,1,1
264,25330,4,TCP,0.001,2,120,60.0,1766.77,1,1,0,1,1
33,25331,4,TCP,0.001,2,120,60.0,1777.62,1,1,0,1,1
1501,25332,4,TCP,0.001,2,120,60.0,1682.1,1,1,0,1,1
1082,25333,4,TCP,0.001,2,120,60.0,1724.63,1,1,0,1,1
7435,25334,4,TCP,0.001,2,120,60.0,1745.81,1,1,0,1,1
18988,25335,4,TCP,0.001,2,120,60.0,1758.25,1,1,0,1,1
1105,25336,4,TCP,0.001,2,120,60.0,1778.75,1,1,0,1,1
23502,25337,4,TCP,0.001,2,120,60.0,1622.55,1,1,0,1,1
4005,25338,4,TCP,0.001,2,120,60.0,1597.22,1,1,0,1,1
2040,25339,4,TCP,0.001,2,120,60.0,1580.07,1,1,0,1,1
10778,25340,4,TCP,0.001,2,120,60.0,1566.79,1,1,0,1,1
65389,25341,4,TCP,0.001,2,120,60.0,1387.23,1,1,0,1,1
1761,25342,4,TCP,0.001,2,120,60.0,1406.07,1,1,0,1,1
2161,25343,4,TCP,0.001,2,120,60.0,1356.28,1,1,0,1,1
3546,25344,4,TCP,0.002,2,120,60.0,1327.52,1,1,0,1,1
8088,25345,4,TCP,0.002,2,120,60.0,1331.53,1,1,0,1,1
5850,25346,4,TCP,0.001,2,120,60.0,1374.51,1,1,0,1,1
84,25347,4,TCP,0.001,2,120,60.0,1722.86,1,1,0,1,1
1244,25348,4,TCP,0.001,2,120,60.0,1752.37,1,1,0,1,1
1114,25349,4,TCP,0.001,2,120,60.0,2369.66,1,1,0,1,1
7000,25350,4,TCP,0.001,2,120,60.0,2686.93,1,1,0,1,1
6007,25351,4,TCP,0.001,2,120,60.0,2650.43,1,1,0,1,1
1687,25352,4,TCP,0.001,2,120,60.0,3311.73,1,1,0,1,1
13783,25353,4,TCP,0.001,2,120,60.0,1722.86,1,1,0,1,1
9009,25354,4,TCP,0.001,1,66,66.0,1000.0,1,0,0,0,1
10009,25355,4,TCP,0.001,1,66,66.0,1000.0,1,0,0,0,1
2401,25356,4,TCP,0.001,1,66,66.0,1000.0,1,0,0,0,1
2111,25357,4,TCP,0.001,1,66,66.0,1000.0,1,0,0,0,1
10243,25358,4,TCP,0.001,1,66,66.0,1000.0,1,0,0,0,1
1023,25359,4,TCP,0.001,1,66,66.0,1000.0,1,0,0,0,1
666,25360,4,TCP,0.001,1,66,66.0,1000.0,1,0,0,0,1
21571,26081,4,TCP,0.001,1,66,66.0,1000.0,1,0,0,0,1
1025,26290,4,TCP,0.038,2,120,60.0,52.54,1,1,0,1,1
5900,26291,4,TCP,0.001,2,120,60.0,2548.95,1,1,0,1,1
554,26292,4,TCP,0.001,2,120,60.0,2167.04,1,1,0,1,1
22,26293,4,TCP,0.003,4,252,63.0,1436.41,2,3,0,1,1
143,26294,4,TCP,0.002,2,120,60.0,1065.08,1,1,0,1,1
25,26295,4,TCP,0.002,2,120,60.0,1057.97,1,1,0,1,1
3389,26296,4,TCP,0.002,2,120,60.0,1047.14,1,1,0,1,1
8080,26297,4,TCP,0.002,2,120,60.0,1027.64,1,1,0,1,1
111,26298,4,TCP,0.002,2,120,60.0,1020.26,1,1,0,1,1
139,26299,4,TCP,0.002,2,120,60.0,1001.39,1,1,0,1,1
113,26300,4,TCP,0.009,2,120,60.0,221.39,1,1,0,1,1
80,26301,4,TCP,0.009,2,120,60.0,223.24,1,1,0,1,1
110,26302,4,TCP,0.009,2,120,60.0,223.31,1,1,0,1,1
8888,26303,4,TCP,0.009,2,120,60.0,222.99,1,1,0,1,1
445,26304,4,TCP,0.002,2,120,60.0,1206.3,1,1,0,1,1
53,26305,4,TCP,0.002,2,120,60.0,1307.25,1,1,0,1,1
1720,26306,4,TCP,0.002,2,120,60.0,1321.46,1,1,0,1,1
587,26307,4,TCP,0.001,2,120,60.0,1370.24,1,1,0,1,1
443,26308,4,TCP,0.005,2,120,60.0,405.95,1,1,0,1,1
995,26309,4,TCP,0.005,2,120,60.0,404.48,1,1,0,1,1
3306,26310,4,TCP,0.005,2,120,60.0,402.02,1,1,0,1,1
256,26311,4,TCP,0.005,2,120,60.0,401.39,1,1,0,1,1
23,26312,4,TCP,0.005,2,120,60.0,406.9,1,1,0,1,1
1723,26313,4,TCP,0.001,2,120,60.0,1918.27,1,1,0,1,1
199,26314,4,TCP,0.003,2,120,60.0,785.97,1,1,0,1,1
135,26315,4,TCP,0.002,2,120,60.0,818.48,1,1,0,1,1
21,26316,4,TCP,0.002,2,120,60.0,878.66,1,1,0,1,1
993,26317,4,TCP,0.002,2,120,60.0,930.72,1,1,0,1,1
61900,26318,4,TCP,0.002,2,120,60.0,961.78,1,1,0,1,1
5560,26319,4,TCP,0.002,2,120,60.0,982.62,1,1,0,1,1
7778,26320,4,TCP,0.002,2,120,60.0,1116.25,1,1,0,1,1
8899,26321,4,TCP,0.001,2,120,60.0,1634.57,1,1,0,1,1
3283,26322,4,TCP,0.001,2,120,60.0,2299.51,1,1,0,1,1
1083,26323,4,TCP,0.001,2,120,60.0,2289.47,1,1,0,1,1
2048,26324,4,TCP,0.001,2,120,60.0,2045.5,1,1,0,1,1
3006,26325,4,TCP,0.001,2,120,60.0,1427.61,1,1,0,1,1
32773,26326,4,TCP,0.002,2,120,60.0,1129.63,1,1,0,1,1
6565,26327,4,TCP,0.002,2,120,60.0,1117.59,1,1,0,1,1
179,26328,4,TCP,0.002,2,120,60.0,1108.14,1,1,0,1,1
1352,26329,4,TCP,0.002,2,120,60.0,1086.33,1,1,0,1,1
912,26330,4,TCP,0.002,2,120,60.0,1069.43,1,1,0,1,1
6666,26331,4,TCP,0.002,2,120,60.0,1066.03,1,1,0,1,1
2301,26332,4,TCP,0.002,2,120,60.0,1096.12,1,1,0,1,1
4126,26333,4,TCP,0.002,2,120,60.0,1143.49,1,1,0,1,1
19315,26334,4,TCP,0.002,2,120,60.0,864.98,1,1,0,1,1
30718,26335,4,TCP,0.002,2,120,60.0,864.36,1,1,0,1,1
1322,26336,4,TCP,0.002,2,120,60.0,870.46,1,1,0,1,1
5030,26337,4,TCP,0.002,2,120,60.0,893.93,1,1,0,1,1
1112,26338,4,TCP,0.002,2,120,60.0,899.97,1,1,0,1,1
42,26339,4,TCP,0.002,2,120,60.0,884.22,1,1,0,1,1
3071,26340,4,TCP,0.002,2,120,60.0,901.81,1,1,0,1,1
631,26341,4,TCP,0.002,2,120,60.0,992.38,1,1,0,1,1
2809,26342,4,TCP,0.002,2,120,60.0,1021.38,1,1,0,1,1
800,26343,4,TCP,0.002,2,120,60.0,852.41,1,1,0,1,1
6881,26344,4,TCP,0.002,2,120,60.0,847.16,1,1,0,1,1
17,26345,4,TCP,0.002,2,120,60.0,851.03,1,1,0,1,1
49156,26346,4,TCP,0.002,2,120,60.0,825.41,1,1,0,1,1
1259,26347,4,TCP,0.002,2,120,60.0,812.06,1,1,0,1,1
15004,26348,4,TCP,0.002,2,120,60.0,816.25,1,1,0,1,1
3031,26349,4,TCP,0.002,2,120,60.0,802.35,1,1,0,1,1
5432,26350,4,TCP,0.002,2,120,60.0,942.75,1,1,0,1,1
4002,26351,4,TCP,0.002,2,120,60.0,933.42,1,1,0,1,1
9595,26352,4,TCP,0.002,2,120,60.0,918.59,1,1,0,1,1
5988,26353,4,TCP,0.002,2,120,60.0,879.59,1,1,0,1,1
31038,26354,4,TCP,0.002,2,120,60.0,898.14,1,1,0,1,1
32771,26355,4,TCP,0.002,2,120,60.0,889.94,1,1,0,1,1
1417,26356,4,TCP,0.002,2,120,60.0,922.23,1,1,0,1,1
1067,26357,4,TCP,0.001,1,66,66.0,1000.0,1,0,0,0,1
35500,26902,4,TCP,0.001,1,66,66.0,1000.0,1,0,0,0,1
445,27292,4,TCP,0.052,2,120,60.0,38.49,1,1,0,1,1
5900,27293,4,TCP,0.002,2,120,60.0,1274.28,1,1,0,1,1
3389,27294,4,TCP,0.001,2,120,60.0,1736.41,1,1,0,1,1
25,27295,4,TCP,0.001,2,120,60.0,2010.69,1,1,0,1,1
8888,27296,4,TCP,0.001,2,120,60.0,2141.59,1,1,0,1,1
80,27297,4,TCP,0.006,2,120,60.0,310.87,1,1,0,1,1
1720,27298,4,TCP,0.006,2,120,60.0,307.86,1,1,0,1,1
111,27299,4,TCP,0.007,2,120,60.0,303.26,1,1,0,1,1
22,27300,4,TCP,0.013,4,252,63.0,297.43,2,3,0,1,1
554,27301,4,TCP,0.003,2,120,60.0,792.57,1,1,0,1,1
443,27302,4,TCP,0.002,2,120,60.0,826.95,1,1,0,1,1
143,27303,4,TCP,0.002,2,120,60.0,828.1,1,1,0,1,1
995,27304,4,TCP,0.002,2,120,60.0,807.76,1,1,0,1,1
1723,27305,4,TCP,0.002,2,120,60.0,969.67,1,1,0,1,1
53,27306,4,TCP,0.003,2,120,60.0,580.93,1,1,0,1,1
23,27307,4,TCP,0.003,2,120,60.0,573.15,1,1,0,1,1
8080,27308,4,TCP,0.004,2,120,60.0,568.64,1,1,0,1,1
993,27309,4,TCP,0.004,2,120,60.0,560.44,1,1,0,1,1
139,27310,4,TCP,0.004,2,120,60.0,558.27,1,1,0,1,1
3306,27311,4,TCP,0.004,2,120,60.0,568.76,1,1,0,1,1
110,27312,4,TCP,0.002,2,120,60.0,1134.98,1,1,0,1,1
587,27313,4,TCP,0.002,2,120,60.0,1244.05,1,1,0,1,1
256,27314,4,TCP,0.002,2,120,60.0,1177.51,1,1,0,1,1
1025,27315,4,TCP,0.002,2,120,60.0,1218.21,1,1,0,1,1
199,27316,4,TCP,0.002,2,120,60.0,1253.9,1,1,0,1,1
113,27317,4,TCP,0.001,2,120,60.0,1335.34,1,1,0,1,1
21,27318,4,TCP,0.001,2,120,60.0,1470.65,1,1,0,1,1
135,27319,4,TCP,0.002,2,120,60.0,957.28,1,1,0,1,1
2910,27320,4,TCP,0.002,2,120,60.0,943.39,1,1,0,1,1
1352,27321,4,TCP,0.003,2,120,60.0,596.46,1,1,0,1,1
3404,27322,4,TCP,0.003,2,120,60.0,576.66,1,1,0,1,1
1097,27323,4,TCP,0.003,2,120,60.0,603.97,1,1,0,1,1
8383,27324,4,TCP,0.003,2,120,60.0,615.99,1,1,0,1,1
31337,27325,4,TCP,0.003,2,120,60.0,626.81,1,1,0,1,1
3128,27326,4,TCP,0.003,2,120,60.0,615.14,1,1,0,1,1
2179,27327,4,TCP,0.002,2,120,60.0,982.27,1,1,0,1,1
1700,27328,4,TCP,0.002,2,120,60.0,1038.71,1,1,0,1,1
1060,27329,4,TCP,0.002,2,120,60.0,878.02,1,1,0,1,1
7921,27330,4,TCP,0.002,2,120,60.0,875.45,1,1,0,1,1
5298,27331,4,TCP,0.002,2,120,60.0,893.07,1,1,0,1,1
722,27332,4,TCP,0.002,2,120,60.0,897.37,1,1,0,1,1
32771,27333,4,TCP,0.002,2,120,60.0,952.39,1,1,0,1,1
3261,27334,4,TCP,0.002,2,120,60.0,987.48,1,1,0,1,1
61532,27335,4,TCP,0.001,2,120,60.0,1452.57,1,1,0,1,1
2381,27336,4,TCP,0.001,2,120,60.0,1442.08,1,1,0,1,1
2010,27337,4,TCP,0.001,2,120,60.0,1546.0,1,1,0,1,1
1594,27338,4,TCP,0.001,2,120,60.0,1822.42,1,1,0,1,1
9040,27339,4,TCP,0.001,2,120,60.0,1869.12,1,1,0,1,1
1027,27340,4,TCP,0.001,2,120,60.0,1898.73,1,1,0,1,1
4005,27341,4,TCP,0.001,2,120,60.0,1884.66,1,1,0,1,1
3827,27342,4,TCP,0.001,2,120,60.0,1621.93,1,1,0,1,1
3052,27343,4,TCP,0.001,2,120,60.0,1622.87,1,1,0,1,1
8021,27344,4,TCP,0.001,2,120,60.0,1624.44,1,1,0,1,1
3703,27345,4,TCP,0.001,2,120,60.0,1662.43,1,1,0,1,1
1096,27346,4,TCP,0.001,2,120,60.0,1693.3,1,1,0,1,1
6002,27347,4,TCP,0.001,2,120,60.0,1691.93,1,1,0,1,1
1717,27348,4,TCP,0.001,2,120,60.0,1557.19,1,1,0,1,1
1248,27349,4,TCP,0.001,2,120,60.0,1612.88,1,1,0,1,1
417,27350,4,TCP,0.001,2,120,60.0,1609.17,1,1,0,1,1
1805,27351,4,TCP,0.001,2,120,60.0,1717.22,1,1,0,1,1
5915,27352,4,TCP,0.001,2,120,60.0,1762.68,1,1,0,1,1
15660,27353,4,TCP,0.001,2,120,60.0,1715.46,1,1,0,1,1
6510,27354,4,TCP,0.001,2,120,60.0,1635.84,1,1,0,1,1
9,27355,4,TCP,0.001,2,120,60.0,1601.49,1,1,0,1,1
5986,27356,4,TCP,0.001,2,120,60.0,1527.42,1,1,0,1,1
1311,27357,4,TCP,0.001,2,120,60.0,1527.15,1,1,0,1,1
2013,27358,4,TCP,0.001,1,66,66.0,1000.0,1,0,0,0,1
465,27359,4,TCP,0.001,1,66,66.0,1000.0,1,0,0,0,1
1092,27360,4,TCP,0.001,1,66,66.0,1000.0,1,0,0,0,1
1033,27918,4,TCP,0.001,1,66,66.0,1000.0,1,0,0,0,1
3389,28292,4,TCP,0.041,2,120,60.0,48.43,1,1,0,1,1
139,28293,4,TCP,0.004,2,120,60.0,566.95,1,1,0,1,1
1720,28294,4,TCP,0.001,2,120,60.0,2173.78,1,1,0,1,1
554,28295,4,TCP,0.001,2,120,60.0,2220.97,1,1,0,1,1
23,28296,4,TCP,0.001,2,120,60.0,1847.71,1,1,0,1,1
995,28297,4,TCP,0.001,2,120,60.0,1929.75,1,1,0,1,1
111,28298,4,TCP,0.001,2,120,60.0,1996.34,1,1,0,1,1
1723,28299,4,TCP,0.001,2,120,60.0,2037.55,1,1,0,1,1
256,28300,4,TCP,0.001,2,120,60.0,2057.04,1,1,0,1,1
53,28301,4,TCP,0.001,2,120,60.0,2057.54,1,1,0,1,1
199,28302,4,TCP,0.001,2,120,60.0,2068.71,1,1,0,1,1
22,28303,4,TCP,0.007,4,252,63.0,600.3,2,3,0,1,1
3306,28304,4,TCP,0.001,2,120,60.0,1423.25,1,1,0,1,1
135,28305,4,TCP,0.001,2,120,60.0,1443.08,1,1,0,1,1
8888,28306,4,TCP,0.001,2,120,60.0,1444.57,1,1,0,1,1
80,28307,4,TCP,0.001,2,120,60.0,1394.15,1,1,0,1,1
8080,28308,4,TCP,0.002,2,120,60.0,1213.1,1,1,0,1,1
110,28309,4,TCP,0.002,2,120,60.0,1141.46,1,1,0,1,1
21,28310,4,TCP,0.002,2,120,60.0,1112.25,1,1,0,1,1
445,28311,4,TCP,0.001,2,120,60.0,1450.56,1,1,0,1,1
587,28312,4,TCP,0.001,2,120,60.0,1680.75,1,1,0,1,1
993,28313,4,TCP,0.001,2,120,60.0,1830.77,1,1,0,1,1
25,28314,4,TCP,0.001,2,120,60.0,1944.06,1,1,0,1,1
113,28315,4,TCP,0.001,2,120,60.0,1980.78,1,1,0,1,1
143,28316,4,TCP,0.001,2,120,60.0,2016.01,1,1,0,1,1
1025,28317,4,TCP,0.001,2,120,60.0,2039.54,1,1,0,1,1
5900,28318,4,TCP,0.001,2,120,60.0,1808.67,1,1,0,1,1
443,28319,4,TCP,0.001,2,120,60.0,1792.82,1,1,0,1,1
3260,28320,4,TCP,0.001,2,120,60.0,1942.71,1,1,0,1,1
8093,28321,4,TCP,0.001,2,120,60.0,2016.01,1,1,0,1,1
1082,28322,4,TCP,0.001,2,120,60.0,2060.58,1,1,0,1,1
1051,28323,4,TCP,0.001,2,120,60.0,2059.56,1,1,0,1,1
1024,28324,4,TCP,0.003,2,120,60.0,742.49,1,1,0,1,1
20222,28325,4,TCP,0.003,2,120,60.0,761.98,1,1,0,1,1
1154,28326,4,TCP,0.002,2,120,60.0,1185.67,1,1,0,1,1
2048,28327,4,TCP,0.002,2,120,60.0,1271.58,1,1,0,1,1
27356,28328,4,TCP,0.002,2,120,60.0,1299.95,1,1,0,1,1
8083,28329,4,TCP,0.002,2,120,60.0,1285.02,1,1,0,1,1
35500,28330,4,TCP,0.002,2,120,60.0,1296.54,1,1,0,1,1
4001,28331,4,TCP,0.002,2,120,60.0,1326.89,1,1,0,1,1
1088,28332,4,TCP,0.001,2,120,60.0,1430.04,1,1,0,1,1
1049,28333,4,TCP,0.001,2,120,60.0,1482.09,1,1,0,1,1
1067,28334,4,TCP,0.001,2,120,60.0,1529.65,1,1,0,1,1
1061,28335,4,TCP,0.001,2,120,60.0,1449.81,1,1,0,1,1
32781,28336,4,TCP,0.001,2,120,60.0,1491.57,1,1,0,1,1
280,28337,4,TCP,0.001,2,120,60.0,1513.37,1,1,0,1,1
34573,28338,4,TCP,0.001,2,120,60.0,1551.72,1,1,0,1,1
3269,28339,4,TCP,0.001,2,120,60.0,1542.31,1,1,0,1,1
2260,28340,4,TCP,0.005,2,120,60.0,393.33,1,1,0,1,1
30718,28341,4,TCP,0.005,2,120,60.0,403.92,1,1,0,1,1
2033,28342,4,TCP,0.005,2,120,60.0,409.16,1,1,0,1,1
1533,28343,4,TCP,0.003,2,120,60.0,677.27,1,1,0,1,1
2967,28344,4,TCP,0.003,2,120,60.0,716.73,1,1,0,1,1
1112,28345,4,TCP,0.002,2,120,60.0,945.83,1,1,0,1,1
55555,28346,4,TCP,0.002,2,120,60.0,946.15,1,1,0,1,1
406,28347,4,TCP,0.002,2,120,60.0,985.97,1,1,0,1,1
10617,28348,4,TCP,0.002,2,120,60.0,1089.01,1,1,0,1,1
5405,28349,4,TCP,0.002,2,120,60.0,1059.57,1,1,0,1,1
1086,28350,4,TCP,0.002,2,120,60.0,1057.83,1,1,0,1,1
20828,28351,4,TCP,0.002,2,120,60.0,1073.95,1,1,0,1,1
3784,28352,4,TCP,0.002,2,120,60.0,1117.44,1,1,0,1,1
1783,28353,4,TCP,0.002,2,120,60.0,1230.18,1,1,0,1,1
1174,28354,4,TCP,0.002,2,120,60.0,1256.91,1,1,0,1,1
19315,28355,4,TCP,0.002,2,120,60.0,1263.53,1,1,0,1,1
8087,28356,4,TCP,0.002,2,120,60.0,1323.33,1,1,0,1,1
30000,28357,4,TCP,0.001,1,66,66.0,1000.0,1,0,0,0,1
1057,28358,4,TCP,0.001,1,66,66.0,1000.0,1,0,0,0,1
163,28359,4,TCP,0.001,1,66,66.0,1000.0,1,0,0,0,1
3945,28360,4,TCP,0.001,1,66,66.0,1000.0,1,0,0,0,1
3324,28361,4,TCP,0.001,1,66,66.0,1000.0,1,0,0,0,1
1875,28817,4,TCP,0.001,1,66,66.0,1000.0,1,0,0,0,1
8222,29265,4,TCP,0.001,1,66,66.0,1000.0,1,0,0,0,1
53,29292,4,TCP,0.032,2,120,60.0,63.04,1,1,0,1,1
8080,29293,4,TCP,0.001,2,120,60.0,2728.89,1,1,0,1,1
23,29294,4,TCP,0.001,2,120,60.0,3207.88,1,1,0,1,1
135,29295,4,TCP,0.001,2,120,60.0,3594.09,1,1,0,1,1
445,29296,4,TCP,0.002,2,120,60.0,1246.26,1,1,0,1,1
1723,29297,4,TCP,0.002,2,120,60.0,1233.44,1,1,0,1,1
1025,29298,4,TCP,0.002,2,120,60.0,1251.66,1,1,0,1,1
111,29299,4,TCP,0.002,2,120,60.0,1212.4,1,1,0,1,1
3389,29300,4,TCP,0.002,2,120,60.0,1231.99,1,1,0,1,1
110,29301,4,TCP,0.002,2,120,60.0,1235.98,1,1,0,1,1
443,29302,4,TCP,0.002,2,120,60.0,1280.51,1,1,0,1,1
21,29303,4,TCP,0.001,2,120,60.0,1435.18,1,1,0,1,1
993,29304,4,TCP,0.006,2,120,60.0,336.88,1,1,0,1,1
143,29305,4,TCP,0.001,2,120,60.0,1427.61,1,1,0,1,1
1720,29306,4,TCP,0.001,2,120,60.0,1508.2,1,1,0,1,1
139,29307,4,TCP,0.001,2,120,60.0,1526.03,1,1,0,1,1
80,29308,4,TCP,0.001,2,120,60.0,1537.5,1,1,0,1,1
25,29309,4,TCP,0.001,2,120,60.0,1561.54,1,1,0,1,1
199,29310,4,TCP,0.001,2,120,60.0,1584.25,1,1,0,1,1
5900,29311,4,TCP,0.001,2,120,60.0,1512.82,1,1,0,1,1
22,29312,4,TCP,0.009,4,252,63.0,469.17,2,3,0,1,1
113,29313,4,TCP,0.001,2,120,60.0,1605.78,1,1,0,1,1
256,29314,4,TCP,0.001,2,120,60.0,1586.05,1,1,0,1,1
3306,29315,4,TCP,0.001,2,120,60.0,1568.84,1,1,0,1,1
554,29316,4,TCP,0.001,2,120,60.0,1542.59,1,1,0,1,1
587,29317,4,TCP,0.001,2,120,60.0,1737.49,1,1,0,1,1
8888,29318,4,TCP,0.001,2,120,60.0,1779.51,1,1,0,1,1
995,29319,4,TCP,0.005,2,120,60.0,388.33,1,1,0,1,1
2020,29320,4,TCP,0.005,2,120,60.0,384.87,1,1,0,1,1
37,29321,4,TCP,0.005,2,120,60.0,394.41,1,1,0,1,1
668,29322,4,TCP,0.005,2,120,60.0,416.49,1,1,0,1,1
49160,29323,4,TCP,0.001,2,120,60.0,1632.98,1,1,0,1,1
1045,29324,4,TCP,0.001,2,120,60.0,1748.72,1,1,0,1,1
9207,29325,4,TCP,0.001,2,120,60.0,1790.91,1,1,0,1,1
30718,29326,4,TCP,0.001,2,120,60.0,1743.27,1,1,0,1,1
49153,29327,4,TCP,0.001,2,120,60.0,1769.38,1,1,0,1,1
4005,29328,4,TCP,0.001,2,120,60.0,1845.68,1,1,0,1,1
1043,29329,4,TCP,0.001,2,120,60.0,1891.46,1,1,0,1,1
1183,29330,4,TCP,0.001,2,120,60.0,1938.22,1,1,0,1,1
1027,29331,4,TCP,0.001,2,120,60.0,1963.17,1,1,0,1,1
7443,29332,4,TCP,0.001,2,120,60.0,1871.2,1,1,0,1,1
416,29333,4,TCP,0.001,2,120,60.0,1732.47,1,1,0,1,1
1658,29334,4,TCP,0.001,2,120,60.0,1751.64,1,1,0,1,1
9200,29335,4,TCP,0.001,2,120,60.0,1772.37,1,1,0,1,1
2492,29336,4,TCP,0.001,2,120,60.0,1731.04,1,1,0,1,1
9081,29337,4,TCP,0.001,2,120,60.0,1668.38,1,1,0,1,1
2105,29338,4,TCP,0.001,2,120,60.0,1624.44,1,1,0,1,1
2045,29339,4,TCP,0.001,2,120,60.0,1627.59,1,1,0,1,1
5566,29340,4,TCP,0.001,2,120,60.0,1630.76,1,1,0,1,1
7106,29341,4,TCP,0.002,2,120,60.0,1202.84,1,1,0,1,1
49176,29342,4,TCP,0.002,2,120,60.0,1214.86,1,1,0,1,1
5907,29343,4,TCP,0.001,2,120,60.0,1569.72,1,1,0,1,1
57797,29344,4,TCP,0.001,2,120,60.0,1632.66,1,1,0,1,1
28201,29345,4,TCP,0.001,2,120,60.0,1652.28,1,1,0,1,1
32773,29346,4,TCP,0.001,2,120,60.0,1670.04,1,1,0,1,1
900,29347,4,TCP,0.001,2,120,60.0,1786.71,1,1,0,1,1
3052,29348,4,TCP,0.001,2,120,60.0,1863.72,1,1,0,1,1
1007,29349,4,TCP,0.001,2,120,60.0,1963.17,1,1,0,1,1
1047,29350,4,TCP,0.001,2,120,60.0,1981.25,1,1,0,1,1
2725,29351,4,TCP,0.001,2,120,60.0,1978.45,1,1,0,1,1
1971,29352,4,TCP,0.001,2,120,60.0,1945.41,1,1,0,1,1
34572,29353,4,TCP,0.001,2,120,60.0,1935.98,1,1,0,1,1
990,29354,4,TCP,0.001,2,120,60.0,2040.53,1,1,0,1,1
2251,29355,4,TCP,0.001,2,120,60.0,2090.36,1,1,0,1,1
9,29356,4,TCP,0.001,1,66,66.0,1000.0,1,0,0,0,1
16993,29357,4,TCP,0.001,1,66,66.0,1000.0,1,0,0,0,1
1583,29358,4,TCP,0.001,1,66,66.0,1000.0,1,0,0,0,1
1600,29359,4,TCP,0.001,1,66,66.0,1000.0,1,0,0,0,1
3211,29360,4,TCP,0.001,1,66,66.0,1000.0,1,0,0,0,1
2260,29361,4,TCP,0.001,1,66,66.0,1000.0,1,0,0,0,1
4000,29362,4,TCP,0.001,1,66,66.0,1000.0,1,0,0,0,1
54045,29955,4,TCP,0.001,1,66,66.0,1000.0,1,0,0,0,1
22,30293,4,TCP,0.049,4,252,63.0,82.24,2,3,0,1,1
110,30294,4,TCP,0.012,2,120,60.0,172.25,1,1,0,1,1
53,30295,4,TCP,0.001,2,120,60.0,2559.84,1,1,0,1,1
3389,30296,4,TCP,0.001,2,120,60.0,2670.68,1,1,0,1,1
443,30297,4,TCP,0.001,2,120,60.0,2699.04,1,1,0,1,1
25,30298,4,TCP,0.001,2,120,60.0,1634.89,1,1,0,1,1
8080,30299,4,TCP,0.001,2,120,60.0,1646.76,1,1,0,1,1
5900,30300,4,TCP,0.001,2,120,60.0,1648.06,1,1,0,1,1
587,30301,4,TCP,0.001,2,120,60.0,1922.67,1,1,0,1,1
8888,30302,4,TCP,0.001,2,120,60.0,2044.51,1,1,0,1,1
139,30303,4,TCP,0.001,2,120,60.0,2510.06,1,1,0,1,1
1723,30304,4,TCP,0.001,2,120,60.0,1461.68,1,1,0,1,1
445,30305,4,TCP,0.001,2,120,60.0,1448.81,1,1,0,1,1
995,30306,4,TCP,0.001,2,120,60.0,1420.83,1,1,0,1,1
256,30307,4,TCP,0.001,2,120,60.0,1420.11,1,1,0,1,1
135,30308,4,TCP,0.006,2,120,60.0,316.34,1,1,0,1,1
993,30309,4,TCP,0.006,2,120,60.0,314.25,1,1,0,1,1
1720,30310,4,TCP,0.006,2,120,60.0,313.9,1,1,0,1,1
1025,30311,4,TCP,0.006,2,120,60.0,315.52,1,1,0,1,1
199,30312,4,TCP,0.002,2,120,60.0,1110.78,1,1,0,1,1
80,30313,4,TCP,0.002,2,120,60.0,1114.77,1,1,0,1,1
23,30314,4,TCP,0.002,2,120,60.0,1162.02,1,1,0,1,1
111,30315,4,TCP,0.001,2,120,60.0,1387.01,1,1,0,1,1
143,30316,4,TCP,0.001,2,120,60.0,1423.73,1,1,0,1,1
21,30317,4,TCP,0.001,2,120,60.0,1418.19,1,1,0,1,1
113,30318,4,TCP,0.001,2,120,60.0,1387.01,1,1,0,1,1
3306,30319,4,TCP,0.001,2,120,60.0,1561.54,1,1,0,1,1
554,30320,4,TCP,0.001,2,120,60.0,1462.96,1,1,0,1,1
14441,30321,4,TCP,0.001,2,120,60.0,1474.79,1,1,0,1,1
1028,30322,4,TCP,0.001,2,120,60.0,1572.67,1,1,0,1,1
6129,30323,4,TCP,0.001,2,120,60.0,1674.04,1,1,0,1,1
9594,30324,4,TCP,0.002,2,120,60.0,1328.15,1,1,0,1,1
1187,30325,4,TCP,0.002,2,120,60.0,1298.95,1,1,0,1,1
1183,30326,4,TCP,0.002,2,120,60.0,1299.15,1,1,0,1,1
109,30327,4,TCP,0.002,2,120,60.0,1263.34,1,1,0,1,1
1000,30328,4,TCP,0.002,2,120,60.0,1045.7,1,1,0,1,1
555,30329,4,TCP,0.002,2,120,60.0,1131.15,1,1,0,1,1
2103,30330,4,TCP,0.002,2,120,60.0,1225.15,1,1,0,1,1
1718,30331,4,TCP,0.002,2,120,60.0,1289.76,1,1,0,1,1
9418,30332,4,TCP,0.001,2,120,60.0,1343.9,1,1,0,1,1
1864,30333,4,TCP,0.001,2,120,60.0,1493.7,1,1,0,1,1
9877,30334,4,TCP,0.001,2,120,60.0,1658.16,1,1,0,1,1
1075,30335,4,TCP,0.003,2,120,60.0,683.84,1,1,0,1,1
8180,30336,4,TCP,0.003,2,120,60.0,664.08,1,1,0,1,1
2020,30337,4,TCP,0.003,2,120,60.0,672.06,1,1,0,1,1
32778,30338,4,TCP,0.003,2,120,60.0,707.06,1,1,0,1,1
3283,30339,4,TCP,0.003,2,120,60.0,741.7,1,1,0,1,1
6003,30340,4,TCP,0.003,2,120,60.0,774.36,1,1,0,1,1
1035,30341,4,TCP,0.002,2,120,60.0,830.8,1,1,0,1,1
23502,30342,4,TCP,0.002,2,120,60.0,893.26,1,1,0,1,1
4125,30343,4,TCP,0.002,2,120,60.0,1089.01,1,1,0,1,1
7512,30344,4,TCP,0.002,2,120,60.0,1174.71,1,1,0,1,1
18040,30345,4,TCP,0.002,2,120,60.0,1156.89,1,1,0,1,1
50006,30346,4,TCP,0.002,2,120,60.0,1145.67,1,1,0,1,1
1218,30347,4,TCP,0.002,2,120,60.0,1142.55,1,1,0,1,1
10003,30348,4,TCP,0.002,2,120,60.0,1146.92,1,1,0,1,1
458,30349,4,TCP,0.002,2,120,60.0,1158.65,1,1,0,1,1
2196,30350,4,TCP,0.001,2,120,60.0,1533.57,1,1,0,1,1
5666,30351,4,TCP,0.001,2,120,60.0,1492.1,1,1,0,1,1
2710,30352,4,TCP,0.002,2,120,60.0,1306.03,1,1,0,1,1
49153,30353,4,TCP,0.002,2,120,60.0,1278.56,1,1,0,1,1
10002,30354,4,TCP,0.002,2,120,60.0,1274.28,1,1,0,1,1
3168,30355,4,TCP,0.002,2,120,60.0,1262.58,1,1,0,1,1
70,30356,4,TCP,0.002,2,120,60.0,1235.8,1,1,0,1,1
3269,30357,4,TCP,0.002,2,120,60.0,1207.86,1,1,0,1,1
2049,30358,4,TCP,0.002,2,120,60.0,1227.66,1,1,0,1,1
15002,30359,4,TCP,0.001,1,66,66.0,1000.0,1,0,0,0,1
1126,30360,4,TCP,0.001,1,66,66.0,1000.0,1,0,0,0,1
2366,30361,4,TCP,0.001,1,66,66.0,1000.0,1,0,0,0,1
2035,30847,4,TCP,0.001,1,66,66.0,1000.0,1,0,0,0,1
4848,31231,4,TCP,0.001,1,66,66.0,1000.0,1,0,0,0,1
135,31293,4,TCP,0.031,2,120,60.0,64.44,1,1,0,1,1
1025,31294,4,TCP,0.001,2,120,60.0,2332.11,1,1,0,1,1
3389,31295,4,TCP,0.001,2,120,60.0,2267.19,1,1,0,1,1
554,31296,4,TCP,0.001,2,120,60.0,2240.55,1,1,0,1,1
21,31297,4,TCP,0.001,2,120,60.0,2397.43,1,1,0,1,1
1723,31298,4,TCP,0.004,2,120,60.0,489.59,1,1,0,1,1
80,31299,4,TCP,0.004,2,120,60.0,487.94,1,1,0,1,1
445,31300,4,TCP,0.004,2,120,60.0,487.57,1,1,0,1,1
23,31301,4,TCP,0.004,2,120,60.0,485.56,1,1,0,1,1
443,31302,4,TCP,0.004,2,120,60.0,484.33,1,1,0,1,1
993,31303,4,TCP,0.004,2,120,60.0,478.53,1,1,0,1,1
199,31304,4,TCP,0.004,2,120,60.0,468.48,1,1,0,1,1
143,31305,4,TCP,0.001,2,120,60.0,1508.74,1,1,0,1,1
8888,31306,4,TCP,0.001,2,120,60.0,1644.83,1,1,0,1,1
1720,31307,4,TCP,0.001,2,120,60.0,1650.33,1,1,0,1,1
587,31308,4,TCP,0.001,2,120,60.0,1657.17,1,1,0,1,1
139,31309,4,TCP,0.001,2,120,60.0,1658.48,1,1,0,1,1
25,31310,4,TCP,0.001,2,120,60.0,1675.71,1,1,0,1,1
53,31311,4,TCP,0.001,2,120,60.0,1609.17,1,1,0,1,1
256,31312,4,TCP,0.001,2,120,60.0,1508.74,1,1,0,1,1
22,31313,4,TCP,0.007,4,252,63.0,610.3,2,3,0,1,1
8080,31314,4,TCP,0.001,2,120,60.0,1384.03,1,1,0,1,1
113,31315,4,TCP,0.001,2,120,60.0,1384.94,1,1,0,1,1
111,31316,4,TCP,0.001,2,120,60.0,1423.49,1,1,0,1,1
995,31317,4,TCP,0.001,2,120,60.0,1444.82,1,1,0,1,1
3306,31318,4,TCP,0.001,2,120,60.0,1452.32,1,1,0,1,1
5900,31319,4,TCP,0.001,2,120,60.0,1432.73,1,1,0,1,1
110,31320,4,TCP,0.001,2,120,60.0,1468.59,1,1,0,1,1
119,31321,4,TCP,0.001,2,120,60.0,1493.17,1,1,0,1,1
49163,31322,4,TCP,0.003,2,120,60.0,600.77,1,1,0,1,1
1021,31323,4,TCP,0.001,2,120,60.0,1800.13,1,1,0,1,1
1862,31324,4,TCP,0.001,2,120,60.0,1959.96,1,1,0,1,1
84,31325,4,TCP,0.001,2,120,60.0,1972.86,1,1,0,1,1
3390,31326,4,TCP,0.001,2,120,60.0,2049.5,1,1,0,1,1
7007,31327,4,TCP,0.001,2,120,60.0,1944.96,1,1,0,1,1
765,31328,4,TCP,0.001,2,120,60.0,1614.13,1,1,0,1,1
255,31329,4,TCP,0.001,2,120,60.0,1469.88,1,1,0,1,1
1112,31330,4,TCP,0.001,2,120,60.0,1494.76,1,1,0,1,1
1119,31331,4,TCP,0.001,2,120,60.0,1530.49,1,1,0,1,1
902,31332,4,TCP,0.001,2,120,60.0,1573.26,1,1,0,1,1
1051,31333,4,TCP,0.001,2,120,60.0,1608.86,1,1,0,1,1
32782,31334,4,TCP,0.001,2,120,60.0,1715.46,1,1,0,1,1
64623,31335,4,TCP,0.002,2,120,60.0,1206.3,1,1,0,1,1
1839,31336,4,TCP,0.002,2,120,60.0,1166.87,1,1,0,1,1
3325,31337,4,TCP,0.002,2,120,60.0,1136.36,1,1,0,1,1
32776,31338,4,TCP,0.002,2,120,60.0,1106.38,1,1,0,1,1
2605,31339,4,TCP,0.002,2,120,60.0,1174.55,1,1,0,1,1
1061,31340,4,TCP,0.002,2,120,60.0,1202.32,1,1,0,1,1
555,31341,4,TCP,0.002,2,120,60.0,1288.77,1,1,0,1,1
3269,31342,4,TCP,0.001,2,120,60.0,1338.54,1,1,0,1,1
1056,31343,4,TCP,0.002,2,120,60.0,1101.88,1,1,0,1,1
3071,31344,4,TCP,0.002,2,120,60.0,1097.99,1,1,0,1,1
1110,31345,4,TCP,0.001,2,120,60.0,1354.09,1,1,0,1,1
6789,31346,4,TCP,0.001,2,120,60.0,1410.8,1,1,0,1,1
5850,31347,4,TCP,0.001,2,120,60.0,1453.33,1,1,0,1,1
7676,31348,4,TCP,0.002,2,120,60.0,859.84,1,1,0,1,1
6003,31349,4,TCP,0.002,2,120,60.0,844.18,1,1,0,1,1
2301,31350,4,TCP,0.002,2,120,60.0,853.54,1,1,0,1,1
9111,31351,4,TCP,0.002,2,120,60.0,823.79,1,1,0,1,1
4443,31352,4,TCP,0.002,2,120,60.0,884.22,1,1,0,1,1
3914,31353,4,TCP,0.002,2,120,60.0,933.0,1,1,0,1,1
6692,31354,4,TCP,0.002,2,120,60.0,963.43,1,1,0,1,1
5550,31355,4,TCP,0.002,2,120,60.0,1113.29,1,1,0,1,1
7,31356,4,TCP,0.002,2,120,60.0,1197.69,1,1,0,1,1
49167,31357,4,TCP,0.001,1,66,66.0,1000.0,1,0,0,0,1
7921,31358,4,TCP,0.001,1,66,66.0,1000.0,1,0,0,0,1
6901,31359,4,TCP,0.001,1,66,66.0,1000.0,1,0,0,0,1
20828,31360,4,TCP,0.001,1,66,66.0,1000.0,1,0,0,0,1
301,31361,4,TCP,0.001,1,66,66.0,1000.0,1,0,0,0,1
1066,31362,4,TCP,0.001,1,66,66.0,1000.0,1,0,0,0,1
3261,31363,4,TCP,0.001,1,66,66.0,1000.0,1,0,0,0,1
3878,32019,4,TCP,0.001,1,66,66.0,1000.0,1,0,0,0,1
445,32293,4,TCP,0.015,2,120,60.0,134.69,1,1,0,1,1
3389,32294,4,TCP,0.001,2,120,60.0,1831.17,1,1,0,1,1
1723,32295,4,TCP,0.001,2,120,60.0,2282.61,1,1,0,1,1
1720,32296,4,TCP,0.001,2,120,60.0,2371.67,1,1,0,1,1
25,32297,4,TCP,0.001,2,120,60.0,2407.75,1,1,0,1,1
113,32298,4,TCP,0.002,2,120,60.0,1094.69,1,1,0,1,1
139,32299,4,TCP,0.002,2,120,60.0,1100.58,1,1,0,1,1
110,32300,4,TCP,0.002,2,120,60.0,1102.75,1,1,0,1,1
8888,32301,4,TCP,0.002,2,120,60.0,1182.33,1,1,0,1,1
256,32302,4,TCP,0.002,2,120,60.0,1237.99,1,1,0,1,1
995,32303,4,TCP,0.001,2,120,60.0,1334.49,1,1,0,1,1
199,32304,4,TCP,0.001,2,120,60.0,1503.33,1,1,0,1,1
1025,32305,4,TCP,0.001,2,120,60.0,1676.05,1,1,0,1,1
80,32306,4,TCP,0.001,2,120,60.0,2064.13,1,1,0,1,1
3306,32307,4,TCP,0.001,2,120,60.0,2097.15,1,1,0,1,1
53,32308,4,TCP,0.001,2,120,60.0,2088.8,1,1,0,1,1
111,32309,4,TCP,0.001,2,120,60.0,2253.79,1,1,0,1,1
8080,32310,4,TCP,0.001,2,120,60.0,2242.94,1,1,0,1,1
993,32311,4,TCP,0.001,2,120,60.0,2263.52,1,1,0,1,1
143,32312,4,TCP,0.001,2,120,60.0,1942.26,1,1,0,1,1
23,32313,4,TCP,0.001,2,120,60.0,1957.67,1,1,0,1,1
135,32314,4,TCP,0.001,2,120,60.0,1967.31,1,1,0,1,1
554,32315,4,TCP,0.001,2,120,60.0,1926.64,1,1,0,1,1
5900,32316,4,TCP,0.001,2,120,60.0,1935.09,1,1,0,1,1
21,32317,4,TCP,0.001,2,120,60.0,1904.34,1,1,0,1,1
443,32318,4,TCP,0.001,2,120,60.0,1863.72,1,1,0,1,1
22,32319,4,TCP,0.014,4,252,63.0,280.98,2,3,0,1,1
587,32320,4,TCP,0.001,2,120,60.0,1599.66,1,1,0,1,1
5030,32321,4,TCP,0.001,2,120,60.0,1705.0,1,1,0,1,1
19101,32322,4,TCP,0.001,2,120,60.0,1782.91,1,1,0,1,1
9102,32323,4,TCP,0.009,2,120,60.0,228.56,1,1,0,1,1
1096,32324,4,TCP,0.009,2,120,60.0,225.91,1,1,0,1,1
1098,32325,4,TCP,0.009,2,120,60.0,225.36,1,1,0,1,1
1310,32326,4,TCP,0.009,2,120,60.0,225.06,1,1,0,1,1
1300,32327,4,TCP,0.001,2,120,60.0,1635.53,1,1,0,1,1
4001,32328,4,TCP,0.001,2,120,60.0,1659.14,1,1,0,1,1
2909,32329,4,TCP,0.001,2,120,60.0,1657.17,1,1,0,1,1
8083,32330,4,TCP,0.001,2,120,60.0,1742.18,1,1,0,1,1
5009,32331,4,TCP,0.001,2,120,60.0,1795.12,1,1,0,1,1
1105,32332,4,TCP,0.002,2,120,60.0,1322.08,1,1,0,1,1
9898,32333,4,TCP,0.001,2,120,60.0,1423.73,1,1,0,1,1
1972,32334,4,TCP,0.002,2,120,60.0,1135.74,1,1,0,1,1
1494,32335,4,TCP,0.002,2,120,60.0,1035.12,1,1,0,1,1
144,32336,4,TCP,0.002,2,120,60.0,922.84,1,1,0,1,1
4125,32337,4,TCP,0.002,2,120,60.0,895.45,1,1,0,1,1
44501,32338,4,TCP,0.002,2,120,60.0,911.41,1,1,0,1,1
5566,32339,4,TCP,0.002,2,120,60.0,926.51,1,1,0,1,1
55555,32340,4,TCP,0.002,2,120,60.0,902.87,1,1,0,1,1
11110,32341,4,TCP,0.001,2,120,60.0,1439.12,1,1,0,1,1
668,32342,4,TCP,0.002,2,120,60.0,1328.15,1,1,0,1,1
10012,32343,4,TCP,0.002,2,120,60.0,1063.73,1,1,0,1,1
42,32344,4,TCP,0.002,2,120,60.0,1027.51,1,1,0,1,1
10002,32345,4,TCP,0.002,2,120,60.0,917.79,1,1,0,1,1
726,32346,4,TCP,0.002,2,120,60.0,851.89,1,1,0,1,1
4321,32347,4,TCP,0.003,2,120,60.0,737.4,1,1,0,1,1
8000,32348,4,TCP,0.003,2,120,60.0,719.13,1,1,0,1,1
33899,32349,4,TCP,0.002,2,120,60.0,1299.35,1,1,0,1,1
6,32350,4,TCP,0.002,2,120,60.0,1277.78,1,1,0,1,1
8007,32351,4,TCP,0.002,2,120,60.0,1280.31,1,1,0,1,1
2869,32352,4,TCP,0.002,2,120,60.0,913.39,1,1,0,1,1
11967,32353,4,TCP,0.002,2,120,60.0,854.76,1,1,0,1,1
89,32354,4,TCP,0.002,2,120,60.0,808.7,1,1,0,1,1
648,32355,4,TCP,0.003,2,120,60.0,669.0,1,1,0,1,1
6059,32356,4,TCP,0.003,2,120,60.0,599.7,1,1,0,1,1
32778,32357,4,TCP,0.001,1,66,66.0,1000.0,1,0,0,0,1
2004,32358,4,TCP,0.001,1,66,66.0,1000.0,1,0,0,0,1
1058,32359,4,TCP,0.001,1,66,66.0,1000.0,1,0,0,0,1
6789,32360,4,TCP,0.001,1,66,66.0,1000.0,1,0,0,0,1
34573,32361,4,TCP,0.001,1,66,66.0,1000.0,1,0,0,0,1
2135,32362,4,TCP,0.001,1,66,66.0,1000.0,1,0,0,0,1
3659,32363,4,TCP,0.001,1,66,66.0,1000.0,1,0,0,0,1
5221,33143,4,TCP,0.001,1,66,66.0,1000.0,1,0,0,0,1
113,33294,4,TCP,0.001,2,120,60.0,2062.6,1,1,0,1,1
1723,33295,4,TCP,0.001,2,120,60.0,2615.72,1,1,0,1,1
135,33296,4,TCP,0.001,2,120,60.0,2945.44,1,1,0,1,1
554,33297,4,TCP,0.001,2,120,60.0,2585.09,1,1,0,1,1
22,33298,4,TCP,0.005,4,252,63.0,812.06,2,3,0,1,1
587,33299,4,TCP,0.001,2,120,60.0,2008.77,1,1,0,1,1
8888,33300,4,TCP,0.001,2,120,60.0,1962.71,1,1,0,1,1
256,33301,4,TCP,0.001,2,120,60.0,1593.28,1,1,0,1,1
8080,33302,4,TCP,0.001,2,120,60.0,1466.8,1,1,0,1,1
443,33303,4,TCP,0.001,2,120,60.0,1441.09,1,1,0,1,1
993,33304,4,TCP,0.001,2,120,60.0,1435.18,1,1,0,1,1
110,33305,4,TCP,0.001,2,120,60.0,1423.73,1,1,0,1,1
3306,33306,4,TCP,0.001,2,120,60.0,1637.12,1,1,0,1,1
143,33307,4,TCP,0.001,2,120,60.0,1663.09,1,1,0,1,1
3389,33308,4,TCP,0.001,2,120,60.0,1673.7,1,1,0,1,1
1025,33309,4,TCP,0.001,2,120,60.0,1681.76,1,1,0,1,1
25,33310,4,TCP,0.001,2,120,60.0,1754.2,1,1,0,1,1
445,33311,4,TCP,0.001,2,120,60.0,1889.33,1,1,0,1,1
21,33312,4,TCP,0.001,2,120,60.0,1641.61,1,1,0,1,1
1720,33313,4,TCP,0.015,2,120,60.0,135.92,1,1,0,1,1
199,33314,4,TCP,0.015,2,120,60.0,135.21,1,1,0,1,1
111,33315,4,TCP,0.015,2,120,60.0,135.08,1,1,0,1,1
53,33316,4,TCP,0.015,2,120,60.0,135.98,1,1,0,1,1
139,33317,4,TCP,0.015,2,120,60.0,136.41,1,1,0,1,1
80,33318,4,TCP,0.015,2,120,60.0,136.49,1,1,0,1,1
23,33319,4,TCP,0.001,2,120,60.0,1644.83,1,1,0,1,1
5900,33320,4,TCP,0.001,2,120,60.0,1676.38,1,1,0,1,1
995,33321,4,TCP,0.001,2,120,60.0,1868.29,1,1,0,1,1
2013,33322,4,TCP,0.001,2,120,60.0,1840.82,1,1,0,1,1
7106,33323,4,TCP,0.001,2,120,60.0,1790.91,1,1,0,1,1
4129,33324,4,TCP,0.001,2,120,60.0,1794.74,1,1,0,1,1
28201,33325,4,TCP,0.001,2,120,60.0,1797.82,1,1,0,1,1
10024,33326,4,TCP,0.002,2,120,60.0,946.37,1,1,0,1,1
2869,33327,4,TCP,0.002,2,120,60.0,1036.01,1,1,0,1,1
44176,33328,4,TCP,0.002,2,120,60.0,1051.86,1,1,0,1,1
3390,33329,4,TCP,0.002,2,120,60.0,1099.14,1,1,0,1,1
32784,33330,4,TCP,0.002,2,120,60.0,1255.59,1,1,0,1,1
37,33331,4,TCP,0.002,2,120,60.0,1109.02,1,1,0,1,1
6007,33332,4,TCP,0.002,2,120,60.0,916.89,1,1,0,1,1
50000,33333,4,TCP,0.002,2,120,60.0,914.59,1,1,0,1,1
42,33334,4,TCP,0.002,2,120,60.0,874.63,1,1,0,1,1
2004,33335,4,TCP,0.002,2,120,60.0,880.79,1,1,0,1,1
9500,33336,4,TCP,0.002,2,120,60.0,909.53,1,1,0,1,1
563,33337,4,TCP,0.002,2,120,60.0,938.43,1,1,0,1,1
57797,33338,4,TCP,0.002,2,120,60.0,950.44,1,1,0,1,1
52848,33339,4,TCP,0.002,2,120,60.0,941.8,1,1,0,1,1
3333,33340,4,TCP,0.002,2,120,60.0,922.03,1,1,0,1,1
7496,33341,4,TCP,0.002,2,120,60.0,909.24,1,1,0,1,1
2381,33342,4,TCP,0.002,2,120,60.0,1022.38,1,1,0,1,1
8222,33343,4,TCP,0.002,2,120,60.0,1041.42,1,1,0,1,1
10778,33344,4,TCP,0.002,2,120,60.0,1058.63,1,1,0,1,1
8087,33345,4,TCP,0.002,2,120,60.0,1071.75,1,1,0,1,1
2107,33346,4,TCP,0.002,2,120,60.0,1078.37,1,1,0,1,1
1124,33347,4,TCP,0.002,2,120,60.0,1085.48,1,1,0,1,1
45100,33348,4,TCP,0.002,2,120,60.0,1087.59,1,1,0,1,1
32772,33349,4,TCP,0.002,2,120,60.0,1088.16,1,1,0,1,1
1287,33350,4,TCP,0.002,2,120,60.0,1016.68,1,1,0,1,1
8200,33351,4,TCP,0.002,2,120,60.0,997.34,1,1,0,1,1
12000,33352,4,TCP,0.002,2,120,60.0,938.32,1,1,0,1,1
8254,33353,4,TCP,0.002,2,120,60.0,1047.53,1,1,0,1,1
1130,33354,4,TCP,0.002,2,120,60.0,955.75,1,1,0,1,1
8383,33355,4,TCP,0.002,2,120,60.0,963.21,1,1,0,1,1
56737,33356,4,TCP,0.002,2,120,60.0,951.2,1,1,0,1,1
6547,33357,4,TCP,0.001,2,120,60.0,1544.29,1,1,0,1,1
2046,33358,4,TCP,0.001,1,66,66.0,1000.0,1,0,0,0,1
58080,33359,4,TCP,0.001,1,66,66.0,1000.0,1,0,0,0,1
4006,33360,4,TCP,0.001,1,66,66.0,1000.0,1,0,0,0,1
11967,33361,4,TCP,0.001,1,66,66.0,1000.0,1,0,0,0,1
9100,33362,4,TCP,0.001,1,66,66.0,1000.0,1,0,0,0,1
1067,33363,4,TCP,0.001,1,66,66.0,1000.0,1,0,0,0,1
1271,33364,4,TCP,0.001,1,66,66.0,1000.0,1,0,0,0,1
8888,34294,4,TCP,0.04,2,120,60.0,50.56,1,1,0,1,1
256,34295,4,TCP,0.001,2,120,60.0,3222.67,1,1,0,1,1
21,34296,4,TCP,0.001,2,120,60.0,3562.04,1,1,0,1,1
3306,34297,4,TCP,0.001,2,120,60.0,3339.41,1,1,0,1,1
443,34298,4,TCP,0.001,2,120,60.0,1933.75,1,1,0,1,1
993,34299,4,TCP,0.001,2,120,60.0,1935.53,1,1,0,1,1
80,34300,4,TCP,0.001,2,120,60.0,1930.19,1,1,0,1,1
995,34301,4,TCP,0.001,2,120,60.0,1940.01,1,1,0,1,1
53,34302,4,TCP,0.001,2,120,60.0,1970.54,1,1,0,1,1
5900,34303,4,TCP,0.001,2,120,60.0,1863.72,1,1,0,1,1
135,34304,4,TCP,0.001,2,120,60.0,1890.18,1,1,0,1,1
554,34305,4,TCP,0.001,2,120,60.0,1728.54,1,1,0,1,1
143,34306,4,TCP,0.001,2,120,60.0,1731.39,1,1,0,1,1
587,34307,4,TCP,0.001,2,120,60.0,1745.81,1,1,0,1,1
445,34308,4,TCP,0.001,2,120,60.0,1743.27,1,1,0,1,1
8080,34309,4,TCP,0.001,2,120,60.0,1766.77,1,1,0,1,1
199,34310,4,TCP,0.001,2,120,60.0,1869.12,1,1,0,1,1
111,34311,4,TCP,0.001,2,120,60.0,1907.8,1,1,0,1,1
25,34312,4,TCP,0.001,2,120,60.0,1837.99,1,1,0,1,1
1723,34313,4,TCP,0.002,2,120,60.0,1161.86,1,1,0,1,1
110,34314,4,TCP,0.002,2,120,60.0,1149.75,1,1,0,1,1
23,34315,4,TCP,0.002,2,120,60.0,1170.61,1,1,0,1,1
1720,34316,4,TCP,0.002,2,120,60.0,1176.69,1,1,0,1,1
22,34317,4,TCP,0.02,4,252,63.0,196.55,2,3,0,1,1
1025,34318,4,TCP,0.002,2,120,60.0,1252.4,1,1,0,1,1
139,34319,4,TCP,0.002,2,120,60.0,1161.37,1,1,0,1,1
3389,34320,4,TCP,0.002,2,120,60.0,1143.33,1,1,0,1,1
113,34321,4,TCP,0.006,2,120,60.0,312.53,1,1,0,1,1
32775,34322,4,TCP,0.006,2,120,60.0,312.1,1,1,0,1,1
3351,34323,4,TCP,0.006,2,120,60.0,310.06,1,1,0,1,1
1185,34324,4,TCP,0.006,2,120,60.0,309.52,1,1,0,1,1
4003,34325,4,TCP,0.002,2,120,60.0,892.22,1,1,0,1,1
2967,34326,4,TCP,0.002,2,120,60.0,1146.3,1,1,0,1,1
902,34327,4,TCP,0.002,2,120,60.0,1162.18,1,1,0,1,1
4550,34328,4,TCP,0.001,2,120,60.0,1652.28,1,1,0,1,1
16000,34329,4,TCP,0.001,2,120,60.0,1769.38,1,1,0,1,1
6009,34330,4,TCP,0.001,2,120,60.0,1672.7,1,1,0,1,1
11110,34331,4,TCP,0.001,2,120,60.0,1557.48,1,1,0,1,1
6000,34332,4,TCP,0.001,2,120,60.0,1486.29,1,1,0,1,1
981,34333,4,TCP,0.001,2,120,60.0,1428.82,1,1,0,1,1
6901,34334,4,TCP,0.001,2,120,60.0,1418.67,1,1,0,1,1
5911,34335,4,TCP,0.003,2,120,60.0,637.24,1,1,0,1,1
1042,34336,4,TCP,0.003,2,120,60.0,639.72,1,1,0,1,1
9103,34337,4,TCP,0.001,2,120,60.0,1351.48,1,1,0,1,1
161,34338,4,TCP,0.002,2,120,60.0,1281.49,1,1,0,1,1
13456,34339,4,TCP,0.002,2,120,60.0,1067.66,1,1,0,1,1
1105,34340,4,TCP,0.002,2,120,60.0,989.69,1,1,0,1,1
5999,34341,4,TCP,0.002,2,120,60.0,912.4,1,1,0,1,1
32784,34342,4,TCP,0.002,2,120,60.0,852.15,1,1,0,1,1
1051,34343,4,TCP,0.002,2,120,60.0,1140.84,1,1,0,1,1
9575,34344,4,TCP,0.002,2,120,60.0,1180.83,1,1,0,1,1
6502,34345,4,TCP,0.002,2,120,60.0,1305.01,1,1,0,1,1
9111,34346,4,TCP,0.001,2,120,60.0,1346.05,1,1,0,1,1
3323,34347,4,TCP,0.001,2,120,60.0,1358.7,1,1,0,1,1
9500,34348,4,TCP,0.002,2,120,60.0,1328.99,1,1,0,1,1
513,34349,4,TCP,0.002,2,120,60.0,1320.62,1,1,0,1,1
555,34350,4,TCP,0.001,2,120,60.0,2113.53,1,1,0,1,1
6101,34351,4,TCP,0.001,2,120,60.0,1942.71,1,1,0,1,1
4445,34352,4,TCP,0.001,2,120,60.0,1899.59,1,1,0,1,1
1521,34353,4,TCP,0.002,2,120,60.0,871.72,1,1,0,1,1
3659,34354,4,TCP,0.001,2,120,60.0,1590.56,1,1,0,1,1
1533,34355,4,TCP,0.001,2,120,60.0,1732.11,1,1,0,1,1
1021,34356,4,TCP,0.001,2,120,60.0,2086.72,1,1,0,1,1
6003,34357,4,TCP,0.001,2,120,60.0,2057.04,1,1,0,1,1
5910,34358,4,TCP,0.001,2,120,60.0,2071.77,1,1,0,1,1
49155,34359,4,TCP,0.001,1,66,66.0,1000.0,1,0,0,0,1
8500,34360,4,TCP,0.001,1,66,66.0,1000.0,1,0,0,0,1
8402,34361,4,TCP,0.001,1,66,66.0,1000.0,1,0,0,0,1
30951,34362,4,TCP,0.001,1,66,66.0,1000.0,1,0,0,0,1
2008,34363,4,TCP,0.001,1,66,66.0,1000.0,1,0,0,0,1
5432,34838,4,TCP,0.001,1,66,66.0,1000.0,1,0,0,0,1
993,35294,4,TCP,0.027,2,120,60.0,72.73,1,1,0,1,1
199,35295,4,TCP,0.001,2,120,60.0,2973.63,1,1,0,1,1
1723,35296,4,TCP,0.001,2,120,60.0,3126.58,1,1,0,1,1
8080,35297,4,TCP,0.001,2,120,60.0,3276.8,1,1,0,1,1
110,35298,4,TCP,0.053,2,120,60.0,37.86,1,1,0,1,1
21,35299,4,TCP,0.053,2,120,60.0,37.82,1,1,0,1,1
113,35300,4,TCP,0.053,2,120,60.0,37.78,1,1,0,1,1
554,35301,4,TCP,0.002,2,120,60.0,1103.04,1,1,0,1,1
587,35302,4,TCP,0.001,2,120,60.0,1699.13,1,1,0,1,1
443,35303,4,TCP,0.001,2,120,60.0,1763.05,1,1,0,1,1
256,35304,4,TCP,0.001,2,120,60.0,1774.62,1,1,0,1,1
1720,35305,4,TCP,0.001,2,120,60.0,1906.5,1,1,0,1,1
22,35306,4,TCP,0.003,4,252,63.0,1243.86,2,3,0,1,1
1025,35307,4,TCP,0.001,2,120,60.0,1763.42,1,1,0,1,1
5900,35308,4,TCP,0.001,2,120,60.0,1775.74,1,1,0,1,1
8888,35309,4,TCP,0.002,2,120,60.0,1022.5,1,1,0,1,1
111,35310,4,TCP,0.002,2,120,60.0,1002.58,1,1,0,1,1
53,35311,4,TCP,0.002,2,120,60.0,990.27,1,1,0,1,1
3306,35312,4,TCP,0.002,2,120,60.0,1111.37,1,1,0,1,1
25,35313,4,TCP,0.002,2,120,60.0,1097.41,1,1,0,1,1
135,35314,4,TCP,0.001,2,120,60.0,1351.04,1,1,0,1,1
995,35315,4,TCP,0.002,2,120,60.0,1256.16,1,1,0,1,1
445,35316,4,TCP,0.001,2,120,60.0,1344.33,1,1,0,1,1
80,35317,4,TCP,0.001,2,120,60.0,1525.76,1,1,0,1,1
23,35318,4,TCP,0.001,2,120,60.0,1798.59,1,1,0,1,1
143,35319,4,TCP,0.001,2,120,60.0,1876.23,1,1,0,1,1
3389,35320,4,TCP,0.002,2,120,60.0,1055.7,1,1,0,1,1
139,35321,4,TCP,0.003,2,120,60.0,667.19,1,1,0,1,1
3689,35322,4,TCP,0.003,2,120,60.0,646.42,1,1,0,1,1
458,35323,4,TCP,0.001,2,120,60.0,1575.03,1,1,0,1,1
10621,35324,4,TCP,0.002,2,120,60.0,1231.08,1,1,0,1,1
51493,35325,4,TCP,0.002,2,120,60.0,1188.02,1,1,0,1,1
5510,35326,4,TCP,0.002,2,120,60.0,1147.08,1,1,0,1,1
5815,35327,4,TCP,0.002,2,120,60.0,1070.52,1,1,0,1,1
9,35328,4,TCP,0.002,2,120,60.0,1075.19,1,1,0,1,1
801,35329,4,TCP,0.002,2,120,60.0,1079.48,1,1,0,1,1
1185,35330,4,TCP,0.002,2,120,60.0,1110.04,1,1,0,1,1
10626,35331,4,TCP,0.001,2,120,60.0,1749.08,1,1,0,1,1
6001,35332,4,TCP,0.001,2,120,60.0,1714.41,1,1,0,1,1
3351,35333,4,TCP,0.001,2,120,60.0,1673.37,1,1,0,1,1
901,35334,4,TCP,0.001,2,120,60.0,1753.47,1,1,0,1,1
9595,35335,4,TCP,0.001,2,120,60.0,1768.26,1,1,0,1,1
84,35336,4,TCP,0.001,2,120,60.0,1775.37,1,1,0,1,1
1046,35337,4,TCP,0.001,2,120,60.0,1778.75,1,1,0,1,1
4900,35338,4,TCP,0.001,2,120,60.0,1777.62,1,1,0,1,1
50002,35339,4,TCP,0.001,2,120,60.0,1632.66,1,1,0,1,1
6969,35340,4,TCP,0.001,2,120,60.0,1663.75,1,1,0,1,1
3998,35341,4,TCP,0.001,2,120,60.0,1702.92,1,1,0,1,1
1247,35342,4,TCP,0.001,2,120,60.0,1713.01,1,1,0,1,1
2020,35343,4,TCP,0.001,2,120,60.0,1710.56,1,1,0,1,1
10566,35344,4,TCP,0.001,2,120,60.0,1707.08,1,1,0,1,1
30951,35345,4,TCP,0.001,2,120,60.0,1804.39,1,1,0,1,1
705,35346,4,TCP,0.001,2,120,60.0,1854.25,1,1,0,1,1
5221,35347,4,TCP,0.002,2,120,60.0,927.94,1,1,0,1,1
44501,35348,4,TCP,0.002,2,120,60.0,975.99,1,1,0,1,1
6100,35349,4,TCP,0.002,2,120,60.0,1022.63,1,1,0,1,1
9944,35350,4,TCP,0.002,2,120,60.0,1154.66,1,1,0,1,1
1104,35351,4,TCP,0.002,2,120,60.0,1231.26,1,1,0,1,1
5963,35352,4,TCP,0.001,2,120,60.0,1386.55,1,1,0,1,1
3827,35353,4,TCP,0.001,2,120,60.0,1512.55,1,1,0,1,1
2003,35354,4,TCP,0.001,2,120,60.0,1598.74,1,1,0,1,1
5269,35355,4,TCP,0.001,2,120,60.0,1889.33,1,1,0,1,1
4129,35356,4,TCP,0.001,2,120,60.0,1723.92,1,1,0,1,1
3527,35357,4,TCP,0.001,2,120,60.0,1695.01,1,1,0,1,1
33,35358,4,TCP,0.001,2,120,60.0,1688.53,1,1,0,1,1
14238,35359,4,TCP,0.001,2,120,60.0,1684.12,1,1,0,1,1
9290,35360,4,TCP,0.001,1,66,66.0,1000.0,1,0,0,0,1
7676,35361,4,TCP,0.001,1,66,66.0,1000.0,1,0,0,0,1
1141,35362,4,TCP,0.001,1,66,66.0,1000.0,1,0,0,0,1
18101,36033,4,TCP,0.001,1,66,66.0,1000.0,1,0,0,0,1
53,36295,4,TCP,0.031,2,120,60.0,63.92,1,1,0,1,1
3389,36296,4,TCP,0.001,2,120,60.0,3163.13,1,1,0,1,1
993,36297,4,TCP,0.001,2,120,60.0,2962.08,1,1,0,1,1
1723,36298,4,TCP,0.001,2,120,60.0,2454.24,1,1,0,1,1
443,36299,4,TCP,0.001,2,120,60.0,1474.53,1,1,0,1,1
22,36300,4,TCP,0.009,4,252,63.0,424.06,2,3,0,1,1
23,36301,4,TCP,0.001,2,120,60.0,1566.5,1,1,0,1,1
135,36302,4,TCP,0.001,2,120,60.0,1680.07,1,1,0,1,1
199,36303,4,TCP,0.001,2,120,60.0,1720.39,1,1,0,1,1
143,36304,4,TCP,0.001,2,120,60.0,1742.91,1,1,0,1,1
3306,36305,4,TCP,0.001,2,120,60.0,1763.42,1,1,0,1,1
139,36306,4,TCP,0.001,2,120,60.0,1787.47,1,1,0,1,1
25,36307,4,TCP,0.007,2,120,60.0,272.37,1,1,0,1,1
80,36308,4,TCP,0.002,2,120,60.0,1290.75,1,1,0,1,1
587,36309,4,TCP,0.001,2,120,60.0,1383.35,1,1,0,1,1
8080,36310,4,TCP,0.001,2,120,60.0,1422.28,1,1,0,1,1
1025,36311,4,TCP,0.001,2,120,60.0,1452.32,1,1,0,1,1
21,36312,4,TCP,0.001,2,120,60.0,1420.59,1,1,0,1,1
5900,36313,4,TCP,0.001,2,120,60.0,1882.12,1,1,0,1,1
111,36314,4,TCP,0.001,2,120,60.0,1867.04,1,1,0,1,1
110,36315,4,TCP,0.001,2,120,60.0,1903.04,1,1,0,1,1
995,36316,4,TCP,0.001,2,120,60.0,1918.71,1,1,0,1,1
1720,36317,4,TCP,0.001,2,120,60.0,1925.32,1,1,0,1,1
445,36318,4,TCP,0.001,2,120,60.0,2151.48,1,1,0,1,1
113,36319,4,TCP,0.005,2,120,60.0,394.91,1,1,0,1,1
256,36320,4,TCP,0.005,2,120,60.0,389.5,1,1,0,1,1
8888,36321,4,TCP,0.001,2,120,60.0,1494.5,1,1,0,1,1
554,36322,4,TCP,0.001,2,120,60.0,1756.78,1,1,0,1,1
34572,36323,4,TCP,0.001,2,120,60.0,1808.67,1,1,0,1,1
888,36324,4,TCP,0.001,2,120,60.0,1833.17,1,1,0,1,1
1801,36325,4,TCP,0.001,2,120,60.0,1845.68,1,1,0,1,1
1053,36326,4,TCP,0.001,2,120,60.0,1703.62,1,1,0,1,1
14442,36327,4,TCP,0.001,2,120,60.0,1732.83,1,1,0,1,1
987,36328,4,TCP,0.001,2,120,60.0,1720.39,1,1,0,1,1
2048,36329,4,TCP,0.001,2,120,60.0,1728.18,1,1,0,1,1
1417,36330,4,TCP,0.001,2,120,60.0,1721.09,1,1,0,1,1
1169,36331,4,TCP,0.001,2,120,60.0,1663.42,1,1,0,1,1
1036,36332,4,TCP,0.001,2,120,60.0,1538.63,1,1,0,1,1
1048,36333,4,TCP,0.001,2,120,60.0,1583.65,1,1,0,1,1
8300,36334,4,TCP,0.002,2,120,60.0,819.68,1,1,0,1,1
2251,36335,4,TCP,0.002,2,120,60.0,821.77,1,1,0,1,1
4343,36336,4,TCP,0.002,2,120,60.0,864.89,1,1,0,1,1
407,36337,4,TCP,0.002,2,120,60.0,866.23,1,1,0,1,1
711,36338,4,TCP,0.002,2,120,60.0,872.99,1,1,0,1,1
1000,36339,4,TCP,0.002,2,120,60.0,875.55,1,1,0,1,1
20221,36340,4,TCP,0.002,2,120,60.0,890.98,1,1,0,1,1
34571,36341,4,TCP,0.002,2,120,60.0,936.23,1,1,0,1,1
1075,36342,4,TCP,0.002,2,120,60.0,903.75,1,1,0,1,1
6,36343,4,TCP,0.002,2,120,60.0,904.04,1,1,0,1,1
3128,36344,4,TCP,0.002,2,120,60.0,898.04,1,1,0,1,1
1092,36345,4,TCP,0.002,2,120,60.0,847.59,1,1,0,1,1
19350,36346,4,TCP,0.002,2,120,60.0,839.78,1,1,0,1,1
7777,36347,4,TCP,0.002,2,120,60.0,886.56,1,1,0,1,1
3221,36348,4,TCP,0.002,2,120,60.0,1144.58,1,1,0,1,1
27353,36349,4,TCP,0.002,2,120,60.0,1289.36,1,1,0,1,1
32779,36350,4,TCP,0.002,2,120,60.0,1266.78,1,1,0,1,1
2103,36351,4,TCP,0.002,2,120,60.0,1318.76,1,1,0,1,1
12174,36352,4,TCP,0.001,2,120,60.0,1368.9,1,1,0,1,1
16012,36353,4,TCP,0.001,2,120,60.0,1445.07,1,1,0,1,1
5190,36354,4,TCP,0.001,2,120,60.0,1404.42,1,1,0,1,1
2638,36355,4,TCP,0.002,2,120,60.0,1308.27,1,1,0,1,1
3517,36356,4,TCP,0.002,2,120,60.0,1247.93,1,1,0,1,1
3986,36357,4,TCP,0.002,2,120,60.0,1265.06,1,1,0,1,1
3390,36358,4,TCP,0.003,2,120,60.0,734.23,1,1,0,1,1
6969,36359,4,TCP,0.001,1,66,66.0,1000.0,1,0,0,0,1
179,36360,4,TCP,0.001,1,66,66.0,1000.0,1,0,0,0,1
1875,36361,4,TCP,0.001,1,66,66.0,1000.0,1,0,0,0,1
1434,36362,4,TCP,0.001,1,66,66.0,1000.0,1,0,0,0,1
1062,36363,4,TCP,0.001,1,66,66.0,1000.0,1,0,0,0,1
1076,36364,4,TCP,0.001,1,66,66.0,1000.0,1,0,0,0,1
38292,36365,4,TCP,0.001,1,66,66.0,1000.0,1,0,0,0,1
255,36966,4,TCP,0.001,1,66,66.0,1000.0,1,0,0,0,1
993,37295,4,TCP,0.039,2,120,60.0,51.07,1,1,0,1,1
554,37296,4,TCP,0.001,2,120,60.0,2038.05,1,1,0,1,1
8080,37297,4,TCP,0.001,2,120,60.0,2535.85,1,1,0,1,1
80,37298,4,TCP,0.001,2,120,60.0,2640.42,1,1,0,1,1
3306,37299,4,TCP,0.001,2,120,60.0,2668.13,1,1,0,1,1
199,37300,4,TCP,0.001,2,120,60.0,1497.16,1,1,0,1,1
135,37301,4,TCP,0.001,2,120,60.0,1474.27,1,1,0,1,1
1720,37302,4,TCP,0.001,2,120,60.0,1458.89,1,1,0,1,1
3389,37303,4,TCP,0.001,2,120,60.0,1462.19,1,1,0,1,1
143,37304,4,TCP,0.001,2,120,60.0,1465.0,1,1,0,1,1
443,37305,4,TCP,0.001,2,120,60.0,1486.29,1,1,0,1,1
53,37306,4,TCP,0.001,2,120,60.0,1613.19,1,1,0,1,1
21,37307,4,TCP,0.001,2,120,60.0,1742.54,1,1,0,1,1
22,37308,4,TCP,0.005,4,252,63.0,729.41,2,3,0,1,1
25,37309,4,TCP,0.004,2,120,60.0,509.39,1,1,0,1,1
23,37310,4,TCP,0.004,2,120,60.0,510.13,1,1,0,1,1
139,37311,4,TCP,0.004,2,120,60.0,517.82,1,1,0,1,1
1025,37312,4,TCP,0.004,2,120,60.0,527.35,1,1,0,1,1
110,37313,4,TCP,0.004,2,120,60.0,525.24,1,1,0,1,1
445,37314,4,TCP,0.004,2,120,60.0,523.54,1,1,0,1,1
1723,37315,4,TCP,0.004,2,120,60.0,523.99,1,1,0,1,1
587,37316,4,TCP,0.001,2,120,60.0,1516.1,1,1,0,1,1
111,37317,4,TCP,0.001,2,120,60.0,2207.53,1,1,0,1,1
995,37318,4,TCP,0.001,2,120,60.0,2121.55,1,1,0,1,1
8888,37319,4,TCP,0.001,2,120,60.0,2109.81,1,1,0,1,1
5900,37320,4,TCP,0.001,2,120,60.0,2123.7,1,1,0,1,1
256,37321,4,TCP,0.001,2,120,60.0,2141.59,1,1,0,1,1
113,37322,4,TCP,0.001,2,120,60.0,1846.08,1,1,0,1,1
4848,37323,4,TCP,0.001,2,120,60.0,1857.53,1,1,0,1,1
6100,37324,4,TCP,0.001,2,120,60.0,1782.53,1,1,0,1,1
6969,37325,4,TCP,0.001,2,120,60.0,1747.63,1,1,0,1,1
5963,37326,4,TCP,0.001,2,120,60.0,1759.36,1,1,0,1,1
13782,37327,4,TCP,0.001,2,120,60.0,1766.39,1,1,0,1,1
55600,37328,4,TCP,0.001,2,120,60.0,1769.38,1,1,0,1,1
27000,37329,4,TCP,0.001,2,120,60.0,1775.74,1,1,0,1,1
3268,37330,4,TCP,0.001,2,120,60.0,1670.04,1,1,0,1,1
631,37331,4,TCP,0.001,2,120,60.0,1578.88,1,1,0,1,1
7627,37332,4,TCP,0.001,2,120,60.0,1566.5,1,1,0,1,1
1296,37333,4,TCP,0.001,2,120,60.0,1560.67,1,1,0,1,1
4006,37334,4,TCP,0.001,2,120,60.0,1555.46,1,1,0,1,1
543,37335,4,TCP,0.001,2,120,60.0,1648.06,1,1,0,1,1
1187,37336,4,TCP,0.009,2,120,60.0,216.99,1,1,0,1,1
16001,37337,4,TCP,0.002,2,120,60.0,1143.33,1,1,0,1,1
2382,37338,4,TCP,0.002,2,120,60.0,1157.53,1,1,0,1,1
32772,37339,4,TCP,0.002,2,120,60.0,802.97,1,1,0,1,1
1455,37340,4,TCP,0.003,2,120,60.0,778.31,1,1,0,1,1
1036,37341,4,TCP,0.003,2,120,60.0,780.48,1,1,0,1,1
2200,37342,4,TCP,0.003,2,120,60.0,781.5,1,1,0,1,1
5989,37343,4,TCP,0.003,2,120,60.0,787.29,1,1,0,1,1
81,37344,4,TCP,0.003,2,120,60.0,758.12,1,1,0,1,1
9618,37345,4,TCP,0.002,2,120,60.0,1225.15,1,1,0,1,1
9080,37346,4,TCP,0.002,2,120,60.0,1149.44,1,1,0,1,1
1311,37347,4,TCP,0.002,2,120,60.0,1227.3,1,1,0,1,1
9998,37348,4,TCP,0.002,2,120,60.0,1181.83,1,1,0,1,1
1066,37349,4,TCP,0.002,2,120,60.0,1127.35,1,1,0,1,1
264,37350,4,TCP,0.002,2,120,60.0,1094.12,1,1,0,1,1
900,37351,4,TCP,0.002,2,120,60.0,1052.13,1,1,0,1,1
8081,37352,4,TCP,0.002,2,120,60.0,989.46,1,1,0,1,1
903,37353,4,TCP,0.002,2,120,60.0,864.09,1,1,0,1,1
1864,37354,4,TCP,0.002,2,120,60.0,878.85,1,1,0,1,1
55055,37355,4,TCP,0.002,2,120,60.0,952.28,1,1,0,1,1
3800,37356,4,TCP,0.002,2,120,60.0,975.31,1,1,0,1,1
1061,37357,4,TCP,0.002,2,120,60.0,1046.74,1,1,0,1,1
880,37358,4,TCP,0.002,2,120,60.0,1130.54,1,1,0,1,1
2103,37359,4,TCP,0.002,2,120,60.0,1192.24,1,1,0,1,1
2049,37360,4,TCP,0.002,2,120,60.0,1259.74,1,1,0,1,1
7496,37361,4,TCP,0.001,1,66,66.0,1000.0,1,0,0,0,1
1117,37362,4,TCP,0.001,1,66,66.0,1000.0,1,0,0,0,1
1839,37363,4,TCP,0.001,1,66,66.0,1000.0,1,0,0,0,1
49152,37849,4,TCP,0.001,1,66,66.0,1000.0,1,0,0,0,1
22,38295,4,TCP,0.05,4,252,63.0,80.37,2,3,0,1,1
993,38296,4,TCP,0.014,2,120,60.0,138.03,1,1,0,1,1
554,38297,4,TCP,0.001,2,120,60.0,2255.61,1,1,0,1,1
256,38298,4,TCP,0.001,2,120,60.0,2593.08,1,1,0,1,1
995,38299,4,TCP,0.001,2,120,60.0,1651.63,1,1,0,1,1
5900,38300,4,TCP,0.001,2,120,60.0,1560.67,1,1,0,1,1
111,38301,4,TCP,0.001,2,120,60.0,1504.41,1,1,0,1,1
8080,38302,4,TCP,0.001,2,120,60.0,1857.12,1,1,0,1,1
443,38303,4,TCP,0.001,2,120,60.0,1872.88,1,1,0,1,1
199,38304,4,TCP,0.001,2,120,60.0,1885.08,1,1,0,1,1
587,38305,4,TCP,0.001,2,120,60.0,1778.75,1,1,0,1,1
1025,38306,4,TCP,0.001,2,120,60.0,1710.56,1,1,0,1,1
53,38307,4,TCP,0.001,2,120,60.0,1773.12,1,1,0,1,1
110,38308,4,TCP,0.001,2,120,60.0,1811.01,1,1,0,1,1
21,38309,4,TCP,0.001,2,120,60.0,1813.36,1,1,0,1,1
25,38310,4,TCP,0.001,2,120,60.0,1824.01,1,1,0,1,1
1720,38311,4,TCP,0.001,2,120,60.0,1832.77,1,1,0,1,1
445,38312,4,TCP,0.001,2,120,60.0,1838.8,1,1,0,1,1
8888,38313,4,TCP,0.001,2,120,60.0,1589.05,1,1,0,1,1
143,38314,4,TCP,0.001,2,120,60.0,1573.85,1,1,0,1,1
1723,38315,4,TCP,0.001,2,120,60.0,1577.1,1,1,0,1,1
3306,38316,4,TCP,0.001,2,120,60.0,1578.29,1,1,0,1,1
139,38317,4,TCP,0.001,2,120,60.0,1460.92,1,1,0,1,1
113,38318,4,TCP,0.001,2,120,60.0,1407.48,1,1,0,1,1
3389,38319,4,TCP,0.001,2,120,60.0,1424.45,1,1,0,1,1
23,38320,4,TCP,0.001,2,120,60.0,1491.57,1,1,0,1,1
135,38321,4,TCP,0.009,2,120,60.0,219.22,1,1,0,1,1
80,38322,4,TCP,0.009,2,120,60.0,219.31,1,1,0,1,1
32772,38323,4,TCP,0.009,2,120,60.0,219.65,1,1,0,1,1
5999,38324,4,TCP,0.009,2,120,60.0,218.68,1,1,0,1,1
1801,38325,4,TCP,0.009,2,120,60.0,216.23,1,1,0,1,1
16113,38326,4,TCP,0.001,2,120,60.0,1492.63,1,1,0,1,1
15000,38327,4,TCP,0.001,2,120,60.0,1693.3,1,1,0,1,1
666,38328,4,TCP,0.001,2,120,60.0,1344.33,1,1,0,1,1
10616,38329,4,TCP,0.001,2,120,60.0,1340.68,1,1,0,1,1
5555,38330,4,TCP,0.002,2,120,60.0,1329.41,1,1,0,1,1
1,38331,4,TCP,0.002,2,120,60.0,1321.87,1,1,0,1,1
1028,38332,4,TCP,0.002,2,120,60.0,1318.76,1,1,0,1,1
9618,38333,4,TCP,0.002,2,120,60.0,1307.25,1,1,0,1,1
32783,38334,4,TCP,0.001,2,120,60.0,1615.99,1,1,0,1,1
2048,38335,4,TCP,0.001,2,120,60.0,1734.98,1,1,0,1,1
6000,38336,4,TCP,0.002,2,120,60.0,1053.32,1,1,0,1,1
1110,38337,4,TCP,0.002,2,120,60.0,1048.31,1,1,0,1,1
1583,38338,4,TCP,0.002,2,120,60.0,1140.22,1,1,0,1,1
26214,38339,4,TCP,0.002,2,120,60.0,1242.94,1,1,0,1,1
2099,38340,4,TCP,0.002,2,120,60.0,1212.05,1,1,0,1,1
2105,38341,4,TCP,0.002,2,120,60.0,1274.86,1,1,0,1,1
1166,38342,4,TCP,0.002,2,120,60.0,1322.71,1,1,0,1,1
1126,38343,4,TCP,0.001,2,120,60.0,1344.33,1,1,0,1,1
1151,38344,4,TCP,0.002,2,120,60.0,1298.14,1,1,0,1,1
19801,38345,4,TCP,0.002,2,120,60.0,1182.33,1,1,0,1,1
5357,38346,4,TCP,0.002,2,120,60.0,1139.29,1,1,0,1,1
32769,38347,4,TCP,0.002,2,120,60.0,1008.61,1,1,0,1,1
33899,38348,4,TCP,0.002,2,120,60.0,942.86,1,1,0,1,1
9900,38349,4,TCP,0.002,2,120,60.0,910.72,1,1,0,1,1
7512,38350,4,TCP,0.002,2,120,60.0,901.42,1,1,0,1,1
32778,38351,4,TCP,0.002,2,120,60.0,851.98,1,1,0,1,1
667,38352,4,TCP,0.002,2,120,60.0,1121.17,1,1,0,1,1
1864,38353,4,TCP,0.002,2,120,60.0,1187.35,1,1,0,1,1
2222,38354,4,TCP,0.002,2,120,60.0,1163.47,1,1,0,1,1
3128,38355,4,TCP,0.002,2,120,60.0,1138.52,1,1,0,1,1
5903,38356,4,TCP,0.002,2,120,60.0,1102.17,1,1,0,1,1
1311,38357,4,TCP,0.002,2,120,60.0,1092.41,1,1,0,1,1
4443,38358,4,TCP,0.002,2,120,60.0,1063.33,1,1,0,1,1
58080,38359,4,TCP,0.002,2,120,60.0,1237.26,1,1,0,1,1
593,38360,4,TCP,0.001,1,66,66.0,1000.0,1,0,0,0,1
1064,38361,4,TCP,0.001,1,66,66.0,1000.0,1,0,0,0,1
5221,38362,4,TCP,0.001,1,66,66.0,1000.0,1,0,0,0,1
3052,38363,4,TCP,0.001,1,66,66.0,1000.0,1,0,0,0,1
6839,38364,4,TCP,0.001,1,66,66.0,1000.0,1,0,0,0,1
1433,38776,4,TCP,0.001,1,66,66.0,1000.0,1,0,0,0,1
1152,39165,4,TCP,0.001,1,66,66.0,1000.0,1,0,0,0,1
139,39300,4,TCP,0.038,2,120,60.0,52.29,1,1,0,1,1
445,39301,4,TCP,0.007,2,120,60.0,288.79,1,1,0,1,1
1025,39302,4,TCP,0.001,2,120,60.0,2483.31,1,1,0,1,1
995,39303,4,TCP,0.001,2,120,60.0,2659.67,1,1,0,1,1
25,39304,4,TCP,0.001,2,120,60.0,2746.76,1,1,0,1,1
3389,39305,4,TCP,0.005,2,120,60.0,431.29,1,1,0,1,1
8080,39306,4,TCP,0.005,2,120,60.0,429.63,1,1,0,1,1
113,39307,4,TCP,0.005,2,120,60.0,429.57,1,1,0,1,1
8888,39308,4,TCP,0.005,2,120,60.0,437.11,1,1,0,1,1
135,39309,4,TCP,0.005,2,120,60.0,439.22,1,1,0,1,1
554,39310,4,TCP,0.005,2,120,60.0,442.41,1,1,0,1,1
199,39311,4,TCP,0.001,2,120,60.0,1723.57,1,1,0,1,1
111,39312,4,TCP,0.001,2,120,60.0,1831.17,1,1,0,1,1
23,39313,4,TCP,0.002,2,120,60.0,1242.57,1,1,0,1,1
5900,39314,4,TCP,0.001,2,120,60.0,1395.08,1,1,0,1,1
53,39315,4,TCP,0.001,2,120,60.0,1518.57,1,1,0,1,1
993,39316,4,TCP,0.001,2,120,60.0,1587.55,1,1,0,1,1
110,39317,4,TCP,0.001,2,120,60.0,1621.3,1,1,0,1,1
3306,39318,4,TCP,0.001,2,120,60.0,1636.16,1,1,0,1,1
21,39319,4,TCP,0.001,2,120,60.0,1612.57,1,1,0,1,1
22,39320,4,TCP,0.008,4,252,63.0,484.22,2,3,0,1,1
1720,39321,4,TCP,0.001,2,120,60.0,1746.17,1,1,0,1,1
1723,39322,4,TCP,0.001,2,120,60.0,1753.84,1,1,0,1,1
443,39323,4,TCP,0.001,2,120,60.0,1760.83,1,1,0,1,1
143,39324,4,TCP,0.001,2,120,60.0,1756.04,1,1,0,1,1
80,39325,4,TCP,0.001,2,120,60.0,1592.07,1,1,0,1,1
587,39326,4,TCP,0.001,2,120,60.0,1597.22,1,1,0,1,1
256,39327,4,TCP,0.001,2,120,60.0,1548.57,1,1,0,1,1
500,39328,4,TCP,0.001,2,120,60.0,1532.73,1,1,0,1,1
3211,39329,4,TCP,0.005,2,120,60.0,378.15,1,1,0,1,1
9207,39330,4,TCP,0.001,2,120,60.0,2195.97,1,1,0,1,1
1666,39331,4,TCP,0.001,2,120,60.0,2228.64,1,1,0,1,1
1137,39332,4,TCP,0.001,2,120,60.0,2270.87,1,1,0,1,1
2021,39333,4,TCP,0.001,2,120,60.0,2303.3,1,1,0,1,1
7019,39334,4,TCP,0.001,2,120,60.0,2325.65,1,1,0,1,1
1094,39335,4,TCP,0.001,2,120,60.0,1870.79,1,1,0,1,1
49158,39336,4,TCP,0.001,2,120,60.0,1832.77,1,1,0,1,1
3580,39337,4,TCP,0.001,2,120,60.0,1804.39,1,1,0,1,1
10003,39338,4,TCP,0.001,2,120,60.0,1802.06,1,1,0,1,1
1352,39339,4,TCP,0.001,2,120,60.0,1805.17,1,1,0,1,1
6129,39340,4,TCP,0.001,2,120,60.0,1788.62,1,1,0,1,1
52673,39341,4,TCP,0.001,2,120,60.0,1755.67,1,1,0,1,1
5060,39342,4,TCP,0.001,2,120,60.0,1715.81,1,1,0,1,1
1035,39343,4,TCP,0.001,2,120,60.0,1453.83,1,1,0,1,1
4899,39344,4,TCP,0.001,2,120,60.0,1449.81,1,1,0,1,1
5080,39345,4,TCP,0.001,2,120,60.0,1435.18,1,1,0,1,1
1461,39346,4,TCP,0.001,2,120,60.0,1421.08,1,1,0,1,1
1300,39347,4,TCP,0.001,2,120,60.0,1372.26,1,1,0,1,1
27356,39348,4,TCP,0.001,2,120,60.0,1399.97,1,1,0,1,1
543,39349,4,TCP,0.002,2,120,60.0,1024.0,1,1,0,1,1
4000,39350,4,TCP,0.002,2,120,60.0,877.38,1,1,0,1,1
5679,39351,4,TCP,0.002,2,120,60.0,1195.64,1,1,0,1,1
1066,39352,4,TCP,0.002,2,120,60.0,1130.54,1,1,0,1,1
8192,39353,4,TCP,0.002,2,120,60.0,977.81,1,1,0,1,1
9,39354,4,TCP,0.002,2,120,60.0,959.36,1,1,0,1,1
10616,39355,4,TCP,0.002,2,120,60.0,943.39,1,1,0,1,1
2869,39356,4,TCP,0.002,2,120,60.0,936.54,1,1,0,1,1
8021,39357,4,TCP,0.002,2,120,60.0,928.46,1,1,0,1,1
4111,39358,4,TCP,0.002,2,120,60.0,1134.21,1,1,0,1,1
1112,39359,4,TCP,0.002,2,120,60.0,1091.98,1,1,0,1,1
9100,39360,4,TCP,0.002,2,120,60.0,1037.04,1,1,0,1,1
2401,39361,4,TCP,0.002,2,120,60.0,978.83,1,1,0,1,1
49165,39362,4,TCP,0.002,2,120,60.0,902.29,1,1,0,1,1
481,39363,4,TCP,0.002,2,120,60.0,883.29,1,1,0,1,1
10243,39364,4,TCP,0.002,2,120,60.0,917.49,1,1,0,1,1
4006,39365,4,TCP,0.002,2,120,60.0,951.09,1,1,0,1,1
2725,39366,4,TCP,0.001,1,66,66.0,1000.0,1,0,0,0,1
6502,39367,4,TCP,0.001,1,66,66.0,1000.0,1,0,0,0,1
5101,39368,4,TCP,0.001,1,66,66.0,1000.0,1,0,0,0,1
1021,39870,4,TCP,0.001,1,66,66.0,1000.0,1,0,0,0,1
1164,40254,4,TCP,0.001,1,66,66.0,1000.0,1,0,0,0,1
80,40300,4,TCP,0.049,2,120,60.0,40.66,1,1,0,1,1
443,40301,4,TCP,0.017,2,120,60.0,119.97,1,1,0,1,1
139,40302,4,TCP,0.001,2,120,60.0,1517.2,1,1,0,1,1
110,40303,4,TCP,0.001,2,120,60.0,1640.0,1,1,0,1,1
1025,40304,4,TCP,0.001,2,120,60.0,2156.45,1,1,0,1,1
1720,40305,4,TCP,0.001,2,120,60.0,1675.71,1,1,0,1,1
22,40306,4,TCP,0.005,4,252,63.0,824.19,2,3,0,1,1
113,40307,4,TCP,0.001,2,120,60.0,1636.48,1,1,0,1,1
199,40308,4,TCP,0.001,2,120,60.0,1848.93,1,1,0,1,1
445,40309,4,TCP,0.001,2,120,60.0,1997.76,1,1,0,1,1
21,40310,4,TCP,0.001,2,120,60.0,2067.69,1,1,0,1,1
135,40311,4,TCP,0.001,2,120,60.0,2109.28,1,1,0,1,1
8080,40312,4,TCP,0.001,2,120,60.0,2155.9,1,1,0,1,1
256,40313,4,TCP,0.001,2,120,60.0,2179.43,1,1,0,1,1
554,40314,4,TCP,0.001,2,120,60.0,2195.4,1,1,0,1,1
993,40315,4,TCP,0.001,2,120,60.0,2216.28,1,1,0,1,1
5900,40316,4,TCP,0.001,2,120,60.0,2228.05,1,1,0,1,1
111,40317,4,TCP,0.001,2,120,60.0,1773.87,1,1,0,1,1
995,40318,4,TCP,0.001,2,120,60.0,1818.08,1,1,0,1,1
3306,40319,4,TCP,0.001,2,120,60.0,1762.31,1,1,0,1,1
25,40320,4,TCP,0.001,2,120,60.0,1727.83,1,1,0,1,1
8888,40321,4,TCP,0.001,2,120,60.0,1728.9,1,1,0,1,1
23,40322,4,TCP,0.001,2,120,60.0,2015.04,1,1,0,1,1
3389,40323,4,TCP,0.001,2,120,60.0,1933.75,1,1,0,1,1
1723,40324,4,TCP,0.001,2,120,60.0,1657.17,1,1,0,1,1
53,40325,4,TCP,0.001,2,120,60.0,1658.81,1,1,0,1,1
143,40326,4,TCP,0.001,2,120,60.0,1661.77,1,1,0,1,1
587,40327,4,TCP,0.001,2,120,60.0,1675.71,1,1,0,1,1
1009,40328,4,TCP,0.001,2,120,60.0,1630.12,1,1,0,1,1
25735,40329,4,TCP,0.001,2,120,60.0,1647.41,1,1,0,1,1
2021,40330,4,TCP,0.001,2,120,60.0,1657.17,1,1,0,1,1
81,40331,4,TCP,0.001,2,120,60.0,1658.16,1,1,0,1,1
50300,40332,4,TCP,0.013,2,120,60.0,154.29,1,1,0,1,1
2009,40333,4,TCP,0.003,2,120,60.0,661.09,1,1,0,1,1
1198,40334,4,TCP,0.002,2,120,60.0,1086.19,1,1,0,1,1
2399,40335,4,TCP,0.002,2,120,60.0,1137.28,1,1,0,1,1
5560,40336,4,TCP,0.002,2,120,60.0,1153.23,1,1,0,1,1
9103,40337,4,TCP,0.002,2,120,60.0,1200.09,1,1,0,1,1
9290,40338,4,TCP,0.002,2,120,60.0,1237.26,1,1,0,1,1
1201,40339,4,TCP,0.002,2,120,60.0,1256.72,1,1,0,1,1
1166,40340,4,TCP,0.002,2,120,60.0,1136.67,1,1,0,1,1
2394,40341,4,TCP,0.002,2,120,60.0,1121.02,1,1,0,1,1
1046,40342,4,TCP,0.002,2,120,60.0,1100.43,1,1,0,1,1
2035,40343,4,TCP,0.002,2,120,60.0,1058.37,1,1,0,1,1
1594,40344,4,TCP,0.002,2,120,60.0,1077.95,1,1,0,1,1
16016,40345,4,TCP,0.002,2,120,60.0,1053.98,1,1,0,1,1
1213,40346,4,TCP,0.002,2,120,60.0,999.71,1,1,0,1,1
4662,40347,4,TCP,0.002,2,120,60.0,977.35,1,1,0,1,1
3300,40348,4,TCP,0.002,2,120,60.0,1065.76,1,1,0,1,1
13,40349,4,TCP,0.002,2,120,60.0,1126.9,1,1,0,1,1
57294,40350,4,TCP,0.002,2,120,60.0,1152.28,1,1,0,1,1
3301,40351,4,TCP,0.003,2,120,60.0,778.81,1,1,0,1,1
2492,40352,4,TCP,0.003,2,120,60.0,764.41,1,1,0,1,1
4224,40353,4,TCP,0.003,2,120,60.0,742.62,1,1,0,1,1
1056,40354,4,TCP,0.003,2,120,60.0,719.19,1,1,0,1,1
9415,40355,4,TCP,0.003,2,120,60.0,710.48,1,1,0,1,1
6100,40356,4,TCP,0.002,2,120,60.0,1038.32,1,1,0,1,1
1045,40357,4,TCP,0.002,2,120,60.0,1063.06,1,1,0,1,1
5214,40358,4,TCP,0.002,2,120,60.0,1043.62,1,1,0,1,1
31038,40359,4,TCP,0.002,2,120,60.0,1028.65,1,1,0,1,1
4,40360,4,TCP,0.002,2,120,60.0,1023.38,1,1,0,1,1
161,40361,4,TCP,0.002,2,120,60.0,988.06,1,1,0,1,1
5030,40362,4,TCP,0.002,2,120,60.0,966.21,1,1,0,1,1
1039,40363,4,TCP,0.002,2,120,60.0,956.18,1,1,0,1,1
1000,40364,4,TCP,0.001,1,66,66.0,1000.0,1,0,0,0,1
5850,40365,4,TCP,0.001,1,66,66.0,1000.0,1,0,0,0,1
1088,40366,4,TCP,0.001,1,66,66.0,1000.0,1,0,0,0,1
38292,40367,4,TCP,0.001,1,66,66.0,1000.0,1,0,0,0,1
9943,40368,4,TCP,0.001,1,66,66.0,1000.0,1,0,0,0,1
1040,40369,4,TCP,0.001,1,66,66.0,1000.0,1,0,0,0,1
1783,40370,4,TCP,0.001,1,66,66.0,1000.0,1,0,0,0,1
4550,40820,4,TCP,0.001,1,66,66.0,1000.0,1,0,0,0,1
5910,41140,4,TCP,0.001,1,66,66.0,1000.0,1,0,0,0,1
53,41300,4,TCP,0.034,2,120,60.0,59.04,1,1,0,1,1
3306,41301,4,TCP,0.001,2,120,60.0,2331.46,1,1,0,1,1
22,41302,4,TCP,0.009,4,252,63.0,468.82,2,3,0,1,1
139,41303,4,TCP,0.001,2,120,60.0,2762.14,1,1,0,1,1
143,41304,4,TCP,0.001,2,120,60.0,2814.97,1,1,0,1,1
554,41305,4,TCP,0.006,2,120,60.0,350.21,1,1,0,1,1
256,41306,4,TCP,0.006,2,120,60.0,346.29,1,1,0,1,1
135,41307,4,TCP,0.006,2,120,60.0,346.25,1,1,0,1,1
587,41308,4,TCP,0.006,2,120,60.0,346.28,1,1,0,1,1
445,41309,4,TCP,0.006,2,120,60.0,345.47,1,1,0,1,1
1723,41310,4,TCP,0.001,2,120,60.0,1792.44,1,1,0,1,1
113,41311,4,TCP,0.001,2,120,60.0,1628.86,1,1,0,1,1
1025,41312,4,TCP,0.002,2,120,60.0,949.47,1,1,0,1,1
25,41313,4,TCP,0.002,2,120,60.0,968.66,1,1,0,1,1
995,41314,4,TCP,0.002,2,120,60.0,1001.98,1,1,0,1,1
110,41315,4,TCP,0.002,2,120,60.0,979.41,1,1,0,1,1
1720,41316,4,TCP,0.002,2,120,60.0,1043.23,1,1,0,1,1
21,41317,4,TCP,0.002,2,120,60.0,1238.17,1,1,0,1,1
993,41318,4,TCP,0.001,2,120,60.0,1658.48,1,1,0,1,1
8888,41319,4,TCP,0.006,2,120,60.0,309.26,1,1,0,1,1
199,41320,4,TCP,0.007,2,120,60.0,305.79,1,1,0,1,1
5900,41321,4,TCP,0.007,2,120,60.0,305.27,1,1,0,1,1
443,41322,4,TCP,0.002,2,120,60.0,1207.69,1,1,0,1,1
80,41323,4,TCP,0.001,2,120,60.0,1535.81,1,1,0,1,1
23,41324,4,TCP,0.001,2,120,60.0,1395.78,1,1,0,1,1
111,41325,4,TCP,0.002,2,120,60.0,1313.8,1,1,0,1,1
3389,41326,4,TCP,0.002,2,120,60.0,1309.08,1,1,0,1,1
8080,41327,4,TCP,0.001,2,120,60.0,1349.74,1,1,0,1,1
13722,41328,4,TCP,0.001,2,120,60.0,1334.28,1,1,0,1,1
20000,41329,4,TCP,0.001,2,120,60.0,1348.43,1,1,0,1,1
9071,41330,4,TCP,0.001,2,120,60.0,1371.58,1,1,0,1,1
32782,41331,4,TCP,0.001,2,120,60.0,1445.07,1,1,0,1,1
1051,41332,4,TCP,0.001,2,120,60.0,1482.09,1,1,0,1,1
2135,41333,4,TCP,0.001,2,120,60.0,1644.5,1,1,0,1,1
2045,41334,4,TCP,0.002,2,120,60.0,1129.47,1,1,0,1,1
6123,41335,4,TCP,0.002,2,120,60.0,1158.17,1,1,0,1,1
1098,41336,4,TCP,0.001,2,120,60.0,1627.28,1,1,0,1,1
1501,41337,4,TCP,0.001,2,120,60.0,1634.57,1,1,0,1,1
7921,41338,4,TCP,0.001,2,120,60.0,1372.03,1,1,0,1,1
79,41339,4,TCP,0.002,2,120,60.0,1201.81,1,1,0,1,1
3404,41340,4,TCP,0.002,2,120,60.0,1107.85,1,1,0,1,1
3031,41341,4,TCP,0.002,2,120,60.0,1011.89,1,1,0,1,1
9876,41342,4,TCP,0.002,2,120,60.0,1080.17,1,1,0,1,1
8045,41343,4,TCP,0.002,2,120,60.0,1156.41,1,1,0,1,1
15004,41344,4,TCP,0.002,2,120,60.0,1142.55,1,1,0,1,1
10009,41345,4,TCP,0.002,2,120,60.0,1147.55,1,1,0,1,1
49176,41346,4,TCP,0.002,2,120,60.0,1049.36,1,1,0,1,1
5280,41347,4,TCP,0.002,2,120,60.0,1018.16,1,1,0,1,1
49159,41348,4,TCP,0.001,2,120,60.0,1697.41,1,1,0,1,1
7002,41349,4,TCP,0.002,2,120,60.0,1245.15,1,1,0,1,1
545,41350,4,TCP,0.002,2,120,60.0,1064.95,1,1,0,1,1
12000,41351,4,TCP,0.002,2,120,60.0,1003.3,1,1,0,1,1
513,41352,4,TCP,0.002,2,120,60.0,964.76,1,1,0,1,1
5357,41353,4,TCP,0.002,2,120,60.0,962.11,1,1,0,1,1
3323,41354,4,TCP,0.002,2,120,60.0,834.85,1,1,0,1,1
100,41355,4,TCP,0.002,2,120,60.0,819.84,1,1,0,1,1
13456,41356,4,TCP,0.001,2,120,60.0,1721.09,1,1,0,1,1
911,41357,4,TCP,0.001,2,120,60.0,1715.81,1,1,0,1,1
5221,41358,4,TCP,0.001,2,120,60.0,1589.96,1,1,0,1,1
1077,41359,4,TCP,0.001,2,120,60.0,1540.61,1,1,0,1,1
1494,41360,4,TCP,0.001,2,120,60.0,1495.56,1,1,0,1,1
6567,41361,4,TCP,0.001,2,120,60.0,1540.32,1,1,0,1,1
497,41362,4,TCP,0.001,2,120,60.0,1584.55,1,1,0,1,1
3828,41363,4,TCP,0.001,2,120,60.0,1597.83,1,1,0,1,1
1213,41364,4,TCP,0.001,1,66,66.0,1000.0,1,0,0,0,1
30951,41365,4,TCP,0.001,1,66,66.0,1000.0,1,0,0,0,1
1183,41366,4,TCP,0.001,1,66,66.0,1000.0,1,0,0,0,1
3659,41367,4,TCP,0.001,1,66,66.0,1000.0,1,0,0,0,1
2005,41368,4,TCP,0.001,1,66,66.0,1000.0,1,0,0,0,1
7103,41369,4,TCP,0.001,1,66,66.0,1000.0,1,0,0,0,1
873,41370,4,TCP,0.001,1,66,66.0,1000.0,1,0,0,0,1
3306,42302,4,TCP,0.036,2,120,60.0,55.82,1,1,0,1,1
554,42303,4,TCP,0.001,2,120,60.0,2898.62,1,1,0,1,1
113,42304,4,TCP,0.0,2,120,60.0,4112.06,1,1,0,1,1
53,42305,4,TCP,0.001,2,120,60.0,1913.9,1,1,0,1,1
3389,42306,4,TCP,0.001,2,120,60.0,1921.35,1,1,0,1,1
443,42307,4,TCP,0.001,2,120,60.0,1850.56,1,1,0,1,1
111,42308,4,TCP,0.001,2,120,60.0,1811.4,1,1,0,1,1
5900,42309,4,TCP,0.001,2,120,60.0,1798.2,1,1,0,1,1
135,42310,4,TCP,0.001,2,120,60.0,1790.14,1,1,0,1,1
110,42311,4,TCP,0.001,2,120,60.0,1795.51,1,1,0,1,1
80,42312,4,TCP,0.001,2,120,60.0,1793.2,1,1,0,1,1
1723,42313,4,TCP,0.001,2,120,60.0,1612.26,1,1,0,1,1
256,42314,4,TCP,0.001,2,120,60.0,1609.48,1,1,0,1,1
25,42315,4,TCP,0.001,2,120,60.0,1621.61,1,1,0,1,1
993,42316,4,TCP,0.001,2,120,60.0,1620.36,1,1,0,1,1
8888,42317,4,TCP,0.001,2,120,60.0,1622.55,1,1,0,1,1
23,42318,4,TCP,0.001,2,120,60.0,1615.37,1,1,0,1,1
143,42319,4,TCP,0.001,2,120,60.0,1615.06,1,1,0,1,1
21,42320,4,TCP,0.001,2,120,60.0,1802.84,1,1,0,1,1
587,42321,4,TCP,0.001,2,120,60.0,1668.38,1,1,0,1,1
139,42322,4,TCP,0.001,2,120,60.0,1674.71,1,1,0,1,1
1025,42323,4,TCP,0.001,2,120,60.0,1685.47,1,1,0,1,1
199,42324,4,TCP,0.001,2,120,60.0,1682.1,1,1,0,1,1
445,42325,4,TCP,0.001,2,120,60.0,1727.47,1,1,0,1,1
995,42326,4,TCP,0.001,2,120,60.0,1822.42,1,1,0,1,1
1720,42327,4,TCP,0.001,2,120,60.0,1931.08,1,1,0,1,1
22,42328,4,TCP,0.018,4,252,63.0,223.33,2,3,0,1,1
8080,42329,4,TCP,0.011,2,120,60.0,184.63,1,1,0,1,1
3128,42330,4,TCP,0.014,2,120,60.0,137.97,1,1,0,1,1
2601,42331,4,TCP,0.015,2,120,60.0,137.1,1,1,0,1,1
56738,42332,4,TCP,0.015,2,120,60.0,137.01,1,1,0,1,1
8600,42333,4,TCP,0.005,2,120,60.0,368.99,1,1,0,1,1
898,42334,4,TCP,0.005,2,120,60.0,379.39,1,1,0,1,1
49176,42335,4,TCP,0.005,2,120,60.0,381.54,1,1,0,1,1
705,42336,4,TCP,0.005,2,120,60.0,388.79,1,1,0,1,1
16992,42337,4,TCP,0.001,2,120,60.0,1711.96,1,1,0,1,1
7002,42338,4,TCP,0.001,2,120,60.0,1677.72,1,1,0,1,1
1900,42339,4,TCP,0.001,2,120,60.0,1663.42,1,1,0,1,1
1099,42340,4,TCP,0.001,2,120,60.0,2248.35,1,1,0,1,1
10002,42341,4,TCP,0.001,2,120,60.0,2319.86,1,1,0,1,1
11110,42342,4,TCP,0.001,2,120,60.0,2355.03,1,1,0,1,1
18040,42343,4,TCP,0.001,2,120,60.0,1497.97,1,1,0,1,1
2710,42344,4,TCP,0.001,2,120,60.0,1468.59,1,1,0,1,1
3546,42345,4,TCP,0.001,2,120,60.0,1452.82,1,1,0,1,1
8193,42346,4,TCP,0.001,2,120,60.0,1461.18,1,1,0,1,1
4005,42347,4,TCP,0.001,2,120,60.0,1521.88,1,1,0,1,1
13,42348,4,TCP,0.001,2,120,60.0,1579.18,1,1,0,1,1
1075,42349,4,TCP,0.001,2,120,60.0,1560.67,1,1,0,1,1
45100,42350,4,TCP,0.001,2,120,60.0,1529.93,1,1,0,1,1
2043,42351,4,TCP,0.002,2,120,60.0,865.34,1,1,0,1,1
873,42352,4,TCP,0.002,2,120,60.0,875.36,1,1,0,1,1
8300,42353,4,TCP,0.002,2,120,60.0,868.48,1,1,0,1,1
280,42354,4,TCP,0.002,2,120,60.0,806.83,1,1,0,1,1
8090,42355,4,TCP,0.003,2,120,60.0,780.92,1,1,0,1,1
8181,42356,4,TCP,0.001,2,120,60.0,1365.33,1,1,0,1,1
548,42357,4,TCP,0.001,2,120,60.0,1412.46,1,1,0,1,1
8100,42358,4,TCP,0.001,2,120,60.0,1412.22,1,1,0,1,1
9418,42359,4,TCP,0.001,2,120,60.0,1581.56,1,1,0,1,1
2065,42360,4,TCP,0.001,2,120,60.0,1586.95,1,1,0,1,1
1104,42361,4,TCP,0.001,2,120,60.0,1577.4,1,1,0,1,1
5566,42362,4,TCP,0.001,2,120,60.0,1579.78,1,1,0,1,1
16080,42363,4,TCP,0.001,2,120,60.0,1524.92,1,1,0,1,1
50389,42364,4,TCP,0.001,2,120,60.0,1493.17,1,1,0,1,1
417,42365,4,TCP,0.001,2,120,60.0,1552.01,1,1,0,1,1
5859,42366,4,TCP,0.001,2,120,60.0,1525.2,1,1,0,1,1
1971,42367,4,TCP,0.001,1,66,66.0,1000.0,1,0,0,0,1
1805,42368,4,TCP,0.001,1,66,66.0,1000.0,1,0,0,0,1
17,42369,4,TCP,0.001,1,66,66.0,1000.0,1,0,0,0,1
6565,42370,4,TCP,0.001,1,66,66.0,1000.0,1,0,0,0,1
8383,42371,4,TCP,0.001,1,66,66.0,1000.0,1,0,0,0,1
6901,42940,4,TCP,0.001,1,66,66.0,1000.0,1,0,0,0,1
256,43303,4,TCP,0.168,2,120,60.0,11.9,1,1,0,1,1
111,43304,4,TCP,0.172,2,120,60.0,11.65,1,1,0,1,1
8888,43305,4,TCP,0.17,2,120,60.0,11.79,1,1,0,1,1
445,43306,4,TCP,0.173,2,120,60.0,11.54,1,1,0,1,1
1025,43307,4,TCP,0.169,2,120,60.0,11.81,1,1,0,1,1
3389,43308,4,TCP,0.307,2,120,60.0,6.52,1,1,0,1,1
3306,43309,4,TCP,0.306,2,120,60.0,6.54,1,1,0,1,1
554,43310,4,TCP,0.298,2,120,60.0,6.72,1,1,0,1,1
110,43311,4,TCP,0.309,2,120,60.0,6.46,1,1,0,1,1
21,43312,4,TCP,0.302,2,120,60.0,6.62,1,1,0,1,1
25,43313,4,TCP,0.306,2,120,60.0,6.54,1,1,0,1,1
143,43314,4,TCP,0.301,2,120,60.0,6.65,1,1,0,1,1
8080,43315,4,TCP,0.288,2,120,60.0,6.95,1,1,0,1,1
113,43316,4,TCP,0.234,2,120,60.0,8.56,1,1,0,1,1
443,43317,4,TCP,0.231,2,120,60.0,8.65,1,1,0,1,1
199,43318,4,TCP,0.245,2,120,60.0,8.17,1,1,0,1,1
139,43319,4,TCP,0.247,2,120,60.0,8.08,1,1,0,1,1
22,43320,4,TCP,1.019,4,252,63.0,3.93,2,3,0,1,1
1720,43321,4,TCP,0.224,2,120,60.0,8.91,1,1,0,1,1
587,43322,4,TCP,0.289,2,120,60.0,6.92,1,1,0,1,1
5900,43323,4,TCP,0.293,2,120,60.0,6.84,1,1,0,1,1
135,43324,4,TCP,0.295,2,120,60.0,6.78,1,1,0,1,1
1723,43325,4,TCP,0.293,2,120,60.0,6.84,1,1,0,1,1
995,43326,4,TCP,0.293,2,120,60.0,6.82,1,1,0,1,1
53,43327,4,TCP,0.245,2,120,60.0,8.16,1,1,0,1,1
23,43328,4,TCP,0.249,2,120,60.0,8.02,1,1,0,1,1
993,43329,4,TCP,0.228,2,120,60.0,8.76,1,1,0,1,1
80,43330,4,TCP,0.223,2,120,60.0,8.97,1,1,0,1,1
29085,43331,4,TCP,0.204,2,120,60.0,9.78,1,1,0,1,1
38987,43332,4,TCP,0.188,2,120,60.0,10.65,1,1,0,1,1
64188,43333,4,TCP,0.181,2,120,60.0,11.05,1,1,0,1,1
20344,43334,4,TCP,0.176,2,120,60.0,11.39,1,1,0,1,1
18405,43335,4,TCP,0.161,2,120,60.0,12.4,1,1,0,1,1
49068,43336,4,TCP,0.293,2,120,60.0,6.82,1,1,0,1,1
10511,43337,4,TCP,0.313,2,120,60.0,6.39,1,1,0,1,1
11222,43338,4,TCP,0.306,2,120,60.0,6.54,1,1,0,1,1
37207,43339,4,TCP,0.294,2,120,60.0,6.81,1,1,0,1,1
7231,43340,4,TCP,0.264,2,120,60.0,7.57,1,1,0,1,1
30640,43341,4,TCP,0.238,2,120,60.0,8.42,1,1,0,1,1
11494,43342,4,TCP,0.231,2,120,60.0,8.65,1,1,0,1,1
27768,43343,4,TCP,0.227,2,120,60.0,8.81,1,1,0,1,1
65070,43344,4,TCP,0.185,2,120,60.0,10.8,1,1,0,1,1
20804,43345,4,TCP,0.195,2,120,60.0,10.24,1,1,0,1,1
46619,43346,4,TCP,0.2,2,120,60.0,9.98,1,1,0,1,1
57739,43347,4,TCP,0.203,2,120,60.0,9.85,1,1,0,1,1
5753,43348,4,TCP,0.203,2,120,60.0,9.86,1,1,0,1,1
9730,43349,4,TCP,0.203,2,120,60.0,9.85,1,1,0,1,1
43902,43350,4,TCP,0.204,2,120,60.0,9.81,1,1,0,1,1
22687,43351,4,TCP,0.203,2,120,60.0,9.87,1,1,0,1,1
7617,43352,4,TCP,0.158,2,120,60.0,12.64,1,1,0,1,1
28793,43353,4,TCP,0.153,2,120,60.0,13.05,1,1,0,1,1
46261,43354,4,TCP,0.161,2,120,60.0,12.38,1,1,0,1,1
48718,43355,4,TCP,0.161,2,120,60.0,12.46,1,1,0,1,1
48536,43356,4,TCP,0.162,2,120,60.0,12.37,1,1,0,1,1
60154,43357,4,TCP,0.174,2,120,60.0,11.48,1,1,0,1,1
43326,43358,4,TCP,0.177,2,120,60.0,11.31,1,1,0,1,1
9814,43359,4,TCP,0.218,2,120,60.0,9.19,1,1,0,1,1
32489,43360,4,TCP,0.218,2,120,60.0,9.18,1,1,0,1,1
136,43361,4,TCP,0.214,2,120,60.0,9.34,1,1,0,1,1
36573,43362,4,TCP,0.208,2,120,60.0,9.63,1,1,0,1,1
60106,43363,4,TCP,0.194,2,120,60.0,10.34,1,1,0,1,1
63153,43364,4,TCP,0.192,2,120,60.0,10.41,1,1,0,1,1
17693,43365,4,TCP,0.187,2,120,60.0,10.7,1,1,0,1,1
23055,43366,4,TCP,0.186,2,120,60.0,10.73,1,1,0,1,1
4451,43367,4,TCP,0.001,1,66,66.0,1000.0,1,0,0,0,1
9657,43368,4,TCP,0.001,1,66,66.0,1000.0,1,0,0,0,1
14983,43369,4,TCP,0.001,1,66,66.0,1000.0,1,0,0,0,1
44758,43370,4,TCP,0.001,1,66,66.0,1000.0,1,0,0,0,1
18621,43371,4,TCP,0.001,1,66,66.0,1000.0,1,0,0,0,1
56517,43372,4,TCP,0.001,1,66,66.0,1000.0,1,0,0,0,1
45523,43373,4,TCP,0.001,1,66,66.0,1000.0,1,0,0,0,1
26819,43999,4,TCP,0.001,1,66,66.0,1000.0,1,0,0,0,1
37285,44319,4,TCP,0.001,1,66,66.0,1000.0,1,0,0,0,1
27712,44703,4,TCP,0.001,1,66,66.0,1000.0,1,0,0,0,1
35750,45087,4,TCP,0.001,1,66,66.0,1000.0,1,0,0,0,1
16656,45535,4,TCP,0.001,1,66,66.0,1000.0,1,0,0,0,1
32742,45919,4,TCP,0.001,1,66,66.0,1000.0,1,0,0,0,1
26601,46303,4,TCP,0.001,1,66,66.0,1000.0,1,0,0,0,1
54689,46687,4,TCP,0.001,1,66,66.0,1000.0,1,0,0,0,1
43892,47074,4,TCP,0.001,1,66,66.0,1000.0,1,0,0,0,1
62094,47457,4,TCP,0.001,1,66,66.0,1000.0,1,0,0,0,1
33802,47841,4,TCP,0.001,1,66,66.0,1000.0,1,0,0,0,1
64629,48225,4,TCP,0.001,1,66,66.0,1000.0,1,0,0,0,1
51244,48673,4,TCP,0.001,1,66,66.0,1000.0,1,0,0,0,1
48444,48993,4,TCP,0.001,1,66,66.0,1000.0,1,0,0,0,1
44724,49709,4,TCP,0.001,1,66,66.0,1000.0,1,0,0,0,1
58291,50089,4,TCP,0.001,1,66,66.0,1000.0,1,0,0,0,1
57493,50538,4,TCP,0.001,1,66,66.0,1000.0,1,0,0,0,1
12854,51051,4,TCP,0.001,1,66,66.0,1000.0,1,0,0,0,1
34595,51563,4,TCP,0.001,1,66,66.0,1000.0,1,0,0,0,1
55964,51951,4,TCP,0.001,1,66,66.0,1000.0,1,0,0,0,1
49657,52335,4,TCP,0.001,1,66,66.0,1000.0,1,0,0,0,1
20720,52785,4,TCP,0.001,1,66,66.0,1000.0,1,0,0,0,1
16361,53169,4,TCP,0.001,1,66,66.0,1000.0,1,0,0,0,1
18286,53553,4,TCP,0.001,1,66,66.0,1000.0,1,0,0,0,1
58629,53939,4,TCP,0.001,1,66,66.0,1000.0,1,0,0,0,1
59591,54323,4,TCP,0.001,1,66,66.0,1000.0,1,0,0,0,1
45167,54707,4,TCP,0.001,1,66,66.0,1000.0,1,0,0,0,1
38394,55162,4,TCP,0.001,1,66,66.0,1000.0,1,0,0,0,1
10423,55546,4,TCP,0.001,1,66,66.0,1000.0,1,0,0,0,1
18525,55931,4,TCP,0.001,1,66,66.0,1000.0,1,0,0,0,1
47426,56509,4,TCP,0.001,1,66,66.0,1000.0,1,0,0,0,1
53890,56957,4,TCP,0.001,1,66,66.0,1000.0,1,0,0,0,1
7392,57405,4,TCP,0.001,1,66,66.0,1000.0,1,0,0,0,1
7637,57789,4,TCP,0.001,1,66,66.0,1000.0,1,0,0,0,1
4165,58365,4,TCP,0.001,1,66,66.0,1000.0,1,0,0,0,1
30738,58749,4,TCP,0.001,1,66,66.0,1000.0,1,0,0,0,1
21701,59134,4,TCP,0.001,1,66,66.0,1000.0,1,0,0,0,1
5252,59518,4,TCP,0.001,1,66,66.0,1000.0,1,0,0,0,1
35207,59904,4,TCP,0.001,1,66,66.0,1000.0,1,0,0,0,1
46825,60288,4,TCP,0.001,1,66,66.0,1000.0,1,0,0,0,1
14218,60672,4,TCP,0.001,1,66,66.0,1000.0,1,0,0,0,1
65296,61057,4,TCP,0.001,1,66,66.0,1000.0,1,0,0,0,1
32492,61507,4,TCP,0.001,1,66,66.0,1000.0,1,0,0,0,1
16804,62083,4,TCP,0.001,1,66,66.0,1000.0,1,0,0,0,1
30038,62468,4,TCP,0.001,1,66,66.0,1000.0,1,0,0,0,1
31087,62852,4,TCP,0.001,1,66,66.0,1000.0,1,0,0,0,1
13128,63236,4,TCP,0.001,1,66,66.0,1000.0,1,0,0,0,1
43881,63684,4,TCP,0.001,1,66,66.0,1000.0,1,0,0,0,1
5476,64073,4,TCP,0.001,1,66,66.0,1000.0,1,0,0,0,1
23222,64459,4,TCP,0.001,1,66,66.0,1000.0,1,0,0,0,1
24119,64910,4,TCP,0.001,1,66,66.0,1000.0,1,0,0,0,1
48657,65294,4,TCP,0.001,1,66,66.0,1000.0,1,0,0,0,1
50029,1231,4,TCP,0.001,1,66,66.0,1000.0,1,0,0,0,1
58672,1615,4,TCP,0.001,1,66,66.0,1000.0,1,0,0,0,1
62897,1999,4,TCP,0.001,1,66,66.0,1000.0,1,0,0,0,1
17181,2447,4,TCP,0.001,1,66,66.0,1000.0,1,0,0,0,1
33696,2895,4,TCP,0.001,1,66,66.0,1000.0,1,0,0,0,1
48389,3215,4,TCP,0.001,1,66,66.0,1000.0,1,0,0,0,1
12538,3471,4,TCP,0.001,1,66,66.0,1000.0,1,0,0,0,1
56612,3727,4,TCP,0.001,1,66,66.0,1000.0,1,0,0,0,1
52353,3983,4,TCP,0.001,1,66,66.0,1000.0,1,0,0,0,1
53497,4240,4,TCP,0.001,1,66,66.0,1000.0,1,0,0,0,1
22382,4562,4,TCP,0.001,1,66,66.0,1000.0,1,0,0,0,1
57527,4818,4,TCP,0.001,1,66,66.0,1000.0,1,0,0,0,1
35701,5075,4,TCP,0.001,1,66,66.0,1000.0,1,0,0,0,1
30427,5332,4,TCP,0.001,1,66,66.0,1000.0,1,0,0,0,1
16419,5524,4,TCP,0.001,1,66,66.0,1000.0,1,0,0,0,1
64171,5844,4,TCP,0.001,1,66,66.0,1000.0,1,0,0,0,1
51450,6036,4,TCP,0.001,1,66,66.0,1000.0,1,0,0,0,1
20612,6356,4,TCP,0.001,1,66,66.0,1000.0,1,0,0,0,1
46692,6736,4,TCP,0.001,1,66,66.0,1000.0,1,0,0,0,1
59686,7184,4,TCP,0.001,1,66,66.0,1000.0,1,0,0,0,1
64560,7761,4,TCP,0.001,1,66,66.0,1000.0,1,0,0,0,1
4112,8338,4,TCP,0.001,1,66,66.0,1000.0,1,0,0,0,1
51471,8658,4,TCP,0.001,1,66,66.0,1000.0,1,0,0,0,1
55293,8977,4,TCP,0.001,1,66,66.0,1000.0,1,0,0,0,1
53266,9361,4,TCP,0.001,1,66,66.0,1000.0,1,0,0,0,1
23828,9873,4,TCP,0.001,1,66,66.0,1000.0,1,0,0,0,1
33514,10194,4,TCP,0.001,1,66,66.0,1000.0,1,0,0,0,1
5501,10514,4,TCP,0.001,1,66,66.0,1000.0,1,0,0,0,1
1363,10770,4,TCP,0.001,1,66,66.0,1000.0,1,0,0,0,1
64069,11026,4,TCP,0.001,1,66,66.0,1000.0,1,0,0,0,1
2731,11282,4,TCP,0.001,1,66,66.0,1000.0,1,0,0,0,1
17276,11538,4,TCP,0.001,1,66,66.0,1000.0,1,0,0,0,1
48565,11794,4,TCP,0.001,1,66,66.0,1000.0,1,0,0,0,1
39660,12048,4,TCP,0.001,1,66,66.0,1000.0,1,0,0,0,1
49985,12368,4,TCP,0.001,1,66,66.0,1000.0,1,0,0,0,1
63843,12624,4,TCP,0.001,1,66,66.0,1000.0,1,0,0,0,1
21432,12880,4,TCP,0.001,1,66,66.0,1000.0,1,0,0,0,1
25142,13136,4,TCP,0.001,1,66,66.0,1000.0,1,0,0,0,1
35347,13397,4,TCP,0.001,1,66,66.0,1000.0,1,0,0,0,1
42701,13653,4,TCP,0.001,1,66,66.0,1000.0,1,0,0,0,1
18264,13909,4,TCP,0.001,1,66,66.0,1000.0,1,0,0,0,1
62113,14293,4,TCP,0.001,1,66,66.0,1000.0,1,0,0,0,1
15398,14677,4,TCP,0.001,1,66,66.0,1000.0,1,0,0,0,1
61070,14933,4,TCP,0.001,1,66,66.0,1000.0,1,0,0,0,1
22743,15192,4,TCP,0.001,1,66,66.0,1000.0,1,0,0,0,1
48586,15960,4,TCP,0.001,1,66,66.0,1000.0,1,0,0,0,1
8377,16216,4,TCP,0.001,1,66,66.0,1000.0,1,0,0,0,1
48090,16536,4,TCP,0.001,1,66,66.0,1000.0,1,0,0,0,1
16351,16792,4,TCP,0.001,1,66,66.0,1000.0,1,0,0,0,1
17530,17048,4,TCP,0.001,1,66,66.0,1000.0,1,0,0,0,1
36683,17304,4,TCP,0.001,1,66,66.0,1000.0,1,0,0,0,1
31988,17560,4,TCP,0.001,1,66,66.0,1000.0,1,0,0,0,1
58847,17814,4,TCP,0.001,1,66,66.0,1000.0,1,0,0,0,1
61429,18070,4,TCP,0.001,1,66,66.0,1000.0,1,0,0,0,1
41218,18325,4,TCP,0.001,1,66,66.0,1000.0,1,0,0,0,1
52273,18645,4,TCP,0.001,1,66,66.0,1000.0,1,0,0,0,1
47293,18901,4,TCP,0.001,1,66,66.0,1000.0,1,0,0,0,1
26966,19157,4,TCP,0.001,1,66,66.0,1000.0,1,0,0,0,1
2794,19542,4,TCP,0.001,1,66,66.0,1000.0,1,0,0,0,1
14725,19799,4,TCP,0.001,1,66,66.0,1000.0,1,0,0,0,1
26116,20119,4,TCP,0.001,1,66,66.0,1000.0,1,0,0,0,1
56360,20375,4,TCP,0.001,1,66,66.0,1000.0,1,0,0,0,1
58348,20693,4,TCP,0.001,1,66,66.0,1000.0,1,0,0,0,1
25218,21077,4,TCP,0.001,1,66,66.0,1000.0,1,0,0,0,1
35498,21525,4,TCP,0.001,1,66,66.0,1000.0,1,0,0,0,1
55804,21781,4,TCP,0.001,1,66,66.0,1000.0,1,0,0,0,1
16250,22101,4,TCP,0.001,1,66,66.0,1000.0,1,0,0,0,1
15163,22357,4,TCP,0.001,1,66,66.0,1000.0,1,0,0,0,1
29318,22613,4,TCP,0.001,1,66,66.0,1000.0,1,0,0,0,1
44878,22869,4,TCP,0.001,1,66,66.0,1000.0,1,0,0,0,1
59192,23125,4,TCP,0.001,1,66,66.0,1000.0,1,0,0,0,1
31681,23444,4,TCP,0.001,1,66,66.0,1000.0,1,0,0,0,1
49506,23700,4,TCP,0.001,1,66,66.0,1000.0,1,0,0,0,1
13468,23956,4,TCP,0.001,1,66,66.0,1000.0,1,0,0,0,1
46036,24212,4,TCP,0.001,1,66,66.0,1000.0,1,0,0,0,1
38201,24468,4,TCP,0.001,1,66,66.0,1000.0,1,0,0,0,1
11476,24789,4,TCP,0.001,1,66,66.0,1000.0,1,0,0,0,1
18364,25045,4,TCP,0.001,1,66,66.0,1000.0,1,0,0,0,1
25222,25301,4,TCP,0.001,1,66,66.0,1000.0,1,0,0,0,1
27499,25557,4,TCP,0.001,1,66,66.0,1000.0,1,0,0,0,1
20534,25813,4,TCP,0.001,1,66,66.0,1000.0,1,0,0,0,1
42697,26069,4,TCP,0.001,1,66,66.0,1000.0,1,0,0,0,1
17922,26325,4,TCP,0.001,1,66,66.0,1000.0,1,0,0,0,1
2744,26581,4,TCP,0.001,1,66,66.0,1000.0,1,0,0,0,1
61037,26837,4,TCP,0.001,1,66,66.0,1000.0,1,0,0,0,1
27782,27159,4,TCP,0.001,1,66,66.0,1000.0,1,0,0,0,1
5198,27415,4,TCP,0.001,1,66,66.0,1000.0,1,0,0,0,1
51932,27671,4,TCP,0.001,1,66,66.0,1000.0,1,0,0,0,1
45770,27927,4,TCP,0.001,1,66,66.0,1000.0,1,0,0,0,1
6330,28183,4,TCP,0.001,1,66,66.0,1000.0,1,0,0,0,1
10157,28439,4,TCP,0.001,1,66,66.0,1000.0,1,0,0,0,1
5162,28695,4,TCP,0.001,1,66,66.0,1000.0,1,0,0,0,1
38050,29015,4,TCP,0.001,1,66,66.0,1000.0,1,0,0,0,1
28686,29399,4,TCP,0.001,1,66,66.0,1000.0,1,0,0,0,1
9751,29655,4,TCP,0.001,1,66,66.0,1000.0,1,0,0,0,1
37307,29974,4,TCP,0.001,1,66,66.0,1000.0,1,0,0,0,1
58005,30359,4,TCP,0.001,1,66,66.0,1000.0,1,0,0,0,1
37297,30871,4,TCP,0.001,1,66,66.0,1000.0,1,0,0,0,1
48516,31127,4,TCP,0.001,1,66,66.0,1000.0,1,0,0,0,1
38033,31447,4,TCP,0.001,1,66,66.0,1000.0,1,0,0,0,1
12721,31703,4,TCP,0.001,1,66,66.0,1000.0,1,0,0,0,1
38783,31959,4,TCP,0.001,1,66,66.0,1000.0,1,0,0,0,1
23142,32278,4,TCP,0.001,1,66,66.0,1000.0,1,0,0,0,1
45146,32662,4,TCP,0.001,1,66,66.0,1000.0,1,0,0,0,1
2425,33111,4,TCP,0.001,1,66,66.0,1000.0,1,0,0,0,1
51833,33495,4,TCP,0.001,1,66,66.0,1000.0,1,0,0,0,1
8875,33751,4,TCP,0.001,1,66,66.0,1000.0,1,0,0,0,1
224,34007,4,TCP,0.001,1,66,66.0,1000.0,1,0,0,0,1
26821,34263,4,TCP,0.001,1,66,66.0,1000.0,1,0,0,0,1
7931,34519,4,TCP,0.001,1,66,66.0,1000.0,1,0,0,0,1
56609,34966,4,TCP,0.001,1,66,66.0,1000.0,1,0,0,0,1
50001,35350,4,TCP,0.001,1,66,66.0,1000.0,1,0,0,0,1
53568,35670,4,TCP,0.001,1,66,66.0,1000.0,1,0,0,0,1
7087,35927,4,TCP,0.001,1,66,66.0,1000.0,1,0,0,0,1
23556,36247,4,TCP,0.001,1,66,66.0,1000.0,1,0,0,0,1
2906,36503,4,TCP,0.001,1,66,66.0,1000.0,1,0,0,0,1
60399,36887,4,TCP,0.001,1,66,66.0,1000.0,1,0,0,0,1
42465,37143,4,TCP,0.001,1,66,66.0,1000.0,1,0,0,0,1
13750,37335,4,TCP,0.001,1,66,66.0,1000.0,1,0,0,0,1
48736,37655,4,TCP,0.001,1,66,66.0,1000.0,1,0,0,0,1
22439,37911,4,TCP,0.001,1,66,66.0,1000.0,1,0,0,0,1
6472,38167,4,TCP,0.001,1,66,66.0,1000.0,1,0,0,0,1
42824,38423,4,TCP,0.001,1,66,66.0,1000.0,1,0,0,0,1
64541,38679,4,TCP,0.001,1,66,66.0,1000.0,1,0,0,0,1
60648,38935,4,TCP,0.001,1,66,66.0,1000.0,1,0,0,0,1
5412,39196,4,TCP,0.001,1,66,66.0,1000.0,1,0,0,0,1
42331,39452,4,TCP,0.001,1,66,66.0,1000.0,1,0,0,0,1
52384,39772,4,TCP,0.001,1,66,66.0,1000.0,1,0,0,0,1
45904,40028,4,TCP,0.001,1,66,66.0,1000.0,1,0,0,0,1
25424,40284,4,TCP,0.001,1,66,66.0,1000.0,1,0,0,0,1
8774,40476,4,TCP,0.001,1,66,66.0,1000.0,1,0,0,0,1
64420,40796,4,TCP,0.001,1,66,66.0,1000.0,1,0,0,0,1
47215,41052,4,TCP,0.001,1,66,66.0,1000.0,1,0,0,0,1
52937,41308,4,TCP,0.001,1,66,66.0,1000.0,1,0,0,0,1
44029,41564,4,TCP,0.001,1,66,66.0,1000.0,1,0,0,0,1
17023,41820,4,TCP,0.001,1,66,66.0,1000.0,1,0,0,0,1
40969,42077,4,TCP,0.001,1,66,66.0,1000.0,1,0,0,0,1
10224,42334,4,TCP,0.001,1,66,66.0,1000.0,1,0,0,0,1
46280,42590,4,TCP,0.001,1,66,66.0,1000.0,1,0,0,0,1
6,42910,4,TCP,0.001,1,66,66.0,1000.0,1,0,0,0,1
35167,43166,4,TCP,0.001,1,66,66.0,1000.0,1,0,0,0,1
6734,43423,4,TCP,0.001,1,66,66.0,1000.0,1,0,0,0,1
34732,43679,4,TCP,0.001,1,66,66.0,1000.0,1,0,0,0,1
64158,43935,4,TCP,0.001,1,66,66.0,1000.0,1,0,0,0,1
13142,44317,4,TCP,0.001,1,66,66.0,1000.0,1,0,0,0,1
24513,44701,4,TCP,0.001,1,66,66.0,1000.0,1,0,0,0,1
8888,44727,4,TCP,0.128,2,120,60.0,15.57,1,1,0,1,1
135,44728,4,TCP,0.136,2,120,60.0,14.73,1,1,0,1,1
587,44729,4,TCP,0.128,2,120,60.0,15.68,1,1,0,1,1
113,44730,4,TCP,0.136,2,120,60.0,14.74,1,1,0,1,1
3389,44731,4,TCP,0.269,2,120,60.0,7.44,1,1,0,1,1
25,44732,4,TCP,0.27,2,120,60.0,7.42,1,1,0,1,1
8080,44733,4,TCP,0.281,2,120,60.0,7.12,1,1,0,1,1
53,44734,4,TCP,0.275,2,120,60.0,7.28,1,1,0,1,1
21,44735,4,TCP,0.275,2,120,60.0,7.27,1,1,0,1,1
110,44736,4,TCP,0.284,2,120,60.0,7.04,1,1,0,1,1
1723,44737,4,TCP,0.281,2,120,60.0,7.12,1,1,0,1,1
143,44738,4,TCP,0.285,2,120,60.0,7.03,1,1,0,1,1
5900,44739,4,TCP,0.276,2,120,60.0,7.23,1,1,0,1,1
554,44740,4,TCP,0.291,2,120,60.0,6.87,1,1,0,1,1
139,44741,4,TCP,0.335,2,120,60.0,5.98,1,1,0,1,1
23,44742,4,TCP,0.328,2,120,60.0,6.09,1,1,0,1,1
3306,44743,4,TCP,0.335,2,120,60.0,5.97,1,1,0,1,1
1720,44744,4,TCP,0.34,2,120,60.0,5.88,1,1,0,1,1
443,44745,4,TCP,0.342,2,120,60.0,5.85,1,1,0,1,1
1025,44746,4,TCP,0.343,2,120,60.0,5.84,1,1,0,1,1
199,44747,4,TCP,0.192,2,120,60.0,10.44,1,1,0,1,1
995,44748,4,TCP,0.199,2,120,60.0,10.06,1,1,0,1,1
993,44749,4,TCP,0.216,2,120,60.0,9.25,1,1,0,1,1
111,44750,4,TCP,0.217,2,120,60.0,9.22,1,1,0,1,1
445,44751,4,TCP,0.207,2,120,60.0,9.65,1,1,0,1,1
80,44752,4,TCP,0.204,2,120,60.0,9.81,1,1,0,1,1
22,44753,4,TCP,1.227,4,252,63.0,3.26,2,3,0,1,1
256,44754,4,TCP,0.185,2,120,60.0,10.84,1,1,0,1,1
19817,44755,4,TCP,0.181,2,120,60.0,11.03,1,1,0,1,1
29847,44756,4,TCP,0.18,2,120,60.0,11.12,1,1,0,1,1
58668,44757,4,TCP,0.19,2,120,60.0,10.53,1,1,0,1,1
53152,44758,4,TCP,0.189,2,120,60.0,10.58,1,1,0,1,1
52865,44759,4,TCP,0.189,2,120,60.0,10.57,1,1,0,1,1
22142,44760,4,TCP,0.185,2,120,60.0,10.8,1,1,0,1,1
44231,44761,4,TCP,0.181,2,120,60.0,11.05,1,1,0,1,1
38052,44762,4,TCP,0.181,2,120,60.0,11.05,1,1,0,1,1
14516,44763,4,TCP,0.162,2,120,60.0,12.37,1,1,0,1,1
9226,44764,4,TCP,0.162,2,120,60.0,12.37,1,1,0,1,1
6755,44765,4,TCP,0.159,2,120,60.0,12.58,1,1,0,1,1
31721,44766,4,TCP,0.158,2,120,60.0,12.66,1,1,0,1,1
26923,44767,4,TCP,0.159,2,120,60.0,12.56,1,1,0,1,1
63596,44768,4,TCP,0.269,2,120,60.0,7.42,1,1,0,1,1
50627,44769,4,TCP,0.283,2,120,60.0,7.07,1,1,0,1,1
44344,44770,4,TCP,0.295,2,120,60.0,6.78,1,1,0,1,1
47671,44771,4,TCP,0.284,2,120,60.0,7.05,1,1,0,1,1
41073,44772,4,TCP,0.243,2,120,60.0,8.22,1,1,0,1,1
30008,44773,4,TCP,0.231,2,120,60.0,8.65,1,1,0,1,1
36803,44774,4,TCP,0.223,2,120,60.0,8.96,1,1,0,1,1
57698,44775,4,TCP,0.224,2,120,60.0,8.94,1,1,0,1,1
11841,44776,4,TCP,0.08,2,120,60.0,25.04,1,1,0,1,1
31807,44777,4,TCP,0.067,2,120,60.0,29.85,1,1,0,1,1
48461,44778,4,TCP,0.325,2,120,60.0,6.16,1,1,0,1,1
442,44779,4,TCP,0.251,2,120,60.0,7.96,1,1,0,1,1
4240,44780,4,TCP,0.17,2,120,60.0,11.79,1,1,0,1,1
18493,44781,4,TCP,0.162,2,120,60.0,12.34,1,1,0,1,1
25592,44782,4,TCP,0.278,2,120,60.0,7.18,1,1,0,1,1
904,44783,4,TCP,0.285,2,120,60.0,7.02,1,1,0,1,1
24811,44784,4,TCP,0.285,2,120,60.0,7.02,1,1,0,1,1
1650,44785,4,TCP,0.283,2,120,60.0,7.06,1,1,0,1,1
54201,44786,4,TCP,0.274,2,120,60.0,7.31,1,1,0,1,1
18732,44787,4,TCP,0.268,2,120,60.0,7.45,1,1,0,1,1
26725,44788,4,TCP,0.258,2,120,60.0,7.74,1,1,0,1,1
7070,44789,4,TCP,0.245,2,120,60.0,8.15,1,1,0,1,1
37398,44790,4,TCP,0.187,2,120,60.0,10.69,1,1,0,1,1
45890,44791,4,TCP,0.001,1,66,66.0,1000.0,1,0,0,0,1
22077,44792,4,TCP,0.001,1,66,66.0,1000.0,1,0,0,0,1
37864,44793,4,TCP,0.001,1,66,66.0,1000.0,1,0,0,0,1
3251,44794,4,TCP,0.001,1,66,66.0,1000.0,1,0,0,0,1
56635,44795,4,TCP,0.001,1,66,66.0,1000.0,1,0,0,0,1
62008,44796,4,TCP,0.001,1,66,66.0,1000.0,1,0,0,0,1
36743,44797,4,TCP,0.001,1,66,66.0,1000.0,1,0,0,0,1
53966,45445,4,TCP,0.001,1,66,66.0,1000.0,1,0,0,0,1
37001,45765,4,TCP,0.001,1,66,66.0,1000.0,1,0,0,0,1
28791,46277,4,TCP,0.001,1,66,66.0,1000.0,1,0,0,0,1
17799,46661,4,TCP,0.001,1,66,66.0,1000.0,1,0,0,0,1
5201,46984,4,TCP,0.001,1,66,66.0,1000.0,1,0,0,0,1
41122,47368,4,TCP,0.001,1,66,66.0,1000.0,1,0,0,0,1
39493,47752,4,TCP,0.001,1,66,66.0,1000.0,1,0,0,0,1
50469,48200,4,TCP,0.001,1,66,66.0,1000.0,1,0,0,0,1
25097,48584,4,TCP,0.001,1,66,66.0,1000.0,1,0,0,0,1
32225,48968,4,TCP,0.001,1,66,66.0,1000.0,1,0,0,0,1
27344,49352,4,TCP,0.001,1,66,66.0,1000.0,1,0,0,0,1
53726,50129,4,TCP,0.001,1,66,66.0,1000.0,1,0,0,0,1
30080,50513,4,TCP,0.001,1,66,66.0,1000.0,1,0,0,0,1
38095,50835,4,TCP,0.001,1,66,66.0,1000.0,1,0,0,0,1
36012,51219,4,TCP,0.001,1,66,66.0,1000.0,1,0,0,0,1
18380,51603,4,TCP,0.001,1,66,66.0,1000.0,1,0,0,0,1
57513,51991,4,TCP,0.001,1,66,66.0,1000.0,1,0,0,0,1
42165,52375,4,TCP,0.001,1,66,66.0,1000.0,1,0,0,0,1
41141,52889,4,TCP,0.001,1,66,66.0,1000.0,1,0,0,0,1
48539,53273,4,TCP,0.001,1,66,66.0,1000.0,1,0,0,0,1
46528,53657,4,TCP,0.001,1,66,66.0,1000.0,1,0,0,0,1
38360,54107,4,TCP,0.001,1,66,66.0,1000.0,1,0,0,0,1
13227,54491,4,TCP,0.001,1,66,66.0,1000.0,1,0,0,0,1
59840,54874,4,TCP,0.001,1,66,66.0,1000.0,1,0,0,0,1
15718,55264,4,TCP,0.001,1,66,66.0,1000.0,1,0,0,0,1
57786,55713,4,TCP,0.001,1,66,66.0,1000.0,1,0,0,0,1
47495,56098,4,TCP,0.001,1,66,66.0,1000.0,1,0,0,0,1
61528,56547,4,TCP,0.001,1,66,66.0,1000.0,1,0,0,0,1
61401,56995,4,TCP,0.001,1,66,66.0,1000.0,1,0,0,0,1
57853,57315,4,TCP,0.001,1,66,66.0,1000.0,1,0,0,0,1
56257,57699,4,TCP,0.001,1,66,66.0,1000.0,1,0,0,0,1
14476,58083,4,TCP,0.001,1,66,66.0,1000.0,1,0,0,0,1
32972,58467,4,TCP,0.001,1,66,66.0,1000.0,1,0,0,0,1
26693,59108,4,TCP,0.001,1,66,66.0,1000.0,1,0,0,0,1
12144,59943,4,TCP,0.001,1,66,66.0,1000.0,1,0,0,0,1
47183,60327,4,TCP,0.001,1,66,66.0,1000.0,1,0,0,0,1
16335,60840,4,TCP,0.001,1,66,66.0,1000.0,1,0,0,0,1
9505,61225,4,TCP,0.001,1,66,66.0,1000.0,1,0,0,0,1
1817,61610,4,TCP,0.001,1,66,66.0,1000.0,1,0,0,0,1
6265,61995,4,TCP,0.001,1,66,66.0,1000.0,1,0,0,0,1
33501,62380,4,TCP,0.001,1,66,66.0,1000.0,1,0,0,0,1
8371,62764,4,TCP,0.001,1,66,66.0,1000.0,1,0,0,0,1
51011,63148,4,TCP,0.001,1,66,66.0,1000.0,1,0,0,0,1
50264,63532,4,TCP,0.001,1,66,66.0,1000.0,1,0,0,0,1
37720,63917,4,TCP,0.001,1,66,66.0,1000.0,1,0,0,0,1
12265,64307,4,TCP,0.001,1,66,66.0,1000.0,1,0,0,0,1
50444,64691,4,TCP,0.001,1,66,66.0,1000.0,1,0,0,0,1
5204,65139,4,TCP,0.001,1,66,66.0,1000.0,1,0,0,0,1
44791,1204,4,TCP,0.001,1,66,66.0,1000.0,1,0,0,0,1
44534,1588,4,TCP,0.001,1,66,66.0,1000.0,1,0,0,0,1
43542,1844,4,TCP,0.001,1,66,66.0,1000.0,1,0,0,0,1
9163,2163,4,TCP,0.001,1,66,66.0,1000.0,1,0,0,0,1
25597,2611,4,TCP,0.001,1,66,66.0,1000.0,1,0,0,0,1
31803,3187,4,TCP,0.001,1,66,66.0,1000.0,1,0,0,0,1
11178,3443,4,TCP,0.001,1,66,66.0,1000.0,1,0,0,0,1
41036,3699,4,TCP,0.001,1,66,66.0,1000.0,1,0,0,0,1
6663,3955,4,TCP,0.001,1,66,66.0,1000.0,1,0,0,0,1
41333,4211,4,TCP,0.001,1,66,66.0,1000.0,1,0,0,0,1
14946,4470,4,TCP,0.001,1,66,66.0,1000.0,1,0,0,0,1
45807,4790,4,TCP,0.001,1,66,66.0,1000.0,1,0,0,0,1
30169,4982,4,TCP,0.001,1,66,66.0,1000.0,1,0,0,0,1
63661,5304,4,TCP,0.001,1,66,66.0,1000.0,1,0,0,0,1
51792,5560,4,TCP,0.001,1,66,66.0,1000.0,1,0,0,0,1
23986,5816,4,TCP,0.001,1,66,66.0,1000.0,1,0,0,0,1
277,6200,4,TCP,0.001,1,66,66.0,1000.0,1,0,0,0,1
22811,6456,4,TCP,0.001,1,66,66.0,1000.0,1,0,0,0,1
29010,6712,4,TCP,0.001,1,66,66.0,1000.0,1,0,0,0,1
21777,6968,4,TCP,0.001,1,66,66.0,1000.0,1,0,0,0,1
5658,7224,4,TCP,0.001,1,66,66.0,1000.0,1,0,0,0,1
28624,7480,4,TCP,0.001,1,66,66.0,1000.0,1,0,0,0,1
333,7737,4,TCP,0.001,1,66,66.0,1000.0,1,0,0,0,1
509,7993,4,TCP,0.001,1,66,66.0,1000.0,1,0,0,0,1
23132,8249,4,TCP,0.001,1,66,66.0,1000.0,1,0,0,0,1
38076,8505,4,TCP,0.001,1,66,66.0,1000.0,1,0,0,0,1
17510,8761,4,TCP,0.001,1,66,66.0,1000.0,1,0,0,0,1
21635,9017,4,TCP,0.001,1,66,66.0,1000.0,1,0,0,0,1
46131,9337,4,TCP,0.001,1,66,66.0,1000.0,1,0,0,0,1
42593,9593,4,TCP,0.001,1,66,66.0,1000.0,1,0,0,0,1
40142,9849,4,TCP,0.001,1,66,66.0,1000.0,1,0,0,0,1
49380,10106,4,TCP,0.001,1,66,66.0,1000.0,1,0,0,0,1
64196,10362,4,TCP,0.001,1,66,66.0,1000.0,1,0,0,0,1
33221,10618,4,TCP,0.001,1,66,66.0,1000.0,1,0,0,0,1
63223,10874,4,TCP,0.001,1,66,66.0,1000.0,1,0,0,0,1
56149,11130,4,TCP,0.001,1,66,66.0,1000.0,1,0,0,0,1
48386,11386,4,TCP,0.001,1,66,66.0,1000.0,1,0,0,0,1
29250,11767,4,TCP,0.001,1,66,66.0,1000.0,1,0,0,0,1
27480,12151,4,TCP,0.001,1,66,66.0,1000.0,1,0,0,0,1
50820,12471,4,TCP,0.001,1,66,66.0,1000.0,1,0,0,0,1
22361,13239,4,TCP,0.001,1,66,66.0,1000.0,1,0,0,0,1
19061,13564,4,TCP,0.001,1,66,66.0,1000.0,1,0,0,0,1
42591,13820,4,TCP,0.001,1,66,66.0,1000.0,1,0,0,0,1
40863,14203,4,TCP,0.001,1,66,66.0,1000.0,1,0,0,0,1
27081,14587,4,TCP,0.001,1,66,66.0,1000.0,1,0,0,0,1
18654,15099,4,TCP,0.001,1,66,66.0,1000.0,1,0,0,0,1
29570,15358,4,TCP,0.001,1,66,66.0,1000.0,1,0,0,0,1
64410,15612,4,TCP,0.001,1,66,66.0,1000.0,1,0,0,0,1
8793,15868,4,TCP,0.001,1,66,66.0,1000.0,1,0,0,0,1
42031,16124,4,TCP,0.001,1,66,66.0,1000.0,1,0,0,0,1
48953,16380,4,TCP,0.001,1,66,66.0,1000.0,1,0,0,0,1
26207,16636,4,TCP,0.001,1,66,66.0,1000.0,1,0,0,0,1
36056,16892,4,TCP,0.001,1,66,66.0,1000.0,1,0,0,0,1
45430,17148,4,TCP,0.001,1,66,66.0,1000.0,1,0,0,0,1
41438,17532,4,TCP,0.001,1,66,66.0,1000.0,1,0,0,0,1
64884,17916,4,TCP,0.001,1,66,66.0,1000.0,1,0,0,0,1
20139,18236,4,TCP,0.001,1,66,66.0,1000.0,1,0,0,0,1
38122,19453,4,TCP,0.001,1,66,66.0,1000.0,1,0,0,0,1
7405,20733,4,TCP,0.001,1,66,66.0,1000.0,1,0,0,0,1
56206,21179,4,TCP,0.001,1,66,66.0,1000.0,1,0,0,0,1
37997,21755,4,TCP,0.001,1,66,66.0,1000.0,1,0,0,0,1
11204,22203,4,TCP,0.001,1,66,66.0,1000.0,1,0,0,0,1
14746,22651,4,TCP,0.001,1,66,66.0,1000.0,1,0,0,0,1
23126,23035,4,TCP,0.001,1,66,66.0,1000.0,1,0,0,0,1
31434,23419,4,TCP,0.001,1,66,66.0,1000.0,1,0,0,0,1
46998,23803,4,TCP,0.001,1,66,66.0,1000.0,1,0,0,0,1
55714,24187,4,TCP,0.001,1,66,66.0,1000.0,1,0,0,0,1
57716,24572,4,TCP,0.001,1,66,66.0,1000.0,1,0,0,0,1
3524,24956,4,TCP,0.001,1,66,66.0,1000.0,1,0,0,0,1
17295,25404,4,TCP,0.001,1,66,66.0,1000.0,1,0,0,0,1
37368,25787,4,TCP,0.001,1,66,66.0,1000.0,1,0,0,0,1
57063,26171,4,TCP,0.001,1,66,66.0,1000.0,1,0,0,0,1
52622,26555,4,TCP,0.001,1,66,66.0,1000.0,1,0,0,0,1
61240,27002,4,TCP,0.001,1,66,66.0,1000.0,1,0,0,0,1
6477,27388,4,TCP,0.001,1,66,66.0,1000.0,1,0,0,0,1
59765,27772,4,TCP,0.001,1,66,66.0,1000.0,1,0,0,0,1
15678,28092,4,TCP,0.001,1,66,66.0,1000.0,1,0,0,0,1
18508,28476,4,TCP,0.001,1,66,66.0,1000.0,1,0,0,0,1
2820,28732,4,TCP,0.001,1,66,66.0,1000.0,1,0,0,0,1
34579,28988,4,TCP,0.001,1,66,66.0,1000.0,1,0,0,0,1
44869,29244,4,TCP,0.001,1,66,66.0,1000.0,1,0,0,0,1
19150,29500,4,TCP,0.001,1,66,66.0,1000.0,1,0,0,0,1
61237,29756,4,TCP,0.001,1,66,66.0,1000.0,1,0,0,0,1
21134,30141,4,TCP,0.001,1,66,66.0,1000.0,1,0,0,0,1
15130,30397,4,TCP,0.001,1,66,66.0,1000.0,1,0,0,0,1
29319,30653,4,TCP,0.001,1,66,66.0,1000.0,1,0,0,0,1
38273,30909,4,TCP,0.001,1,66,66.0,1000.0,1,0,0,0,1
7838,31165,4,TCP,0.001,1,66,66.0,1000.0,1,0,0,0,1
63557,31421,4,TCP,0.001,1,66,66.0,1000.0,1,0,0,0,1
65413,31677,4,TCP,0.001,1,66,66.0,1000.0,1,0,0,0,1
61839,31933,4,TCP,0.001,1,66,66.0,1000.0,1,0,0,0,1
59531,32189,4,TCP,0.001,1,66,66.0,1000.0,1,0,0,0,1
10870,32509,4,TCP,0.001,1,66,66.0,1000.0,1,0,0,0,1
2024,32701,4,TCP,0.001,1,66,66.0,1000.0,1,0,0,0,1
13067,33022,4,TCP,0.001,1,66,66.0,1000.0,1,0,0,0,1
10988,33278,4,TCP,0.001,1,66,66.0,1000.0,1,0,0,0,1
44712,33534,4,TCP,0.001,1,66,66.0,1000.0,1,0,0,0,1
27381,33790,4,TCP,0.001,1,66,66.0,1000.0,1,0,0,0,1
12052,34046,4,TCP,0.001,1,66,66.0,1000.0,1,0,0,0,1
5121,34302,4,TCP,0.001,1,66,66.0,1000.0,1,0,0,0,1
26860,34686,4,TCP,0.001,1,66,66.0,1000.0,1,0,0,0,1
48041,35070,4,TCP,0.001,1,66,66.0,1000.0,1,0,0,0,1
17456,35326,4,TCP,0.001,1,66,66.0,1000.0,1,0,0,0,1
32704,35582,4,TCP,0.001,1,66,66.0,1000.0,1,0,0,0,1
50220,35839,4,TCP,0.001,1,66,66.0,1000.0,1,0,0,0,1
64,36095,4,TCP,0.001,1,66,66.0,1000.0,1,0,0,0,1
6218,36351,4,TCP,0.001,1,66,66.0,1000.0,1,0,0,0,1
7232,36607,4,TCP,0.001,1,66,66.0,1000.0,1,0,0,0,1
41696,36863,4,TCP,0.001,1,66,66.0,1000.0,1,0,0,0,1
61291,37119,4,TCP,0.001,1,66,66.0,1000.0,1,0,0,0,1
35554,37502,4,TCP,0.001,1,66,66.0,1000.0,1,0,0,0,1
26969,37886,4,TCP,0.001,1,66,66.0,1000.0,1,0,0,0,1
56842,38334,4,TCP,0.001,1,66,66.0,1000.0,1,0,0,0,1
57776,38654,4,TCP,0.001,1,66,66.0,1000.0,1,0,0,0,1
6840,38910,4,TCP,0.001,1,66,66.0,1000.0,1,0,0,0,1
44604,39171,4,TCP,0.001,1,66,66.0,1000.0,1,0,0,0,1
19777,39491,4,TCP,0.001,1,66,66.0,1000.0,1,0,0,0,1
11763,39747,4,TCP,0.001,1,66,66.0,1000.0,1,0,0,0,1
3741,40003,4,TCP,0.001,1,66,66.0,1000.0,1,0,0,0,1
10890,40259,4,TCP,0.001,1,66,66.0,1000.0,1,0,0,0,1
34573,40515,4,TCP,0.001,1,66,66.0,1000.0,1,0,0,0,1
44498,40771,4,TCP,0.001,1,66,66.0,1000.0,1,0,0,0,1
36272,41027,4,TCP,0.001,1,66,66.0,1000.0,1,0,0,0,1
35920,41347,4,TCP,0.001,1,66,66.0,1000.0,1,0,0,0,1
22406,41539,4,TCP,0.001,1,66,66.0,1000.0,1,0,0,0,1
62331,41795,4,TCP,0.001,1,66,66.0,1000.0,1,0,0,0,1
63952,42116,4,TCP,0.001,1,66,66.0,1000.0,1,0,0,0,1
25052,42373,4,TCP,0.001,1,66,66.0,1000.0,1,0,0,0,1
11503,42629,4,TCP,0.001,1,66,66.0,1000.0,1,0,0,0,1
56786,42885,4,TCP,0.001,1,66,66.0,1000.0,1,0,0,0,1
53906,43205,4,TCP,0.001,1,66,66.0,1000.0,1,0,0,0,1
30778,43462,4,TCP,0.001,1,66,66.0,1000.0,1,0,0,0,1
46271,43718,4,TCP,0.001,1,66,66.0,1000.0,1,0,0,0,1
11515,43974,4,TCP,0.001,1,66,66.0,1000.0,1,0,0,0,1
1008,44230,4,TCP,0.001,1,66,66.0,1000.0,1,0,0,0,1
23459,44486,4,TCP,0.001,1,66,66.0,1000.0,1,0,0,0,1
22999,44870,4,TCP,0.001,1,66,66.0,1000.0,1,0,0,0,1
43678,45126,4,TCP,0.001,1,66,66.0,1000.0,1,0,0,0,1
39008,45382,4,TCP,0.001,1,66,66.0,1000.0,1,0,0,0,1
16487,45638,4,TCP,0.001,1,66,66.0,1000.0,1,0,0,0,1
5636,45894,4,TCP,0.001,1,66,66.0,1000.0,1,0,0,0,1
256,46149,4,TCP,0.168,2,120,60.0,11.87,1,1,0,1,1
135,46150,4,TCP,0.167,2,120,60.0,11.95,1,1,0,1,1
1720,46151,4,TCP,0.176,2,120,60.0,11.38,1,1,0,1,1
3389,46152,4,TCP,0.185,2,120,60.0,10.83,1,1,0,1,1
143,46153,4,TCP,0.184,2,120,60.0,10.9,1,1,0,1,1
199,46154,4,TCP,0.267,2,120,60.0,7.5,1,1,0,1,1
445,46155,4,TCP,0.268,2,120,60.0,7.46,1,1,0,1,1
1723,46156,4,TCP,0.269,2,120,60.0,7.43,1,1,0,1,1
113,46157,4,TCP,0.267,2,120,60.0,7.49,1,1,0,1,1
22,46158,4,TCP,1.47,4,252,63.0,2.72,2,3,0,1,1
53,46159,4,TCP,0.272,2,120,60.0,7.37,1,1,0,1,1
995,46160,4,TCP,0.273,2,120,60.0,7.34,1,1,0,1,1
443,46161,4,TCP,0.274,2,120,60.0,7.29,1,1,0,1,1
1025,46162,4,TCP,0.332,2,120,60.0,6.03,1,1,0,1,1
139,46163,4,TCP,0.324,2,120,60.0,6.17,1,1,0,1,1
23,46164,4,TCP,0.323,2,120,60.0,6.2,1,1,0,1,1
5900,46165,4,TCP,0.321,2,120,60.0,6.23,1,1,0,1,1
21,46166,4,TCP,0.316,2,120,60.0,6.33,1,1,0,1,1
110,46167,4,TCP,0.288,2,120,60.0,6.93,1,1,0,1,1
587,46168,4,TCP,0.263,2,120,60.0,7.6,1,1,0,1,1
111,46169,4,TCP,0.278,2,120,60.0,7.18,1,1,0,1,1
993,46170,4,TCP,0.28,2,120,60.0,7.14,1,1,0,1,1
80,46171,4,TCP,0.271,2,120,60.0,7.38,1,1,0,1,1
8080,46172,4,TCP,0.253,2,120,60.0,7.91,1,1,0,1,1
554,46173,4,TCP,0.244,2,120,60.0,8.21,1,1,0,1,1
3306,46174,4,TCP,0.233,2,120,60.0,8.57,1,1,0,1,1
8888,46175,4,TCP,0.224,2,120,60.0,8.93,1,1,0,1,1
25,46176,4,TCP,0.213,2,120,60.0,9.38,1,1,0,1,1
50538,46177,4,TCP,0.142,2,120,60.0,14.07,1,1,0,1,1
45737,46178,4,TCP,0.136,2,120,60.0,14.71,1,1,0,1,1
31493,46179,4,TCP,0.135,2,120,60.0,14.76,1,1,0,1,1
19384,46180,4,TCP,0.134,2,120,60.0,14.92,1,1,0,1,1
15485,46181,4,TCP,0.136,2,120,60.0,14.72,1,1,0,1,1
63727,46182,4,TCP,0.14,2,120,60.0,14.25,1,1,0,1,1
61768,46183,4,TCP,0.221,2,120,60.0,9.07,1,1,0,1,1
13135,46184,4,TCP,0.22,2,120,60.0,9.09,1,1,0,1,1
32257,46185,4,TCP,0.239,2,120,60.0,8.38,1,1,0,1,1
26510,46186,4,TCP,0.235,2,120,60.0,8.51,1,1,0,1,1
26009,46187,4,TCP,0.238,2,120,60.0,8.41,1,1,0,1,1
54051,46188,4,TCP,0.234,2,120,60.0,8.54,1,1,0,1,1
52255,46189,4,TCP,0.243,2,120,60.0,8.22,1,1,0,1,1
38906,46190,4,TCP,0.241,2,120,60.0,8.29,1,1,0,1,1
41695,46191,4,TCP,0.199,2,120,60.0,10.03,1,1,0,1,1
40287,46192,4,TCP,0.191,2,120,60.0,10.45,1,1,0,1,1
39366,46193,4,TCP,0.188,2,120,60.0,10.64,1,1,0,1,1
25875,46194,4,TCP,0.187,2,120,60.0,10.7,1,1,0,1,1
47479,46195,4,TCP,0.188,2,120,60.0,10.66,1,1,0,1,1
59792,46196,4,TCP,0.181,2,120,60.0,11.07,1,1,0,1,1
27601,46197,4,TCP,0.18,2,120,60.0,11.1,1,1,0,1,1
12760,46198,4,TCP,0.178,2,120,60.0,11.22,1,1,0,1,1
24485,46199,4,TCP,0.215,2,120,60.0,9.32,1,1,0,1,1
53042,46200,4,TCP,0.218,2,120,60.0,9.18,1,1,0,1,1
30578,46201,4,TCP,0.229,2,120,60.0,8.73,1,1,0,1,1
28415,46202,4,TCP,0.24,2,120,60.0,8.32,1,1,0,1,1
18671,46203,4,TCP,0.24,2,120,60.0,8.33,1,1,0,1,1
21557,46204,4,TCP,0.215,2,120,60.0,9.31,1,1,0,1,1
28121,46205,4,TCP,0.222,2,120,60.0,9.03,1,1,0,1,1
32081,46206,4,TCP,0.231,2,120,60.0,8.67,1,1,0,1,1
50252,46207,4,TCP,0.182,2,120,60.0,11.01,1,1,0,1,1
54957,46208,4,TCP,0.187,2,120,60.0,10.72,1,1,0,1,1
43215,46209,4,TCP,0.187,2,120,60.0,10.68,1,1,0,1,1
39898,46210,4,TCP,0.189,2,120,60.0,10.6,1,1,0,1,1
37120,46211,4,TCP,0.187,2,120,60.0,10.72,1,1,0,1,1
7226,46212,4,TCP,0.186,2,120,60.0,10.76,1,1,0,1,1
2037,46213,4,TCP,0.185,2,120,60.0,10.81,1,1,0,1,1
38680,46214,4,TCP,0.187,2,120,60.0,10.7,1,1,0,1,1
7153,46215,4,TCP,0.001,1,66,66.0,1000.0,1,0,0,0,1
35199,46216,4,TCP,0.001,1,66,66.0,1000.0,1,0,0,0,1
29409,46217,4,TCP,0.001,1,66,66.0,1000.0,1,0,0,0,1
24006,46695,4,TCP,0.001,1,66,66.0,1000.0,1,0,0,0,1
55400,47082,4,TCP,0.001,1,66,66.0,1000.0,1,0,0,0,1
25331,47529,4,TCP,0.001,1,66,66.0,1000.0,1,0,0,0,1
40146,47849,4,TCP,0.001,1,66,66.0,1000.0,1,0,0,0,1
56576,48233,4,TCP,0.001,1,66,66.0,1000.0,1,0,0,0,1
46263,48617,4,TCP,0.001,1,66,66.0,1000.0,1,0,0,0,1
35342,49001,4,TCP,0.001,1,66,66.0,1000.0,1,0,0,0,1
13279,49781,4,TCP,0.001,1,66,66.0,1000.0,1,0,0,0,1
38727,50290,4,TCP,0.001,1,66,66.0,1000.0,1,0,0,0,1
50390,50675,4,TCP,0.001,1,66,66.0,1000.0,1,0,0,0,1
51308,51060,4,TCP,0.001,1,66,66.0,1000.0,1,0,0,0,1
22910,51444,4,TCP,0.001,1,66,66.0,1000.0,1,0,0,0,1
39023,51832,4,TCP,0.001,1,66,66.0,1000.0,1,0,0,0,1
51496,52216,4,TCP,0.001,1,66,66.0,1000.0,1,0,0,0,1
26730,52602,4,TCP,0.001,1,66,66.0,1000.0,1,0,0,0,1
52853,52986,4,TCP,0.001,1,66,66.0,1000.0,1,0,0,0,1
39956,53306,4,TCP,0.001,1,66,66.0,1000.0,1,0,0,0,1
57451,53691,4,TCP,0.001,1,66,66.0,1000.0,1,0,0,0,1
64880,54076,4,TCP,0.001,1,66,66.0,1000.0,1,0,0,0,1
55375,54460,4,TCP,0.001,1,66,66.0,1000.0,1,0,0,0,1
9146,54845,4,TCP,0.001,1,66,66.0,1000.0,1,0,0,0,1
57892,55235,4,TCP,0.001,1,66,66.0,1000.0,1,0,0,0,1
46773,55619,4,TCP,0.001,1,66,66.0,1000.0,1,0,0,0,1
57912,56069,4,TCP,0.001,1,66,66.0,1000.0,1,0,0,0,1
39355,56454,4,TCP,0.001,1,66,66.0,1000.0,1,0,0,0,1
12862,56838,4,TCP,0.001,1,66,66.0,1000.0,1,0,0,0,1
54636,57286,4,TCP,0.001,1,66,66.0,1000.0,1,0,0,0,1
15023,57734,4,TCP,0.001,1,66,66.0,1000.0,1,0,0,0,1
27055,58118,4,TCP,0.001,1,66,66.0,1000.0,1,0,0,0,1
30300,58566,4,TCP,0.001,1,66,66.0,1000.0,1,0,0,0,1
19609,59015,4,TCP,0.001,1,66,66.0,1000.0,1,0,0,0,1
25629,59400,4,TCP,0.001,1,66,66.0,1000.0,1,0,0,0,1
38980,59784,4,TCP,0.001,1,66,66.0,1000.0,1,0,0,0,1
64865,60170,4,TCP,0.001,1,66,66.0,1000.0,1,0,0,0,1
63858,60875,4,TCP,0.001,1,66,66.0,1000.0,1,0,0,0,1
39314,61452,4,TCP,0.001,1,66,66.0,1000.0,1,0,0,0,1
48891,61837,4,TCP,0.001,1,66,66.0,1000.0,1,0,0,0,1
25756,62286,4,TCP,0.001,1,66,66.0,1000.0,1,0,0,0,1
38973,62670,4,TCP,0.001,1,66,66.0,1000.0,1,0,0,0,1
4740,63118,4,TCP,0.001,1,66,66.0,1000.0,1,0,0,0,1
8217,63502,4,TCP,0.001,1,66,66.0,1000.0,1,0,0,0,1
35894,63887,4,TCP,0.001,1,66,66.0,1000.0,1,0,0,0,1
17496,64277,4,TCP,0.001,1,66,66.0,1000.0,1,0,0,0,1
4872,64661,4,TCP,0.001,1,66,66.0,1000.0,1,0,0,0,1
7984,65109,4,TCP,0.001,1,66,66.0,1000.0,1,0,0,0,1
31497,1046,4,TCP,0.001,1,66,66.0,1000.0,1,0,0,0,1
15330,1430,4,TCP,0.001,1,66,66.0,1000.0,1,0,0,0,1
17848,1814,4,TCP,0.001,1,66,66.0,1000.0,1,0,0,0,1
37779,2198,4,TCP,0.001,1,66,66.0,1000.0,1,0,0,0,1
32561,2582,4,TCP,0.001,1,66,66.0,1000.0,1,0,0,0,1
8712,2966,4,TCP,0.001,1,66,66.0,1000.0,1,0,0,0,1
37445,3222,4,TCP,0.001,1,66,66.0,1000.0,1,0,0,0,1
38542,3478,4,TCP,0.001,1,66,66.0,1000.0,1,0,0,0,1
29393,3798,4,TCP,0.001,1,66,66.0,1000.0,1,0,0,0,1
18748,4054,4,TCP,0.001,1,66,66.0,1000.0,1,0,0,0,1
33865,4311,4,TCP,0.001,1,66,66.0,1000.0,1,0,0,0,1
9604,4569,4,TCP,0.001,1,66,66.0,1000.0,1,0,0,0,1
37221,4825,4,TCP,0.001,1,66,66.0,1000.0,1,0,0,0,1
11140,5082,4,TCP,0.001,1,66,66.0,1000.0,1,0,0,0,1
59445,5403,4,TCP,0.001,1,66,66.0,1000.0,1,0,0,0,1
61584,5659,4,TCP,0.001,1,66,66.0,1000.0,1,0,0,0,1
17658,5915,4,TCP,0.001,1,66,66.0,1000.0,1,0,0,0,1
30206,6171,4,TCP,0.001,1,66,66.0,1000.0,1,0,0,0,1
58722,6363,4,TCP,0.001,1,66,66.0,1000.0,1,0,0,0,1
37561,6683,4,TCP,0.001,1,66,66.0,1000.0,1,0,0,0,1
37744,6939,4,TCP,0.001,1,66,66.0,1000.0,1,0,0,0,1
2379,7195,4,TCP,0.001,1,66,66.0,1000.0,1,0,0,0,1
32595,7451,4,TCP,0.001,1,66,66.0,1000.0,1,0,0,0,1
2706,7708,4,TCP,0.001,1,66,66.0,1000.0,1,0,0,0,1
23814,7964,4,TCP,0.001,1,66,66.0,1000.0,1,0,0,0,1
35218,8220,4,TCP,0.001,1,66,66.0,1000.0,1,0,0,0,1
61706,8476,4,TCP,0.001,1,66,66.0,1000.0,1,0,0,0,1
42372,8732,4,TCP,0.001,1,66,66.0,1000.0,1,0,0,0,1
5318,9179,4,TCP,0.001,1,66,66.0,1000.0,1,0,0,0,1
57367,9563,4,TCP,0.001,1,66,66.0,1000.0,1,0,0,0,1
16302,9947,4,TCP,0.001,1,66,66.0,1000.0,1,0,0,0,1
34553,10268,4,TCP,0.001,1,66,66.0,1000.0,1,0,0,0,1
39449,10524,4,TCP,0.001,1,66,66.0,1000.0,1,0,0,0,1
62825,10780,4,TCP,0.001,1,66,66.0,1000.0,1,0,0,0,1
1776,11036,4,TCP,0.001,1,66,66.0,1000.0,1,0,0,0,1
34302,11484,4,TCP,0.001,1,66,66.0,1000.0,1,0,0,0,1
1102,11868,4,TCP,0.001,1,66,66.0,1000.0,1,0,0,0,1
4923,12252,4,TCP,0.001,1,66,66.0,1000.0,1,0,0,0,1
43192,12572,4,TCP,0.001,1,66,66.0,1000.0,1,0,0,0,1
54122,12956,4,TCP,0.001,1,66,66.0,1000.0,1,0,0,0,1
28209,13212,4,TCP,0.001,1,66,66.0,1000.0,1,0,0,0,1
51517,13473,4,TCP,0.001,1,66,66.0,1000.0,1,0,0,0,1
44301,13790,4,TCP,0.001,1,66,66.0,1000.0,1,0,0,0,1
64277,14046,4,TCP,0.001,1,66,66.0,1000.0,1,0,0,0,1
23387,14302,4,TCP,0.001,1,66,66.0,1000.0,1,0,0,0,1
47035,14558,4,TCP,0.001,1,66,66.0,1000.0,1,0,0,0,1
2806,14878,4,TCP,0.001,1,66,66.0,1000.0,1,0,0,0,1
55382,15134,4,TCP,0.001,1,66,66.0,1000.0,1,0,0,0,1
15405,15393,4,TCP,0.001,1,66,66.0,1000.0,1,0,0,0,1
47361,15649,4,TCP,0.001,1,66,66.0,1000.0,1,0,0,0,1
36056,15905,4,TCP,0.001,1,66,66.0,1000.0,1,0,0,0,1
17184,16161,4,TCP,0.001,1,66,66.0,1000.0,1,0,0,0,1
37886,16417,4,TCP,0.001,1,66,66.0,1000.0,1,0,0,0,1
54722,16673,4,TCP,0.001,1,66,66.0,1000.0,1,0,0,0,1
8765,16929,4,TCP,0.001,1,66,66.0,1000.0,1,0,0,0,1
52714,17185,4,TCP,0.001,1,66,66.0,1000.0,1,0,0,0,1
56867,17441,4,TCP,0.001,1,66,66.0,1000.0,1,0,0,0,1
13120,17697,4,TCP,0.001,1,66,66.0,1000.0,1,0,0,0,1
47597,18015,4,TCP,0.001,1,66,66.0,1000.0,1,0,0,0,1
65358,18271,4,TCP,0.001,1,66,66.0,1000.0,1,0,0,0,1
10866,18527,4,TCP,0.001,1,66,66.0,1000.0,1,0,0,0,1
19115,18847,4,TCP,0.001,1,66,66.0,1000.0,1,0,0,0,1
29442,19359,4,TCP,0.001,1,66,66.0,1000.0,1,0,0,0,1
25654,19616,4,TCP,0.001,1,66,66.0,1000.0,1,0,0,0,1
13035,19872,4,TCP,0.001,1,66,66.0,1000.0,1,0,0,0,1
49177,20128,4,TCP,0.001,1,66,66.0,1000.0,1,0,0,0,1
42411,20447,4,TCP,0.001,1,66,66.0,1000.0,1,0,0,0,1
37809,20831,4,TCP,0.001,1,66,66.0,1000.0,1,0,0,0,1
58506,21215,4,TCP,0.001,1,66,66.0,1000.0,1,0,0,0,1
11870,21535,4,TCP,0.001,1,66,66.0,1000.0,1,0,0,0,1
29505,21791,4,TCP,0.001,1,66,66.0,1000.0,1,0,0,0,1
39084,22111,4,TCP,0.001,1,66,66.0,1000.0,1,0,0,0,1
48006,22367,4,TCP,0.001,1,66,66.0,1000.0,1,0,0,0,1
2954,22879,4,TCP,0.001,1,66,66.0,1000.0,1,0,0,0,1
14450,23135,4,TCP,0.001,1,66,66.0,1000.0,1,0,0,0,1
14534,23391,4,TCP,0.001,1,66,66.0,1000.0,1,0,0,0,1
6281,23647,4,TCP,0.001,1,66,66.0,1000.0,1,0,0,0,1
39073,23903,4,TCP,0.001,1,66,66.0,1000.0,1,0,0,0,1
51015,24159,4,TCP,0.001,1,66,66.0,1000.0,1,0,0,0,1
57441,24415,4,TCP,0.001,1,66,66.0,1000.0,1,0,0,0,1
51363,24672,4,TCP,0.001,1,66,66.0,1000.0,1,0,0,0,1
50114,24928,4,TCP,0.001,1,66,66.0,1000.0,1,0,0,0,1
27049,25248,4,TCP,0.001,1,66,66.0,1000.0,1,0,0,0,1
5994,25504,4,TCP,0.001,1,66,66.0,1000.0,1,0,0,0,1
19411,25760,4,TCP,0.001,1,66,66.0,1000.0,1,0,0,0,1
14846,26016,4,TCP,0.001,1,66,66.0,1000.0,1,0,0,0,1
8347,26272,4,TCP,0.001,1,66,66.0,1000.0,1,0,0,0,1
37836,26528,4,TCP,0.001,1,66,66.0,1000.0,1,0,0,0,1
35478,26784,4,TCP,0.001,1,66,66.0,1000.0,1,0,0,0,1
18339,27041,4,TCP,0.001,1,66,66.0,1000.0,1,0,0,0,1
1156,27298,4,TCP,0.001,1,66,66.0,1000.0,1,0,0,0,1
49460,27554,4,TCP,0.001,1,66,66.0,1000.0,1,0,0,0,1
27801,27874,4,TCP,0.001,1,66,66.0,1000.0,1,0,0,0,1
18675,28066,4,TCP,0.001,1,66,66.0,1000.0,1,0,0,0,1
40679,28322,4,TCP,0.001,1,66,66.0,1000.0,1,0,0,0,1
13356,28578,4,TCP,0.001,1,66,66.0,1000.0,1,0,0,0,1
60203,28834,4,TCP,0.001,1,66,66.0,1000.0,1,0,0,0,1
29141,29090,4,TCP,0.001,1,66,66.0,1000.0,1,0,0,0,1
63985,29345,4,TCP,0.001,1,66,66.0,1000.0,1,0,0,0,1
28175,29601,4,TCP,0.001,1,66,66.0,1000.0,1,0,0,0,1
62381,29921,4,TCP,0.001,1,66,66.0,1000.0,1,0,0,0,1
35789,30178,4,TCP,0.001,1,66,66.0,1000.0,1,0,0,0,1
61135,30434,4,TCP,0.001,1,66,66.0,1000.0,1,0,0,0,1
13219,30690,4,TCP,0.001,1,66,66.0,1000.0,1,0,0,0,1
48217,30946,4,TCP,0.001,1,66,66.0,1000.0,1,0,0,0,1
5634,31202,4,TCP,0.001,1,66,66.0,1000.0,1,0,0,0,1
55096,31458,4,TCP,0.001,1,66,66.0,1000.0,1,0,0,0,1
20720,31714,4,TCP,0.001,1,66,66.0,1000.0,1,0,0,0,1
19939,32097,4,TCP,0.001,1,66,66.0,1000.0,1,0,0,0,1
34917,32481,4,TCP,0.001,1,66,66.0,1000.0,1,0,0,0,1
19519,32930,4,TCP,0.001,1,66,66.0,1000.0,1,0,0,0,1
38828,33186,4,TCP,0.001,1,66,66.0,1000.0,1,0,0,0,1
39089,33442,4,TCP,0.001,1,66,66.0,1000.0,1,0,0,0,1
5993,33698,4,TCP,0.001,1,66,66.0,1000.0,1,0,0,0,1
12001,33954,4,TCP,0.001,1,66,66.0,1000.0,1,0,0,0,1
36611,34210,4,TCP,0.001,1,66,66.0,1000.0,1,0,0,0,1
8803,34466,4,TCP,0.001,1,66,66.0,1000.0,1,0,0,0,1
21743,34722,4,TCP,0.001,1,66,66.0,1000.0,1,0,0,0,1
7101,34978,4,TCP,0.001,1,66,66.0,1000.0,1,0,0,0,1
8521,35234,4,TCP,0.001,1,66,66.0,1000.0,1,0,0,0,1
11757,35490,4,TCP,0.001,1,66,66.0,1000.0,1,0,0,0,1
65046,35746,4,TCP,0.001,1,66,66.0,1000.0,1,0,0,0,1
47421,36067,4,TCP,0.001,1,66,66.0,1000.0,1,0,0,0,1
43838,36323,4,TCP,0.001,1,66,66.0,1000.0,1,0,0,0,1
52578,36515,4,TCP,0.001,1,66,66.0,1000.0,1,0,0,0,1
38422,36771,4,TCP,0.001,1,66,66.0,1000.0,1,0,0,0,1
4653,37091,4,TCP,0.001,1,66,66.0,1000.0,1,0,0,0,1
47375,37347,4,TCP,0.001,1,66,66.0,1000.0,1,0,0,0,1
14091,37603,4,TCP,0.001,1,66,66.0,1000.0,1,0,0,0,1
42382,37859,4,TCP,0.001,1,66,66.0,1000.0,1,0,0,0,1
9137,38115,4,TCP,0.001,1,66,66.0,1000.0,1,0,0,0,1
2375,38371,4,TCP,0.001,1,66,66.0,1000.0,1,0,0,0,1
62948,38627,4,TCP,0.001,1,66,66.0,1000.0,1,0,0,0,1
115,38883,4,TCP,0.001,1,66,66.0,1000.0,1,0,0,0,1
28161,39144,4,TCP,0.001,1,66,66.0,1000.0,1,0,0,0,1
6234,39400,4,TCP,0.001,1,66,66.0,1000.0,1,0,0,0,1
43945,39656,4,TCP,0.001,1,66,66.0,1000.0,1,0,0,0,1
20144,39912,4,TCP,0.001,1,66,66.0,1000.0,1,0,0,0,1
5691,40232,4,TCP,0.001,1,66,66.0,1000.0,1,0,0,0,1
57369,40488,4,TCP,0.001,1,66,66.0,1000.0,1,0,0,0,1
63998,40872,4,TCP,0.001,1,66,66.0,1000.0,1,0,0,0,1
15039,41128,4,TCP,0.001,1,66,66.0,1000.0,1,0,0,0,1
39562,41384,4,TCP,0.001,1,66,66.0,1000.0,1,0,0,0,1
21484,41640,4,TCP,0.001,1,66,66.0,1000.0,1,0,0,0,1
37945,41896,4,TCP,0.001,1,66,66.0,1000.0,1,0,0,0,1
664,42153,4,TCP,0.001,1,66,66.0,1000.0,1,0,0,0,1
23217,42538,4,TCP,0.001,1,66,66.0,1000.0,1,0,0,0,1
3895,43050,4,TCP,0.001,1,66,66.0,1000.0,1,0,0,0,1
29631,43307,4,TCP,0.001,1,66,66.0,1000.0,1,0,0,0,1
2556,43626,4,TCP,0.001,1,66,66.0,1000.0,1,0,0,0,1
47472,44010,4,TCP,0.001,1,66,66.0,1000.0,1,0,0,0,1
28017,44394,4,TCP,0.001,1,66,66.0,1000.0,1,0,0,0,1
18911,44714,4,TCP,0.001,1,66,66.0,1000.0,1,0,0,0,1
32946,44970,4,TCP,0.001,1,66,66.0,1000.0,1,0,0,0,1
8310,45226,4,TCP,0.001,1,66,66.0,1000.0,1,0,0,0,1
7085,45483,4,TCP,0.001,1,66,66.0,1000.0,1,0,0,0,1
21660,45739,4,TCP,0.001,1,66,66.0,1000.0,1,0,0,0,1
5358,46123,4,TCP,0.001,1,66,66.0,1000.0,1,0,0,0,1
54253,46507,4,TCP,0.001,1,66,66.0,1000.0,1,0,0,0,1
251,46958,4,TCP,0.001,1,66,66.0,1000.0,1,0,0,0,1
5745,47278,4,TCP,0.001,1,66,66.0,1000.0,1,0,0,0,1
37545,47534,4,TCP,0.001,1,66,66.0,1000.0,1,0,0,0,1
135,47575,4,TCP,0.1,2,120,60.0,20.04,1,1,0,1,1
5900,47576,4,TCP,0.1,2,120,60.0,20.07,1,1,0,1,1
8888,47577,4,TCP,0.101,2,120,60.0,19.79,1,1,0,1,1
445,47578,4,TCP,0.251,2,120,60.0,7.98,1,1,0,1,1
993,47579,4,TCP,0.245,2,120,60.0,8.15,1,1,0,1,1
1025,47580,4,TCP,0.258,2,120,60.0,7.74,1,1,0,1,1
1720,47581,4,TCP,0.268,2,120,60.0,7.47,1,1,0,1,1
113,47582,4,TCP,0.277,2,120,60.0,7.23,1,1,0,1,1
53,47583,4,TCP,0.289,2,120,60.0,6.92,1,1,0,1,1
8080,47584,4,TCP,0.296,2,120,60.0,6.77,1,1,0,1,1
80,47585,4,TCP,0.287,2,120,60.0,6.98,1,1,0,1,1
139,47586,4,TCP,0.273,2,120,60.0,7.33,1,1,0,1,1
995,47587,4,TCP,0.284,2,120,60.0,7.04,1,1,0,1,1
110,47588,4,TCP,0.277,2,120,60.0,7.22,1,1,0,1,1
199,47589,4,TCP,0.282,2,120,60.0,7.08,1,1,0,1,1
3389,47590,4,TCP,0.285,2,120,60.0,7.01,1,1,0,1,1
587,47591,4,TCP,0.291,2,120,60.0,6.88,1,1,0,1,1
143,47592,4,TCP,0.288,2,120,60.0,6.95,1,1,0,1,1
256,47593,4,TCP,0.319,2,120,60.0,6.27,1,1,0,1,1
25,47594,4,TCP,0.32,2,120,60.0,6.25,1,1,0,1,1
21,47595,4,TCP,0.285,2,120,60.0,7.02,1,1,0,1,1
1723,47596,4,TCP,0.285,2,120,60.0,7.01,1,1,0,1,1
554,47597,4,TCP,0.293,2,120,60.0,6.84,1,1,0,1,1
111,47598,4,TCP,0.287,2,120,60.0,6.96,1,1,0,1,1
443,47599,4,TCP,0.286,2,120,60.0,6.98,1,1,0,1,1
23,47600,4,TCP,0.292,2,120,60.0,6.85,1,1,0,1,1
3306,47601,4,TCP,0.221,2,120,60.0,9.07,1,1,0,1,1
22,47602,4,TCP,1.399,4,252,63.0,2.86,2,3,0,1,1
37986,47603,4,TCP,0.153,2,120,60.0,13.07,1,1,0,1,1
17270,47604,4,TCP,0.144,2,120,60.0,13.88,1,1,0,1,1
5338,47605,4,TCP,0.141,2,120,60.0,14.15,1,1,0,1,1
61846,47606,4,TCP,0.143,2,120,60.0,14.0,1,1,0,1,1
44710,47607,4,TCP,0.281,2,120,60.0,7.11,1,1,0,1,1
58063,47608,4,TCP,0.291,2,120,60.0,6.86,1,1,0,1,1
50172,47609,4,TCP,0.286,2,120,60.0,7.0,1,1,0,1,1
49122,47610,4,TCP,0.252,2,120,60.0,7.94,1,1,0,1,1
23966,47611,4,TCP,0.25,2,120,60.0,8.0,1,1,0,1,1
41319,47612,4,TCP,0.261,2,120,60.0,7.65,1,1,0,1,1
18667,47613,4,TCP,0.265,2,120,60.0,7.55,1,1,0,1,1
5472,47614,4,TCP,0.234,2,120,60.0,8.54,1,1,0,1,1
11206,47615,4,TCP,0.222,2,120,60.0,9.02,1,1,0,1,1
65051,47616,4,TCP,0.209,2,120,60.0,9.57,1,1,0,1,1
43812,47617,4,TCP,0.205,2,120,60.0,9.76,1,1,0,1,1
15017,47618,4,TCP,0.207,2,120,60.0,9.64,1,1,0,1,1
21759,47619,4,TCP,0.221,2,120,60.0,9.06,1,1,0,1,1
38177,47620,4,TCP,0.236,2,120,60.0,8.46,1,1,0,1,1
188,47621,4,TCP,0.236,2,120,60.0,8.48,1,1,0,1,1
60000,47622,4,TCP,0.208,2,120,60.0,9.6,1,1,0,1,1
24129,47623,4,TCP,0.206,2,120,60.0,9.71,1,1,0,1,1
36979,47624,4,TCP,0.217,2,120,60.0,9.23,1,1,0,1,1
54625,47625,4,TCP,0.199,2,120,60.0,10.04,1,1,0,1,1
35551,47626,4,TCP,0.197,2,120,60.0,10.14,1,1,0,1,1
36061,47627,4,TCP,0.196,2,120,60.0,10.19,1,1,0,1,1
56279,47628,4,TCP,0.196,2,120,60.0,10.2,1,1,0,1,1
15726,47629,4,TCP,0.223,2,120,60.0,8.98,1,1,0,1,1
14006,47630,4,TCP,0.227,2,120,60.0,8.81,1,1,0,1,1
4647,47631,4,TCP,0.225,2,120,60.0,8.88,1,1,0,1,1
43450,47632,4,TCP,0.217,2,120,60.0,9.23,1,1,0,1,1
22190,47633,4,TCP,0.216,2,120,60.0,9.26,1,1,0,1,1
19892,47634,4,TCP,0.219,2,120,60.0,9.15,1,1,0,1,1
31304,47635,4,TCP,0.223,2,120,60.0,8.98,1,1,0,1,1
46211,47636,4,TCP,0.205,2,120,60.0,9.77,1,1,0,1,1
1641,47637,4,TCP,0.224,2,120,60.0,8.92,1,1,0,1,1
42190,47638,4,TCP,0.238,2,120,60.0,8.41,1,1,0,1,1
49938,47639,4,TCP,0.266,2,120,60.0,7.52,1,1,0,1,1
23328,47640,4,TCP,0.001,1,66,66.0,1000.0,1,0,0,0,1
18293,47641,4,TCP,0.001,1,66,66.0,1000.0,1,0,0,0,1
2282,47642,4,TCP,0.001,1,66,66.0,1000.0,1,0,0,0,1
7063,47643,4,TCP,0.001,1,66,66.0,1000.0,1,0,0,0,1
41784,47644,4,TCP,0.001,1,66,66.0,1000.0,1,0,0,0,1
1901,48259,4,TCP,0.001,1,66,66.0,1000.0,1,0,0,0,1
6374,48643,4,TCP,0.001,1,66,66.0,1000.0,1,0,0,0,1
7146,49027,4,TCP,0.001,1,66,66.0,1000.0,1,0,0,0,1
42615,49676,4,TCP,0.001,1,66,66.0,1000.0,1,0,0,0,1
25315,50124,4,TCP,0.001,1,66,66.0,1000.0,1,0,0,0,1
36684,50508,4,TCP,0.001,1,66,66.0,1000.0,1,0,0,0,1
34196,50894,4,TCP,0.001,1,66,66.0,1000.0,1,0,0,0,1
16600,51342,4,TCP,0.001,1,66,66.0,1000.0,1,0,0,0,1
31994,51726,4,TCP,0.001,1,66,66.0,1000.0,1,0,0,0,1
34917,52114,4,TCP,0.001,1,66,66.0,1000.0,1,0,0,0,1
23379,52499,4,TCP,0.001,1,66,66.0,1000.0,1,0,0,0,1
15364,52884,4,TCP,0.001,1,66,66.0,1000.0,1,0,0,0,1
49316,53268,4,TCP,0.001,1,66,66.0,1000.0,1,0,0,0,1
13639,53717,4,TCP,0.001,1,66,66.0,1000.0,1,0,0,0,1
64884,54102,4,TCP,0.001,1,66,66.0,1000.0,1,0,0,0,1
50973,54613,4,TCP,0.001,1,66,66.0,1000.0,1,0,0,0,1
8872,55067,4,TCP,0.001,1,66,66.0,1000.0,1,0,0,0,1
39910,55580,4,TCP,0.001,1,66,66.0,1000.0,1,0,0,0,1
27142,56094,4,TCP,0.001,1,66,66.0,1000.0,1,0,0,0,1
32966,56607,4,TCP,0.001,1,66,66.0,1000.0,1,0,0,0,1
28391,57183,4,TCP,0.001,1,66,66.0,1000.0,1,0,0,0,1
51823,57695,4,TCP,0.001,1,66,66.0,1000.0,1,0,0,0,1
24551,58079,4,TCP,0.001,1,66,66.0,1000.0,1,0,0,0,1
8793,58463,4,TCP,0.001,1,66,66.0,1000.0,1,0,0,0,1
40926,58847,4,TCP,0.001,1,66,66.0,1000.0,1,0,0,0,1
1282,59233,4,TCP,0.001,1,66,66.0,1000.0,1,0,0,0,1
48111,59617,4,TCP,0.001,1,66,66.0,1000.0,1,0,0,0,1
274,60003,4,TCP,0.001,1,66,66.0,1000.0,1,0,0,0,1
18702,60387,4,TCP,0.001,1,66,66.0,1000.0,1,0,0,0,1
9947,60772,4,TCP,0.001,1,66,66.0,1000.0,1,0,0,0,1
54878,61285,4,TCP,0.001,1,66,66.0,1000.0,1,0,0,0,1
15255,61606,4,TCP,0.001,1,66,66.0,1000.0,1,0,0,0,1
62711,62055,4,TCP,0.001,1,66,66.0,1000.0,1,0,0,0,1
12421,62440,4,TCP,0.001,1,66,66.0,1000.0,1,0,0,0,1
36443,62888,4,TCP,0.001,1,66,66.0,1000.0,1,0,0,0,1
35024,63272,4,TCP,0.001,1,66,66.0,1000.0,1,0,0,0,1
42455,63656,4,TCP,0.001,1,66,66.0,1000.0,1,0,0,0,1
28493,64045,4,TCP,0.001,1,66,66.0,1000.0,1,0,0,0,1
34364,64879,4,TCP,0.001,1,66,66.0,1000.0,1,0,0,0,1
54995,65263,4,TCP,0.001,1,66,66.0,1000.0,1,0,0,0,1
20093,1136,4,TCP,0.001,1,66,66.0,1000.0,1,0,0,0,1
54401,1583,4,TCP,0.001,1,66,66.0,1000.0,1,0,0,0,1
55269,1967,4,TCP,0.001,1,66,66.0,1000.0,1,0,0,0,1
59444,2415,4,TCP,0.001,1,66,66.0,1000.0,1,0,0,0,1
52268,2799,4,TCP,0.001,1,66,66.0,1000.0,1,0,0,0,1
52454,3183,4,TCP,0.001,1,66,66.0,1000.0,1,0,0,0,1
58553,3631,4,TCP,0.001,1,66,66.0,1000.0,1,0,0,0,1
40786,4015,4,TCP,0.001,1,66,66.0,1000.0,1,0,0,0,1
63511,4466,4,TCP,0.001,1,66,66.0,1000.0,1,0,0,0,1
18850,4850,4,TCP,0.001,1,66,66.0,1000.0,1,0,0,0,1
16757,5236,4,TCP,0.001,1,66,66.0,1000.0,1,0,0,0,1
2090,5684,4,TCP,0.001,1,66,66.0,1000.0,1,0,0,0,1
40429,6068,4,TCP,0.001,1,66,66.0,1000.0,1,0,0,0,1
21939,6516,4,TCP,0.001,1,66,66.0,1000.0,1,0,0,0,1
16987,7348,4,TCP,0.001,1,66,66.0,1000.0,1,0,0,0,1
31284,7733,4,TCP,0.001,1,66,66.0,1000.0,1,0,0,0,1
12357,7989,4,TCP,0.001,1,66,66.0,1000.0,1,0,0,0,1
35060,8245,4,TCP,0.001,1,66,66.0,1000.0,1,0,0,0,1
6829,8501,4,TCP,0.001,1,66,66.0,1000.0,1,0,0,0,1
40327,8757,4,TCP,0.001,1,66,66.0,1000.0,1,0,0,0,1
437,9077,4,TCP,0.001,1,66,66.0,1000.0,1,0,0,0,1
46762,9333,4,TCP,0.001,1,66,66.0,1000.0,1,0,0,0,1
10324,9589,4,TCP,0.001,1,66,66.0,1000.0,1,0,0,0,1
7416,9845,4,TCP,0.001,1,66,66.0,1000.0,1,0,0,0,1
52811,10102,4,TCP,0.001,1,66,66.0,1000.0,1,0,0,0,1
56112,10358,4,TCP,0.001,1,66,66.0,1000.0,1,0,0,0,1
30659,10869,4,TCP,0.001,1,66,66.0,1000.0,1,0,0,0,1
58582,11253,4,TCP,0.001,1,66,66.0,1000.0,1,0,0,0,1
19512,11637,4,TCP,0.001,1,66,66.0,1000.0,1,0,0,0,1
38372,12021,4,TCP,0.001,1,66,66.0,1000.0,1,0,0,0,1
10959,12469,4,TCP,0.001,1,66,66.0,1000.0,1,0,0,0,1
21773,12852,4,TCP,0.001,1,66,66.0,1000.0,1,0,0,0,1
50959,13236,4,TCP,0.001,1,66,66.0,1000.0,1,0,0,0,1
36149,13625,4,TCP,0.001,1,66,66.0,1000.0,1,0,0,0,1
16269,14073,4,TCP,0.001,1,66,66.0,1000.0,1,0,0,0,1
2970,14457,4,TCP,0.001,1,66,66.0,1000.0,1,0,0,0,1
28259,14841,4,TCP,0.001,1,66,66.0,1000.0,1,0,0,0,1
41730,15415,4,TCP,0.001,1,66,66.0,1000.0,1,0,0,0,1
40055,15863,4,TCP,0.001,1,66,66.0,1000.0,1,0,0,0,1
54291,16247,4,TCP,0.001,1,66,66.0,1000.0,1,0,0,0,1
31801,16631,4,TCP,0.001,1,66,66.0,1000.0,1,0,0,0,1
34085,17015,4,TCP,0.001,1,66,66.0,1000.0,1,0,0,0,1
26875,17399,4,TCP,0.001,1,66,66.0,1000.0,1,0,0,0,1
62336,17847,4,TCP,0.001,1,66,66.0,1000.0,1,0,0,0,1
26074,18103,4,TCP,0.001,1,66,66.0,1000.0,1,0,0,0,1
60390,18359,4,TCP,0.001,1,66,66.0,1000.0,1,0,0,0,1
8058,18615,4,TCP,0.001,1,66,66.0,1000.0,1,0,0,0,1
59893,18871,4,TCP,0.001,1,66,66.0,1000.0,1,0,0,0,1
35347,19127,4,TCP,0.001,1,66,66.0,1000.0,1,0,0,0,1
53142,19383,4,TCP,0.001,1,66,66.0,1000.0,1,0,0,0,1
45583,19703,4,TCP,0.001,1,66,66.0,1000.0,1,0,0,0,1
38664,20151,4,TCP,0.001,1,66,66.0,1000.0,1,0,0,0,1
51850,20533,4,TCP,0.001,1,66,66.0,1000.0,1,0,0,0,1
15976,20917,4,TCP,0.001,1,66,66.0,1000.0,1,0,0,0,1
57902,21173,4,TCP,0.001,1,66,66.0,1000.0,1,0,0,0,1
40214,21429,4,TCP,0.001,1,66,66.0,1000.0,1,0,0,0,1
55331,21685,4,TCP,0.001,1,66,66.0,1000.0,1,0,0,0,1
46130,21941,4,TCP,0.001,1,66,66.0,1000.0,1,0,0,0,1
56019,22261,4,TCP,0.001,1,66,66.0,1000.0,1,0,0,0,1
28798,22517,4,TCP,0.001,1,66,66.0,1000.0,1,0,0,0,1
13837,22901,4,TCP,0.001,1,66,66.0,1000.0,1,0,0,0,1
27768,23157,4,TCP,0.001,1,66,66.0,1000.0,1,0,0,0,1
61624,23413,4,TCP,0.001,1,66,66.0,1000.0,1,0,0,0,1
45372,23733,4,TCP,0.001,1,66,66.0,1000.0,1,0,0,0,1
23366,23989,4,TCP,0.001,1,66,66.0,1000.0,1,0,0,0,1
63326,24372,4,TCP,0.001,1,66,66.0,1000.0,1,0,0,0,1
63395,24757,4,TCP,0.001,1,66,66.0,1000.0,1,0,0,0,1
15695,25141,4,TCP,0.001,1,66,66.0,1000.0,1,0,0,0,1
15005,25397,4,TCP,0.001,1,66,66.0,1000.0,1,0,0,0,1
50627,25653,4,TCP,0.001,1,66,66.0,1000.0,1,0,0,0,1
46318,25908,4,TCP,0.001,1,66,66.0,1000.0,1,0,0,0,1
17875,26228,4,TCP,0.001,1,66,66.0,1000.0,1,0,0,0,1
43291,26484,4,TCP,0.001,1,66,66.0,1000.0,1,0,0,0,1
29646,26740,4,TCP,0.001,1,66,66.0,1000.0,1,0,0,0,1
48611,27126,4,TCP,0.001,1,66,66.0,1000.0,1,0,0,0,1
46660,27382,4,TCP,0.001,1,66,66.0,1000.0,1,0,0,0,1
25110,27638,4,TCP,0.001,1,66,66.0,1000.0,1,0,0,0,1
52540,28085,4,TCP,0.001,1,66,66.0,1000.0,1,0,0,0,1
26414,28469,4,TCP,0.001,1,66,66.0,1000.0,1,0,0,0,1
34549,28853,4,TCP,0.001,1,66,66.0,1000.0,1,0,0,0,1
53734,29109,4,TCP,0.001,1,66,66.0,1000.0,1,0,0,0,1
47842,29365,4,TCP,0.001,1,66,66.0,1000.0,1,0,0,0,1
25863,29621,4,TCP,0.001,1,66,66.0,1000.0,1,0,0,0,1
62720,29877,4,TCP,0.001,1,66,66.0,1000.0,1,0,0,0,1
33604,30198,4,TCP,0.001,1,66,66.0,1000.0,1,0,0,0,1
693,30454,4,TCP,0.001,1,66,66.0,1000.0,1,0,0,0,1
43736,30710,4,TCP,0.001,1,66,66.0,1000.0,1,0,0,0,1
11013,30966,4,TCP,0.001,1,66,66.0,1000.0,1,0,0,0,1
1633,31222,4,TCP,0.001,1,66,66.0,1000.0,1,0,0,0,1
36108,31541,4,TCP,0.001,1,66,66.0,1000.0,1,0,0,0,1
35714,31797,4,TCP,0.001,1,66,66.0,1000.0,1,0,0,0,1
46302,32053,4,TCP,0.001,1,66,66.0,1000.0,1,0,0,0,1
63617,32437,4,TCP,0.001,1,66,66.0,1000.0,1,0,0,0,1
33473,32822,4,TCP,0.001,1,66,66.0,1000.0,1,0,0,0,1
10924,33206,4,TCP,0.001,1,66,66.0,1000.0,1,0,0,0,1
23834,33653,4,TCP,0.001,1,66,66.0,1000.0,1,0,0,0,1
33742,34229,4,TCP,0.001,1,66,66.0,1000.0,1,0,0,0,1
59509,34677,4,TCP,0.001,1,66,66.0,1000.0,1,0,0,0,1
59345,34933,4,TCP,0.001,1,66,66.0,1000.0,1,0,0,0,1
20596,35189,4,TCP,0.001,1,66,66.0,1000.0,1,0,0,0,1
7410,35509,4,TCP,0.001,1,66,66.0,1000.0,1,0,0,0,1
9110,35829,4,TCP,0.001,1,66,66.0,1000.0,1,0,0,0,1
13525,36149,4,TCP,0.001,1,66,66.0,1000.0,1,0,0,0,1
31904,36597,4,TCP,0.001,1,66,66.0,1000.0,1,0,0,0,1
56869,36917,4,TCP,0.001,1,66,66.0,1000.0,1,0,0,0,1
6042,37237,4,TCP,0.001,1,66,66.0,1000.0,1,0,0,0,1
60019,37493,4,TCP,0.001,1,66,66.0,1000.0,1,0,0,0,1
23192,37749,4,TCP,0.001,1,66,66.0,1000.0,1,0,0,0,1
61908,38005,4,TCP,0.001,1,66,66.0,1000.0,1,0,0,0,1
40809,38261,4,TCP,0.001,1,66,66.0,1000.0,1,0,0,0,1
38058,38517,4,TCP,0.001,1,66,66.0,1000.0,1,0,0,0,1
22312,38773,4,TCP,0.001,1,66,66.0,1000.0,1,0,0,0,1
24635,39034,4,TCP,0.001,1,66,66.0,1000.0,1,0,0,0,1
38308,39290,4,TCP,0.001,1,66,66.0,1000.0,1,0,0,0,1
34694,39610,4,TCP,0.001,1,66,66.0,1000.0,1,0,0,0,1
22708,39866,4,TCP,0.001,1,66,66.0,1000.0,1,0,0,0,1
7735,40122,4,TCP,0.001,1,66,66.0,1000.0,1,0,0,0,1
1722,40378,4,TCP,0.001,1,66,66.0,1000.0,1,0,0,0,1
62265,40634,4,TCP,0.001,1,66,66.0,1000.0,1,0,0,0,1
41129,40954,4,TCP,0.001,1,66,66.0,1000.0,1,0,0,0,1
15539,41210,4,TCP,0.001,1,66,66.0,1000.0,1,0,0,0,1
5394,41466,4,TCP,0.001,1,66,66.0,1000.0,1,0,0,0,1
24563,41722,4,TCP,0.001,1,66,66.0,1000.0,1,0,0,0,1
29101,41978,4,TCP,0.001,1,66,66.0,1000.0,1,0,0,0,1
18637,42236,4,TCP,0.001,1,66,66.0,1000.0,1,0,0,0,1
53423,42492,4,TCP,0.001,1,66,66.0,1000.0,1,0,0,0,1
32612,42812,4,TCP,0.001,1,66,66.0,1000.0,1,0,0,0,1
160,43068,4,TCP,0.001,1,66,66.0,1000.0,1,0,0,0,1
54134,43324,4,TCP,0.001,1,66,66.0,1000.0,1,0,0,0,1
57094,43580,4,TCP,0.001,1,66,66.0,1000.0,1,0,0,0,1
44649,43836,4,TCP,0.001,1,66,66.0,1000.0,1,0,0,0,1
27876,44284,4,TCP,0.001,1,66,66.0,1000.0,1,0,0,0,1
50849,44540,4,TCP,0.001,1,66,66.0,1000.0,1,0,0,0,1
22575,44796,4,TCP,0.001,1,66,66.0,1000.0,1,0,0,0,1
49079,45179,4,TCP,0.001,1,66,66.0,1000.0,1,0,0,0,1
47538,45500,4,TCP,0.001,1,66,66.0,1000.0,1,0,0,0,1
34575,45948,4,TCP,0.001,1,66,66.0,1000.0,1,0,0,0,1
43836,46396,4,TCP,0.001,1,66,66.0,1000.0,1,0,0,0,1
42730,46652,4,TCP,0.001,1,66,66.0,1000.0,1,0,0,0,1
14297,46910,4,TCP,0.001,1,66,66.0,1000.0,1,0,0,0,1
22206,47231,4,TCP,0.001,1,66,66.0,1000.0,1,0,0,0,1
60174,47550,4,TCP,0.001,1,66,66.0,1000.0,1,0,0,0,1
7533,47934,4,TCP,0.001,1,66,66.0,1000.0,1,0,0,0,1
61568,48318,4,TCP,0.001,1,66,66.0,1000.0,1,0,0,0,1
30950,48638,4,TCP,0.001,1,66,66.0,1000.0,1,0,0,0,1
58569,48894,4,TCP,0.001,1,66,66.0,1000.0,1,0,0,0,1
993,48997,4,TCP,0.171,2,120,60.0,11.67,1,1,0,1,1
5900,48998,4,TCP,0.171,2,120,60.0,11.71,1,1,0,1,1
111,48999,4,TCP,0.175,2,120,60.0,11.45,1,1,0,1,1
554,49000,4,TCP,0.174,2,120,60.0,11.52,1,1,0,1,1
135,49001,4,TCP,0.169,2,120,60.0,11.81,1,1,0,1,1
139,49002,4,TCP,0.224,2,120,60.0,8.91,1,1,0,1,1
113,49003,4,TCP,0.24,2,120,60.0,8.33,1,1,0,1,1
110,49004,4,TCP,0.236,2,120,60.0,8.48,1,1,0,1,1
8888,49005,4,TCP,0.233,2,120,60.0,8.58,1,1,0,1,1
143,49006,4,TCP,0.233,2,120,60.0,8.6,1,1,0,1,1
587,49007,4,TCP,0.243,2,120,60.0,8.25,1,1,0,1,1
256,49008,4,TCP,0.235,2,120,60.0,8.53,1,1,0,1,1
1025,49009,4,TCP,0.347,2,120,60.0,5.76,1,1,0,1,1
3389,49010,4,TCP,0.352,2,120,60.0,5.68,1,1,0,1,1
25,49011,4,TCP,0.361,2,120,60.0,5.53,1,1,0,1,1
1720,49012,4,TCP,0.352,2,120,60.0,5.68,1,1,0,1,1
3306,49013,4,TCP,0.34,2,120,60.0,5.88,1,1,0,1,1
443,49014,4,TCP,0.328,2,120,60.0,6.1,1,1,0,1,1
1723,49015,4,TCP,0.314,2,120,60.0,6.37,1,1,0,1,1
53,49016,4,TCP,0.312,2,120,60.0,6.42,1,1,0,1,1
80,49017,4,TCP,0.296,2,120,60.0,6.77,1,1,0,1,1
995,49018,4,TCP,0.29,2,120,60.0,6.9,1,1,0,1,1
445,49019,4,TCP,0.296,2,120,60.0,6.75,1,1,0,1,1
23,49020,4,TCP,0.298,2,120,60.0,6.71,1,1,0,1,1
21,49021,4,TCP,0.288,2,120,60.0,6.94,1,1,0,1,1
22,49022,4,TCP,1.453,4,252,63.0,2.75,2,3,0,1,1
8080,49023,4,TCP,0.312,2,120,60.0,6.42,1,1,0,1,1
199,49024,4,TCP,0.312,2,120,60.0,6.41,1,1,0,1,1
7818,49025,4,TCP,0.283,2,120,60.0,7.07,1,1,0,1,1
51237,49026,4,TCP,0.281,2,120,60.0,7.11,1,1,0,1,1
28513,49027,4,TCP,0.284,2,120,60.0,7.05,1,1,0,1,1
22902,49028,4,TCP,0.265,2,120,60.0,7.54,1,1,0,1,1
34282,49029,4,TCP,0.265,2,120,60.0,7.54,1,1,0,1,1
14998,49030,4,TCP,0.268,2,120,60.0,7.47,1,1,0,1,1
46737,49031,4,TCP,0.263,2,120,60.0,7.6,1,1,0,1,1
30081,49032,4,TCP,0.258,2,120,60.0,7.75,1,1,0,1,1
30040,49033,4,TCP,0.262,2,120,60.0,7.64,1,1,0,1,1
11130,49034,4,TCP,0.258,2,120,60.0,7.76,1,1,0,1,1
51316,49035,4,TCP,0.258,2,120,60.0,7.76,1,1,0,1,1
31138,49036,4,TCP,0.263,2,120,60.0,7.61,1,1,0,1,1
46667,49037,4,TCP,0.254,2,120,60.0,7.87,1,1,0,1,1
12656,49038,4,TCP,0.237,2,120,60.0,8.42,1,1,0,1,1
36204,49039,4,TCP,0.224,2,120,60.0,8.94,1,1,0,1,1
47751,49040,4,TCP,0.145,2,120,60.0,13.84,1,1,0,1,1
27827,49041,4,TCP,0.116,2,120,60.0,17.3,1,1,0,1,1
37457,49042,4,TCP,0.115,2,120,60.0,17.45,1,1,0,1,1
9834,49043,4,TCP,0.115,2,120,60.0,17.34,1,1,0,1,1
36877,49044,4,TCP,0.114,2,120,60.0,17.57,1,1,0,1,1
22307,49045,4,TCP,0.24,2,120,60.0,8.32,1,1,0,1,1
4464,49046,4,TCP,0.245,2,120,60.0,8.18,1,1,0,1,1
15660,49047,4,TCP,0.224,2,120,60.0,8.94,1,1,0,1,1
59060,49048,4,TCP,0.232,2,120,60.0,8.64,1,1,0,1,1
37440,49049,4,TCP,0.199,2,120,60.0,10.05,1,1,0,1,1
61693,49050,4,TCP,0.199,2,120,60.0,10.07,1,1,0,1,1
5000,49051,4,TCP,0.198,2,120,60.0,10.1,1,1,0,1,1
40672,49052,4,TCP,0.197,2,120,60.0,10.16,1,1,0,1,1
44964,49053,4,TCP,0.182,2,120,60.0,10.96,1,1,0,1,1
2939,49054,4,TCP,0.194,2,120,60.0,10.3,1,1,0,1,1
23627,49055,4,TCP,0.203,2,120,60.0,9.84,1,1,0,1,1
46842,49056,4,TCP,0.221,2,120,60.0,9.04,1,1,0,1,1
47659,49057,4,TCP,0.227,2,120,60.0,8.81,1,1,0,1,1
10229,49058,4,TCP,0.243,2,120,60.0,8.22,1,1,0,1,1
31474,49059,4,TCP,0.253,2,120,60.0,7.9,1,1,0,1,1
49387,49060,4,TCP,0.264,2,120,60.0,7.56,1,1,0,1,1
62312,49061,4,TCP,0.001,1,66,66.0,1000.0,1,0,0,0,1
28110,49062,4,TCP,0.001,1,66,66.0,1000.0,1,0,0,0,1
3793,49063,4,TCP,0.001,1,66,66.0,1000.0,1,0,0,0,1
59902,49064,4,TCP,0.001,1,66,66.0,1000.0,1,0,0,0,1
55695,49065,4,TCP,0.001,1,66,66.0,1000.0,1,0,0,0,1
30356,49066,4,TCP,0.001,1,66,66.0,1000.0,1,0,0,0,1
50193,49067,4,TCP,0.001,1,66,66.0,1000.0,1,0,0,0,1
29608,49867,4,TCP,0.001,1,66,66.0,1000.0,1,0,0,0,1
42186,50311,4,TCP,0.001,1,66,66.0,1000.0,1,0,0,0,1
44762,50696,4,TCP,0.001,1,66,66.0,1000.0,1,0,0,0,1
56264,51145,4,TCP,0.001,1,66,66.0,1000.0,1,0,0,0,1
10404,51593,4,TCP,0.001,1,66,66.0,1000.0,1,0,0,0,1
16380,51917,4,TCP,0.001,1,66,66.0,1000.0,1,0,0,0,1
44099,52301,4,TCP,0.001,1,66,66.0,1000.0,1,0,0,0,1
27802,52687,4,TCP,0.001,1,66,66.0,1000.0,1,0,0,0,1
19183,53135,4,TCP,0.001,1,66,66.0,1000.0,1,0,0,0,1
26069,53519,4,TCP,0.001,1,66,66.0,1000.0,1,0,0,0,1
18130,53969,4,TCP,0.001,1,66,66.0,1000.0,1,0,0,0,1
19153,54225,4,TCP,0.001,1,66,66.0,1000.0,1,0,0,0,1
65385,54673,4,TCP,0.001,1,66,66.0,1000.0,1,0,0,0,1
33823,55063,4,TCP,0.001,1,66,66.0,1000.0,1,0,0,0,1
10026,55448,4,TCP,0.001,1,66,66.0,1000.0,1,0,0,0,1
34297,55713,4,TCP,0.001,1,66,66.0,1000.0,1,0,0,0,1
28761,56226,4,TCP,0.001,1,66,66.0,1000.0,1,0,0,0,1
17499,56547,4,TCP,0.001,1,66,66.0,1000.0,1,0,0,0,1
49733,56995,4,TCP,0.001,1,66,66.0,1000.0,1,0,0,0,1
36147,57379,4,TCP,0.001,1,66,66.0,1000.0,1,0,0,0,1
63065,57763,4,TCP,0.001,1,66,66.0,1000.0,1,0,0,0,1
49533,58146,4,TCP,0.001,1,66,66.0,1000.0,1,0,0,0,1
3910,58530,4,TCP,0.001,1,66,66.0,1000.0,1,0,0,0,1
63512,58914,4,TCP,0.001,1,66,66.0,1000.0,1,0,0,0,1
44376,59300,4,TCP,0.001,1,66,66.0,1000.0,1,0,0,0,1
11019,59733,4,TCP,0.001,1,66,66.0,1000.0,1,0,0,0,1
28431,60125,4,TCP,0.001,1,66,66.0,1000.0,1,0,0,0,1
55274,60637,4,TCP,0.001,1,66,66.0,1000.0,1,0,0,0,1
24432,61215,4,TCP,0.001,1,66,66.0,1000.0,1,0,0,0,1
62104,61729,4,TCP,0.001,1,66,66.0,1000.0,1,0,0,0,1
21035,62306,4,TCP,0.001,1,66,66.0,1000.0,1,0,0,0,1
60227,62818,4,TCP,0.001,1,66,66.0,1000.0,1,0,0,0,1
30298,63330,4,TCP,0.001,1,66,66.0,1000.0,1,0,0,0,1
42445,63778,4,TCP,0.001,1,66,66.0,1000.0,1,0,0,0,1
54807,64231,4,TCP,0.001,1,66,66.0,1000.0,1,0,0,0,1
59172,64617,4,TCP,0.001,1,66,66.0,1000.0,1,0,0,0,1
38839,65065,4,TCP,0.001,1,66,66.0,1000.0,1,0,0,0,1
59097,65449,4,TCP,0.001,1,66,66.0,1000.0,1,0,0,0,1
47331,1322,4,TCP,0.001,1,66,66.0,1000.0,1,0,0,0,1
11722,1834,4,TCP,0.001,1,66,66.0,1000.0,1,0,0,0,1
42944,2154,4,TCP,0.001,1,66,66.0,1000.0,1,0,0,0,1
8306,2666,4,TCP,0.001,1,66,66.0,1000.0,1,0,0,0,1
65048,3049,4,TCP,0.001,1,66,66.0,1000.0,1,0,0,0,1
24631,3433,4,TCP,0.001,1,66,66.0,1000.0,1,0,0,0,1
31964,3945,4,TCP,0.001,1,66,66.0,1000.0,1,0,0,0,1
52850,4330,4,TCP,0.001,1,66,66.0,1000.0,1,0,0,0,1
40578,4780,4,TCP,0.001,1,66,66.0,1000.0,1,0,0,0,1
29636,5166,4,TCP,0.001,1,66,66.0,1000.0,1,0,0,0,1
61218,5550,4,TCP,0.001,1,66,66.0,1000.0,1,0,0,0,1
35885,5998,4,TCP,0.001,1,66,66.0,1000.0,1,0,0,0,1
51265,6446,4,TCP,0.001,1,66,66.0,1000.0,1,0,0,0,1
49128,6830,4,TCP,0.001,1,66,66.0,1000.0,1,0,0,0,1
63559,7214,4,TCP,0.001,1,66,66.0,1000.0,1,0,0,0,1
14984,7726,4,TCP,0.001,1,66,66.0,1000.0,1,0,0,0,1
54100,8302,4,TCP,0.001,1,66,66.0,1000.0,1,0,0,0,1
24258,8686,4,TCP,0.001,1,66,66.0,1000.0,1,0,0,0,1
29656,9070,4,TCP,0.001,1,66,66.0,1000.0,1,0,0,0,1
27121,9454,4,TCP,0.001,1,66,66.0,1000.0,1,0,0,0,1
50009,9774,4,TCP,0.001,1,66,66.0,1000.0,1,0,0,0,1
28960,10287,4,TCP,0.001,1,66,66.0,1000.0,1,0,0,0,1
63881,10671,4,TCP,0.001,1,66,66.0,1000.0,1,0,0,0,1
35424,11055,4,TCP,0.001,1,66,66.0,1000.0,1,0,0,0,1
57838,11503,4,TCP,0.001,1,66,66.0,1000.0,1,0,0,0,1
1446,11823,4,TCP,0.001,1,66,66.0,1000.0,1,0,0,0,1
42311,12271,4,TCP,0.001,1,66,66.0,1000.0,1,0,0,0,1
4591,12655,4,TCP,0.001,1,66,66.0,1000.0,1,0,0,0,1
20454,13039,4,TCP,0.001,1,66,66.0,1000.0,1,0,0,0,1
4983,13364,4,TCP,0.001,1,66,66.0,1000.0,1,0,0,0,1
29449,13748,4,TCP,0.001,1,66,66.0,1000.0,1,0,0,0,1
13468,14196,4,TCP,0.001,1,66,66.0,1000.0,1,0,0,0,1
13869,14579,4,TCP,0.001,1,66,66.0,1000.0,1,0,0,0,1
3681,15027,4,TCP,0.001,1,66,66.0,1000.0,1,0,0,0,1
19597,15414,4,TCP,0.001,1,66,66.0,1000.0,1,0,0,0,1
33255,15798,4,TCP,0.001,1,66,66.0,1000.0,1,0,0,0,1
21200,16054,4,TCP,0.001,1,66,66.0,1000.0,1,0,0,0,1
35465,16437,4,TCP,0.001,1,66,66.0,1000.0,1,0,0,0,1
41929,16819,4,TCP,0.001,1,66,66.0,1000.0,1,0,0,0,1
62941,17267,4,TCP,0.001,1,66,66.0,1000.0,1,0,0,0,1
30358,17651,4,TCP,0.001,1,66,66.0,1000.0,1,0,0,0,1
58032,18035,4,TCP,0.001,1,66,66.0,1000.0,1,0,0,0,1
22876,18419,4,TCP,0.001,1,66,66.0,1000.0,1,0,0,0,1
5363,18739,4,TCP,0.001,1,66,66.0,1000.0,1,0,0,0,1
49642,18995,4,TCP,0.001,1,66,66.0,1000.0,1,0,0,0,1
249,19376,4,TCP,0.001,1,66,66.0,1000.0,1,0,0,0,1
39757,19633,4,TCP,0.001,1,66,66.0,1000.0,1,0,0,0,1
2892,19889,4,TCP,0.001,1,66,66.0,1000.0,1,0,0,0,1
57316,20145,4,TCP,0.001,1,66,66.0,1000.0,1,0,0,0,1
51897,20401,4,TCP,0.001,1,66,66.0,1000.0,1,0,0,0,1
64953,20849,4,TCP,0.001,1,66,66.0,1000.0,1,0,0,0,1
13595,21105,4,TCP,0.001,1,66,66.0,1000.0,1,0,0,0,1
27882,21361,4,TCP,0.001,1,66,66.0,1000.0,1,0,0,0,1
5041,21617,4,TCP,0.001,1,66,66.0,1000.0,1,0,0,0,1
60316,21873,4,TCP,0.001,1,66,66.0,1000.0,1,0,0,0,1
7023,22129,4,TCP,0.001,1,66,66.0,1000.0,1,0,0,0,1
64179,22385,4,TCP,0.001,1,66,66.0,1000.0,1,0,0,0,1
26991,22639,4,TCP,0.001,1,66,66.0,1000.0,1,0,0,0,1
9673,22895,4,TCP,0.001,1,66,66.0,1000.0,1,0,0,0,1
13988,23151,4,TCP,0.001,1,66,66.0,1000.0,1,0,0,0,1
64782,23407,4,TCP,0.001,1,66,66.0,1000.0,1,0,0,0,1
662,24110,4,TCP,0.001,1,66,66.0,1000.0,1,0,0,0,1
38840,24494,4,TCP,0.001,1,66,66.0,1000.0,1,0,0,0,1
19539,25135,4,TCP,0.001,1,66,66.0,1000.0,1,0,0,0,1
16498,25391,4,TCP,0.001,1,66,66.0,1000.0,1,0,0,0,1
11851,25647,4,TCP,0.001,1,66,66.0,1000.0,1,0,0,0,1
18517,25903,4,TCP,0.001,1,66,66.0,1000.0,1,0,0,0,1
20985,26159,4,TCP,0.001,1,66,66.0,1000.0,1,0,0,0,1
45921,26479,4,TCP,0.001,1,66,66.0,1000.0,1,0,0,0,1
30596,26697,4,TCP,0.001,1,66,66.0,1000.0,1,0,0,0,1
32410,27147,4,TCP,0.001,1,66,66.0,1000.0,1,0,0,0,1
19347,27403,4,TCP,0.001,1,66,66.0,1000.0,1,0,0,0,1
64069,27659,4,TCP,0.001,1,66,66.0,1000.0,1,0,0,0,1
63969,27915,4,TCP,0.001,1,66,66.0,1000.0,1,0,0,0,1
58665,28171,4,TCP,0.001,1,66,66.0,1000.0,1,0,0,0,1
21263,28425,4,TCP,0.001,1,66,66.0,1000.0,1,0,0,0,1
42492,28681,4,TCP,0.001,1,66,66.0,1000.0,1,0,0,0,1
46638,28937,4,TCP,0.001,1,66,66.0,1000.0,1,0,0,0,1
41322,29193,4,TCP,0.001,1,66,66.0,1000.0,1,0,0,0,1
19526,29449,4,TCP,0.001,1,66,66.0,1000.0,1,0,0,0,1
46247,29705,4,TCP,0.001,1,66,66.0,1000.0,1,0,0,0,1
73,29961,4,TCP,0.001,1,66,66.0,1000.0,1,0,0,0,1
44937,30218,4,TCP,0.001,1,66,66.0,1000.0,1,0,0,0,1
25111,30474,4,TCP,0.001,1,66,66.0,1000.0,1,0,0,0,1
64823,30857,4,TCP,0.001,1,66,66.0,1000.0,1,0,0,0,1
17196,31241,4,TCP,0.001,1,66,66.0,1000.0,1,0,0,0,1
32522,31689,4,TCP,0.001,1,66,66.0,1000.0,1,0,0,0,1
5203,32009,4,TCP,0.001,1,66,66.0,1000.0,1,0,0,0,1
17433,32457,4,TCP,0.001,1,66,66.0,1000.0,1,0,0,0,1
43947,32842,4,TCP,0.001,1,66,66.0,1000.0,1,0,0,0,1
60166,33226,4,TCP,0.001,1,66,66.0,1000.0,1,0,0,0,1
64886,33610,4,TCP,0.001,1,66,66.0,1000.0,1,0,0,0,1
11202,33930,4,TCP,0.001,1,66,66.0,1000.0,1,0,0,0,1
7709,34378,4,TCP,0.001,1,66,66.0,1000.0,1,0,0,0,1
41399,34762,4,TCP,0.001,1,66,66.0,1000.0,1,0,0,0,1
28037,35210,4,TCP,0.001,1,66,66.0,1000.0,1,0,0,0,1
59339,35594,4,TCP,0.001,1,66,66.0,1000.0,1,0,0,0,1
7321,35979,4,TCP,0.001,1,66,66.0,1000.0,1,0,0,0,1
12729,36363,4,TCP,0.001,1,66,66.0,1000.0,1,0,0,0,1
13086,36619,4,TCP,0.001,1,66,66.0,1000.0,1,0,0,0,1
38782,36875,4,TCP,0.001,1,66,66.0,1000.0,1,0,0,0,1
1649,37194,4,TCP,0.001,1,66,66.0,1000.0,1,0,0,0,1
25173,37642,4,TCP,0.001,1,66,66.0,1000.0,1,0,0,0,1
34626,38089,4,TCP,0.001,1,66,66.0,1000.0,1,0,0,0,1
5911,38473,4,TCP,0.001,1,66,66.0,1000.0,1,0,0,0,1
1203,38921,4,TCP,0.001,1,66,66.0,1000.0,1,0,0,0,1
23186,39438,4,TCP,0.001,1,66,66.0,1000.0,1,0,0,0,1
62864,39886,4,TCP,0.001,1,66,66.0,1000.0,1,0,0,0,1
51899,40206,4,TCP,0.001,1,66,66.0,1000.0,1,0,0,0,1
25616,40462,4,TCP,0.001,1,66,66.0,1000.0,1,0,0,0,1
26426,40718,4,TCP,0.001,1,66,66.0,1000.0,1,0,0,0,1
37466,40910,4,TCP,0.001,1,66,66.0,1000.0,1,0,0,0,1
47766,41166,4,TCP,0.001,1,66,66.0,1000.0,1,0,0,0,1
33751,41422,4,TCP,0.001,1,66,66.0,1000.0,1,0,0,0,1
58215,41742,4,TCP,0.001,1,66,66.0,1000.0,1,0,0,0,1
49125,41998,4,TCP,0.001,1,66,66.0,1000.0,1,0,0,0,1
53136,42256,4,TCP,0.001,1,66,66.0,1000.0,1,0,0,0,1
64406,42639,4,TCP,0.001,1,66,66.0,1000.0,1,0,0,0,1
45061,43023,4,TCP,0.001,1,66,66.0,1000.0,1,0,0,0,1
40384,43407,4,TCP,0.001,1,66,66.0,1000.0,1,0,0,0,1
44631,43663,4,TCP,0.001,1,66,66.0,1000.0,1,0,0,0,1
7082,43919,4,TCP,0.001,1,66,66.0,1000.0,1,0,0,0,1
37420,44239,4,TCP,0.001,1,66,66.0,1000.0,1,0,0,0,1
50600,44495,4,TCP,0.001,1,66,66.0,1000.0,1,0,0,0,1
35870,44751,4,TCP,0.001,1,66,66.0,1000.0,1,0,0,0,1
40853,45007,4,TCP,0.001,1,66,66.0,1000.0,1,0,0,0,1
127,45263,4,TCP,0.001,1,66,66.0,1000.0,1,0,0,0,1
41855,45584,4,TCP,0.001,1,66,66.0,1000.0,1,0,0,0,1
62929,45840,4,TCP,0.001,1,66,66.0,1000.0,1,0,0,0,1
26982,46096,4,TCP,0.001,1,66,66.0,1000.0,1,0,0,0,1
21916,46352,4,TCP,0.001,1,66,66.0,1000.0,1,0,0,0,1
930,46608,4,TCP,0.001,1,66,66.0,1000.0,1,0,0,0,1
19906,46866,4,TCP,0.001,1,66,66.0,1000.0,1,0,0,0,1
12521,47123,4,TCP,0.001,1,66,66.0,1000.0,1,0,0,0,1
4764,47379,4,TCP,0.001,1,66,66.0,1000.0,1,0,0,0,1
1496,47891,4,TCP,0.001,1,66,66.0,1000.0,1,0,0,0,1
15988,48211,4,TCP,0.001,1,66,66.0,1000.0,1,0,0,0,1
7219,48467,4,TCP,0.001,1,66,66.0,1000.0,1,0,0,0,1
22014,48723,4,TCP,0.001,1,66,66.0,1000.0,1,0,0,0,1
35063,48979,4,TCP,0.001,1,66,66.0,1000.0,1,0,0,0,1
156,49235,4,TCP,0.001,1,66,66.0,1000.0,1,0,0,0,1
45527,49759,4,TCP,0.001,1,66,66.0,1000.0,1,0,0,0,1
60503,50076,4,TCP,0.001,1,66,66.0,1000.0,1,0,0,0,1
22143,50371,4,TCP,0.001,1,66,66.0,1000.0,1,0,0,0,1
3103,50628,4,TCP,0.001,1,66,66.0,1000.0,1,0,0,0,1
554,50749,4,TCP,0.145,2,120,60.0,13.81,1,1,0,1,1
113,50750,4,TCP,0.151,2,120,60.0,13.24,1,1,0,1,1
3306,50751,4,TCP,0.145,2,120,60.0,13.81,1,1,0,1,1
111,50752,4,TCP,0.149,2,120,60.0,13.41,1,1,0,1,1
21,50753,4,TCP,0.284,2,120,60.0,7.05,1,1,0,1,1
139,50754,4,TCP,0.299,2,120,60.0,6.69,1,1,0,1,1
587,50755,4,TCP,0.293,2,120,60.0,6.82,1,1,0,1,1
135,50756,4,TCP,0.295,2,120,60.0,6.79,1,1,0,1,1
256,50757,4,TCP,0.294,2,120,60.0,6.81,1,1,0,1,1
995,50758,4,TCP,0.294,2,120,60.0,6.81,1,1,0,1,1
53,50759,4,TCP,0.291,2,120,60.0,6.86,1,1,0,1,1
8888,50760,4,TCP,0.275,2,120,60.0,7.28,1,1,0,1,1
1025,50761,4,TCP,0.271,2,120,60.0,7.39,1,1,0,1,1
25,50762,4,TCP,0.267,2,120,60.0,7.5,1,1,0,1,1
445,50763,4,TCP,0.285,2,120,60.0,7.02,1,1,0,1,1
5900,50764,4,TCP,0.279,2,120,60.0,7.17,1,1,0,1,1
143,50765,4,TCP,0.279,2,120,60.0,7.17,1,1,0,1,1
1723,50766,4,TCP,0.281,2,120,60.0,7.12,1,1,0,1,1
443,50767,4,TCP,0.292,2,120,60.0,6.86,1,1,0,1,1
1720,50768,4,TCP,0.278,2,120,60.0,7.19,1,1,0,1,1
3389,50769,4,TCP,0.287,2,120,60.0,6.96,1,1,0,1,1
8080,50770,4,TCP,0.287,2,120,60.0,6.98,1,1,0,1,1
110,50771,4,TCP,0.285,2,120,60.0,7.02,1,1,0,1,1
80,50772,4,TCP,0.274,2,120,60.0,7.29,1,1,0,1,1
23,50773,4,TCP,0.275,2,120,60.0,7.27,1,1,0,1,1
199,50774,4,TCP,0.289,2,120,60.0,6.91,1,1,0,1,1
993,50775,4,TCP,0.295,2,120,60.0,6.78,1,1,0,1,1
22,50776,4,TCP,1.368,4,252,63.0,2.92,2,3,0,1,1
14437,50777,4,TCP,0.274,2,120,60.0,7.31,1,1,0,1,1
17855,50778,4,TCP,0.281,2,120,60.0,7.13,1,1,0,1,1
26785,50779,4,TCP,0.275,2,120,60.0,7.28,1,1,0,1,1
25504,50780,4,TCP,0.281,2,120,60.0,7.12,1,1,0,1,1
54232,50781,4,TCP,0.284,2,120,60.0,7.05,1,1,0,1,1
62146,50782,4,TCP,0.285,2,120,60.0,7.03,1,1,0,1,1
44082,50783,4,TCP,0.288,2,120,60.0,6.95,1,1,0,1,1
45190,50784,4,TCP,0.324,2,120,60.0,6.18,1,1,0,1,1
35172,50785,4,TCP,0.311,2,120,60.0,6.43,1,1,0,1,1
20016,50786,4,TCP,0.328,2,120,60.0,6.1,1,1,0,1,1
64862,50787,4,TCP,0.33,2,120,60.0,6.07,1,1,0,1,1
28104,50788,4,TCP,0.33,2,120,60.0,6.07,1,1,0,1,1
59378,50789,4,TCP,0.296,2,120,60.0,6.75,1,1,0,1,1
18197,50790,4,TCP,0.273,2,120,60.0,7.33,1,1,0,1,1
32153,50791,4,TCP,0.293,2,120,60.0,6.83,1,1,0,1,1
31074,50792,4,TCP,0.305,2,120,60.0,6.55,1,1,0,1,1
51857,50793,4,TCP,0.299,2,120,60.0,6.69,1,1,0,1,1
27492,50794,4,TCP,0.288,2,120,60.0,6.95,1,1,0,1,1
42978,50795,4,TCP,0.271,2,120,60.0,7.38,1,1,0,1,1
1591,50796,4,TCP,0.277,2,120,60.0,7.22,1,1,0,1,1
53131,50797,4,TCP,0.241,2,120,60.0,8.3,1,1,0,1,1
592,50798,4,TCP,0.326,2,120,60.0,6.13,1,1,0,1,1
11701,50799,4,TCP,0.322,2,120,60.0,6.22,1,1,0,1,1
44495,50800,4,TCP,0.282,2,120,60.0,7.09,1,1,0,1,1
37058,50801,4,TCP,0.274,2,120,60.0,7.29,1,1,0,1,1
11778,50802,4,TCP,0.294,2,120,60.0,6.8,1,1,0,1,1
15622,50803,4,TCP,0.284,2,120,60.0,7.05,1,1,0,1,1
13967,50804,4,TCP,0.277,2,120,60.0,7.22,1,1,0,1,1
28210,50805,4,TCP,0.278,2,120,60.0,7.2,1,1,0,1,1
48003,50806,4,TCP,0.29,2,120,60.0,6.9,1,1,0,1,1
34134,50807,4,TCP,0.299,2,120,60.0,6.69,1,1,0,1,1
36812,50808,4,TCP,0.3,2,120,60.0,6.67,1,1,0,1,1
20156,50809,4,TCP,0.305,2,120,60.0,6.55,1,1,0,1,1
24486,50810,4,TCP,0.298,2,120,60.0,6.7,1,1,0,1,1
21955,50811,4,TCP,0.303,2,120,60.0,6.61,1,1,0,1,1
16931,50813,4,TCP,0.294,2,120,60.0,6.81,1,1,0,1,1
43213,50814,4,TCP,0.274,2,120,60.0,7.29,1,1,0,1,1
1697,50815,4,TCP,0.001,1,66,66.0,1000.0,1,0,0,0,1
13413,50816,4,TCP,0.001,1,66,66.0,1000.0,1,0,0,0,1
61990,50817,4,TCP,0.001,1,66,66.0,1000.0,1,0,0,0,1
39884,50818,4,TCP,0.001,1,66,66.0,1000.0,1,0,0,0,1
19593,50819,4,TCP,0.001,1,66,66.0,1000.0,1,0,0,0,1
14907,51346,4,TCP,0.001,1,66,66.0,1000.0,1,0,0,0,1
29317,51730,4,TCP,0.001,1,66,66.0,1000.0,1,0,0,0,1
10134,52182,4,TCP,0.001,1,66,66.0,1000.0,1,0,0,0,1
52931,52503,4,TCP,0.001,1,66,66.0,1000.0,1,0,0,0,1
52980,52952,4,TCP,0.001,1,66,66.0,1000.0,1,0,0,0,1
49894,53399,4,TCP,0.001,1,66,66.0,1000.0,1,0,0,0,1
46356,53785,4,TCP,0.001,1,66,66.0,1000.0,1,0,0,0,1
39432,54169,4,TCP,0.001,1,66,66.0,1000.0,1,0,0,0,1
18631,54553,4,TCP,0.001,1,66,66.0,1000.0,1,0,0,0,1
38591,54938,4,TCP,0.001,1,66,66.0,1000.0,1,0,0,0,1
34126,55392,4,TCP,0.001,1,66,66.0,1000.0,1,0,0,0,1
6080,55777,4,TCP,0.001,1,66,66.0,1000.0,1,0,0,0,1
45576,56162,4,TCP,0.001,1,66,66.0,1000.0,1,0,0,0,1
20490,56547,4,TCP,0.001,1,66,66.0,1000.0,1,0,0,0,1
38650,56931,4,TCP,0.001,1,66,66.0,1000.0,1,0,0,0,1
42068,57571,4,TCP,0.001,1,66,66.0,1000.0,1,0,0,0,1
18970,58083,4,TCP,0.001,1,66,66.0,1000.0,1,0,0,0,1
49883,58467,4,TCP,0.001,1,66,66.0,1000.0,1,0,0,0,1
38472,58851,4,TCP,0.001,1,66,66.0,1000.0,1,0,0,0,1
37837,59237,4,TCP,0.001,1,66,66.0,1000.0,1,0,0,0,1
38654,59621,4,TCP,0.001,1,66,66.0,1000.0,1,0,0,0,1
6612,60007,4,TCP,0.001,1,66,66.0,1000.0,1,0,0,0,1
27806,60455,4,TCP,0.001,1,66,66.0,1000.0,1,0,0,0,1
52443,60840,4,TCP,0.001,1,66,66.0,1000.0,1,0,0,0,1
23882,61289,4,TCP,0.001,1,66,66.0,1000.0,1,0,0,0,1
64012,61610,4,TCP,0.001,1,66,66.0,1000.0,1,0,0,0,1
49769,62059,4,TCP,0.001,1,66,66.0,1000.0,1,0,0,0,1
22055,62444,4,TCP,0.001,1,66,66.0,1000.0,1,0,0,0,1
5802,62828,4,TCP,0.001,1,66,66.0,1000.0,1,0,0,0,1
40010,63212,4,TCP,0.001,1,66,66.0,1000.0,1,0,0,0,1
15565,63596,4,TCP,0.001,1,66,66.0,1000.0,1,0,0,0,1
37204,63981,4,TCP,0.001,1,66,66.0,1000.0,1,0,0,0,1
47391,64371,4,TCP,0.001,1,66,66.0,1000.0,1,0,0,0,1
17723,64881,4,TCP,0.001,1,66,66.0,1000.0,1,0,0,0,1
52017,65265,4,TCP,0.001,1,66,66.0,1000.0,1,0,0,0,1
35434,1138,4,TCP,0.001,1,66,66.0,1000.0,1,0,0,0,1
2223,1522,4,TCP,0.001,1,66,66.0,1000.0,1,0,0,0,1
65034,2034,4,TCP,0.001,1,66,66.0,1000.0,1,0,0,0,1
32162,2418,4,TCP,0.001,1,66,66.0,1000.0,1,0,0,0,1
34630,2802,4,TCP,0.001,1,66,66.0,1000.0,1,0,0,0,1
31761,3186,4,TCP,0.001,1,66,66.0,1000.0,1,0,0,0,1
2624,3570,4,TCP,0.001,1,66,66.0,1000.0,1,0,0,0,1
5297,4082,4,TCP,0.001,1,66,66.0,1000.0,1,0,0,0,1
11329,4404,4,TCP,0.001,1,66,66.0,1000.0,1,0,0,0,1
49284,4853,4,TCP,0.001,1,66,66.0,1000.0,1,0,0,0,1
4136,5239,4,TCP,0.001,1,66,66.0,1000.0,1,0,0,0,1
37032,5623,4,TCP,0.001,1,66,66.0,1000.0,1,0,0,0,1
37415,6070,4,TCP,0.001,1,66,66.0,1000.0,1,0,0,0,1
62344,6454,4,TCP,0.001,1,66,66.0,1000.0,1,0,0,0,1
49082,6838,4,TCP,0.001,1,66,66.0,1000.0,1,0,0,0,1
49950,7222,4,TCP,0.001,1,66,66.0,1000.0,1,0,0,0,1
31941,7541,4,TCP,0.001,1,66,66.0,1000.0,1,0,0,0,1
53050,8118,4,TCP,0.001,1,66,66.0,1000.0,1,0,0,0,1
1484,8566,4,TCP,0.001,1,66,66.0,1000.0,1,0,0,0,1
65311,8950,4,TCP,0.001,1,66,66.0,1000.0,1,0,0,0,1
65080,9334,4,TCP,0.001,1,66,66.0,1000.0,1,0,0,0,1
930,9654,4,TCP,0.001,1,66,66.0,1000.0,1,0,0,0,1
16094,10103,4,TCP,0.001,1,66,66.0,1000.0,1,0,0,0,1
33993,10487,4,TCP,0.001,1,66,66.0,1000.0,1,0,0,0,1
22466,10871,4,TCP,0.001,1,66,66.0,1000.0,1,0,0,0,1
40900,11255,4,TCP,0.001,1,66,66.0,1000.0,1,0,0,0,1
38656,11638,4,TCP,0.001,1,66,66.0,1000.0,1,0,0,0,1
56059,12022,4,TCP,0.001,1,66,66.0,1000.0,1,0,0,0,1
47319,12470,4,TCP,0.001,1,66,66.0,1000.0,1,0,0,0,1
37970,12854,4,TCP,0.001,1,66,66.0,1000.0,1,0,0,0,1
38258,13238,4,TCP,0.001,1,66,66.0,1000.0,1,0,0,0,1
7555,13691,4,TCP,0.001,1,66,66.0,1000.0,1,0,0,0,1
20460,14075,4,TCP,0.001,1,66,66.0,1000.0,1,0,0,0,1
47211,14458,4,TCP,0.001,1,66,66.0,1000.0,1,0,0,0,1
3815,14906,4,TCP,0.001,1,66,66.0,1000.0,1,0,0,0,1
21435,15229,4,TCP,0.001,1,66,66.0,1000.0,1,0,0,0,1
6043,15677,4,TCP,0.001,1,66,66.0,1000.0,1,0,0,0,1
32112,16061,4,TCP,0.001,1,66,66.0,1000.0,1,0,0,0,1
60800,16445,4,TCP,0.001,1,66,66.0,1000.0,1,0,0,0,1
53259,16829,4,TCP,0.001,1,66,66.0,1000.0,1,0,0,0,1
37869,17213,4,TCP,0.001,1,66,66.0,1000.0,1,0,0,0,1
36966,17725,4,TCP,0.001,1,66,66.0,1000.0,1,0,0,0,1
55431,18365,4,TCP,0.001,1,66,66.0,1000.0,1,0,0,0,1
59260,18877,4,TCP,0.001,1,66,66.0,1000.0,1,0,0,0,1
31642,19197,4,TCP,0.001,1,66,66.0,1000.0,1,0,0,0,1
65104,19646,4,TCP,0.001,1,66,66.0,1000.0,1,0,0,0,1
64513,20222,4,TCP,0.001,1,66,66.0,1000.0,1,0,0,0,1
34626,20606,4,TCP,0.001,1,66,66.0,1000.0,1,0,0,0,1
14230,21115,4,TCP,0.001,1,66,66.0,1000.0,1,0,0,0,1
9136,21499,4,TCP,0.001,1,66,66.0,1000.0,1,0,0,0,1
54379,21883,4,TCP,0.001,1,66,66.0,1000.0,1,0,0,0,1
27118,22203,4,TCP,0.001,1,66,66.0,1000.0,1,0,0,0,1
14748,22587,4,TCP,0.001,1,66,66.0,1000.0,1,0,0,0,1
25998,23481,4,TCP,0.001,1,66,66.0,1000.0,1,0,0,0,1
3184,24057,4,TCP,0.001,1,66,66.0,1000.0,1,0,0,0,1
17416,24441,4,TCP,0.001,1,66,66.0,1000.0,1,0,0,0,1
64937,24826,4,TCP,0.001,1,66,66.0,1000.0,1,0,0,0,1
10360,25208,4,TCP,0.001,1,66,66.0,1000.0,1,0,0,0,1
61495,25656,4,TCP,0.001,1,66,66.0,1000.0,1,0,0,0,1
8626,25976,4,TCP,0.001,1,66,66.0,1000.0,1,0,0,0,1
42189,26360,4,TCP,0.001,1,66,66.0,1000.0,1,0,0,0,1
23545,26743,4,TCP,0.001,1,66,66.0,1000.0,1,0,0,0,1
55607,27193,4,TCP,0.001,1,66,66.0,1000.0,1,0,0,0,1
11316,27577,4,TCP,0.001,1,66,66.0,1000.0,1,0,0,0,1
15169,27961,4,TCP,0.001,1,66,66.0,1000.0,1,0,0,0,1
39635,28409,4,TCP,0.001,1,66,66.0,1000.0,1,0,0,0,1
6792,29241,4,TCP,0.001,1,66,66.0,1000.0,1,0,0,0,1
20012,29689,4,TCP,0.001,1,66,66.0,1000.0,1,0,0,0,1
15852,30009,4,TCP,0.001,1,66,66.0,1000.0,1,0,0,0,1
41159,30458,4,TCP,0.001,1,66,66.0,1000.0,1,0,0,0,1
7032,30839,4,TCP,0.001,1,66,66.0,1000.0,1,0,0,0,1
13779,31287,4,TCP,0.001,1,66,66.0,1000.0,1,0,0,0,1
29671,31671,4,TCP,0.001,1,66,66.0,1000.0,1,0,0,0,1
11129,32055,4,TCP,0.001,1,66,66.0,1000.0,1,0,0,0,1
29762,32439,4,TCP,0.001,1,66,66.0,1000.0,1,0,0,0,1
9390,32824,4,TCP,0.001,1,66,66.0,1000.0,1,0,0,0,1
49753,33336,4,TCP,0.001,1,66,66.0,1000.0,1,0,0,0,1
16479,33656,4,TCP,0.001,1,66,66.0,1000.0,1,0,0,0,1
34035,33976,4,TCP,0.001,1,66,66.0,1000.0,1,0,0,0,1
25746,34424,4,TCP,0.001,1,66,66.0,1000.0,1,0,0,0,1
60239,34807,4,TCP,0.001,1,66,66.0,1000.0,1,0,0,0,1
15284,35191,4,TCP,0.001,1,66,66.0,1000.0,1,0,0,0,1
13815,35575,4,TCP,0.001,1,66,66.0,1000.0,1,0,0,0,1
26559,35960,4,TCP,0.001,1,66,66.0,1000.0,1,0,0,0,1
13948,36408,4,TCP,0.001,1,66,66.0,1000.0,1,0,0,0,1
53321,36727,4,TCP,0.001,1,66,66.0,1000.0,1,0,0,0,1
6187,37175,4,TCP,0.001,1,66,66.0,1000.0,1,0,0,0,1
61062,37559,4,TCP,0.001,1,66,66.0,1000.0,1,0,0,0,1
39875,38135,4,TCP,0.001,1,66,66.0,1000.0,1,0,0,0,1
37700,38583,4,TCP,0.001,1,66,66.0,1000.0,1,0,0,0,1
40234,38970,4,TCP,0.001,1,66,66.0,1000.0,1,0,0,0,1
31299,39419,4,TCP,0.001,1,66,66.0,1000.0,1,0,0,0,1
24934,39803,4,TCP,0.001,1,66,66.0,1000.0,1,0,0,0,1
5575,40187,4,TCP,0.001,1,66,66.0,1000.0,1,0,0,0,1
63329,40571,4,TCP,0.001,1,66,66.0,1000.0,1,0,0,0,1
9883,40955,4,TCP,0.001,1,66,66.0,1000.0,1,0,0,0,1
42042,41339,4,TCP,0.001,1,66,66.0,1000.0,1,0,0,0,1
43045,41723,4,TCP,0.001,1,66,66.0,1000.0,1,0,0,0,1
20770,42172,4,TCP,0.001,1,66,66.0,1000.0,1,0,0,0,1
35795,42621,4,TCP,0.001,1,66,66.0,1000.0,1,0,0,0,1
21031,43005,4,TCP,0.001,1,66,66.0,1000.0,1,0,0,0,1
33623,43389,4,TCP,0.001,1,66,66.0,1000.0,1,0,0,0,1
7117,43709,4,TCP,0.001,1,66,66.0,1000.0,1,0,0,0,1
11679,43965,4,TCP,0.001,1,66,66.0,1000.0,1,0,0,0,1
15916,44221,4,TCP,0.001,1,66,66.0,1000.0,1,0,0,0,1
2199,44477,4,TCP,0.001,1,66,66.0,1000.0,1,0,0,0,1
7011,44733,4,TCP,0.001,1,66,66.0,1000.0,1,0,0,0,1
24759,44989,4,TCP,0.001,1,66,66.0,1000.0,1,0,0,0,1
21100,45245,4,TCP,0.001,1,66,66.0,1000.0,1,0,0,0,1
43461,45502,4,TCP,0.001,1,66,66.0,1000.0,1,0,0,0,1
36954,45758,4,TCP,0.001,1,66,66.0,1000.0,1,0,0,0,1
41793,46014,4,TCP,0.001,1,66,66.0,1000.0,1,0,0,0,1
1669,46270,4,TCP,0.001,1,66,66.0,1000.0,1,0,0,0,1
61558,46589,4,TCP,0.001,1,66,66.0,1000.0,1,0,0,0,1
57004,46976,4,TCP,0.001,1,66,66.0,1000.0,1,0,0,0,1
15490,47360,4,TCP,0.001,1,66,66.0,1000.0,1,0,0,0,1
58809,47680,4,TCP,0.001,1,66,66.0,1000.0,1,0,0,0,1
45669,47936,4,TCP,0.001,1,66,66.0,1000.0,1,0,0,0,1
62433,48192,4,TCP,0.001,1,66,66.0,1000.0,1,0,0,0,1
24651,48448,4,TCP,0.001,1,66,66.0,1000.0,1,0,0,0,1
45274,48704,4,TCP,0.001,1,66,66.0,1000.0,1,0,0,0,1
1059,48960,4,TCP,0.001,1,66,66.0,1000.0,1,0,0,0,1
29,49280,4,TCP,0.001,1,66,66.0,1000.0,1,0,0,0,1
25194,49804,4,TCP,0.001,1,66,66.0,1000.0,1,0,0,0,1
39679,50121,4,TCP,0.001,1,66,66.0,1000.0,1,0,0,0,1
7063,50377,4,TCP,0.001,1,66,66.0,1000.0,1,0,0,0,1
28729,50634,4,TCP,0.001,1,66,66.0,1000.0,1,0,0,0,1
61386,50955,4,TCP,0.001,1,66,66.0,1000.0,1,0,0,0,1
6361,51211,4,TCP,0.001,1,66,66.0,1000.0,1,0,0,0,1
37924,51403,4,TCP,0.001,1,66,66.0,1000.0,1,0,0,0,1
4907,51723,4,TCP,0.001,1,66,66.0,1000.0,1,0,0,0,1
53337,51919,4,TCP,0.001,1,66,66.0,1000.0,1,0,0,0,1
29537,52175,4,TCP,0.001,1,66,66.0,1000.0,1,0,0,0,1
5900,52176,4,TCP,0.181,2,120,60.0,11.08,1,1,0,1,1
110,52177,4,TCP,0.181,2,120,60.0,11.07,1,1,0,1,1
53,52178,4,TCP,0.167,2,120,60.0,12.0,1,1,0,1,1
22,52179,4,TCP,0.931,4,252,63.0,4.3,2,3,0,1,1
443,52180,4,TCP,0.168,2,120,60.0,11.9,1,1,0,1,1
1720,52181,4,TCP,0.317,2,120,60.0,6.31,1,1,0,1,1
3306,52182,4,TCP,0.3,2,120,60.0,6.66,1,1,0,1,1
111,52183,4,TCP,0.275,2,120,60.0,7.27,1,1,0,1,1
1025,52184,4,TCP,0.281,2,120,60.0,7.13,1,1,0,1,1
21,52185,4,TCP,0.279,2,120,60.0,7.17,1,1,0,1,1
445,52186,4,TCP,0.247,2,120,60.0,8.09,1,1,0,1,1
199,52187,4,TCP,0.246,2,120,60.0,8.13,1,1,0,1,1
8080,52188,4,TCP,0.172,2,120,60.0,11.64,1,1,0,1,1
554,52189,4,TCP,0.167,2,120,60.0,11.95,1,1,0,1,1
143,52190,4,TCP,0.167,2,120,60.0,12.0,1,1,0,1,1
23,52191,4,TCP,0.176,2,120,60.0,11.37,1,1,0,1,1
3389,52192,4,TCP,0.207,2,120,60.0,9.68,1,1,0,1,1
113,52193,4,TCP,0.208,2,120,60.0,9.62,1,1,0,1,1
139,52194,4,TCP,0.209,2,120,60.0,9.58,1,1,0,1,1
8888,52195,4,TCP,0.201,2,120,60.0,9.94,1,1,0,1,1
587,52196,4,TCP,0.209,2,120,60.0,9.57,1,1,0,1,1
80,52197,4,TCP,0.216,2,120,60.0,9.26,1,1,0,1,1
135,52198,4,TCP,0.291,2,120,60.0,6.88,1,1,0,1,1
995,52199,4,TCP,0.269,2,120,60.0,7.43,1,1,0,1,1
1723,52200,4,TCP,0.266,2,120,60.0,7.51,1,1,0,1,1
256,52201,4,TCP,0.253,2,120,60.0,7.89,1,1,0,1,1
993,52202,4,TCP,0.236,2,120,60.0,8.47,1,1,0,1,1
25,52203,4,TCP,0.22,2,120,60.0,9.08,1,1,0,1,1
27448,52204,4,TCP,0.213,2,120,60.0,9.41,1,1,0,1,1
8981,52205,4,TCP,0.202,2,120,60.0,9.9,1,1,0,1,1
52581,52206,4,TCP,0.166,2,120,60.0,12.02,1,1,0,1,1
37940,52207,4,TCP,0.166,2,120,60.0,12.03,1,1,0,1,1
41951,52208,4,TCP,0.165,2,120,60.0,12.14,1,1,0,1,1
3380,52209,4,TCP,0.159,2,120,60.0,12.56,1,1,0,1,1
43926,52210,4,TCP,0.164,2,120,60.0,12.18,1,1,0,1,1
44577,52211,4,TCP,0.174,2,120,60.0,11.52,1,1,0,1,1
59227,52212,4,TCP,0.196,2,120,60.0,10.21,1,1,0,1,1
32847,52213,4,TCP,0.295,2,120,60.0,6.79,1,1,0,1,1
4284,52214,4,TCP,0.294,2,120,60.0,6.8,1,1,0,1,1
43196,52215,4,TCP,0.301,2,120,60.0,6.64,1,1,0,1,1
27836,52216,4,TCP,0.282,2,120,60.0,7.09,1,1,0,1,1
45894,52217,4,TCP,0.306,2,120,60.0,6.54,1,1,0,1,1
36627,52218,4,TCP,0.323,2,120,60.0,6.19,1,1,0,1,1
2166,52219,4,TCP,0.334,2,120,60.0,5.99,1,1,0,1,1
33692,52220,4,TCP,0.335,2,120,60.0,5.97,1,1,0,1,1
32390,52221,4,TCP,0.308,2,120,60.0,6.49,1,1,0,1,1
59967,52222,4,TCP,0.303,2,120,60.0,6.6,1,1,0,1,1
16130,52223,4,TCP,0.302,2,120,60.0,6.61,1,1,0,1,1
26737,52224,4,TCP,0.288,2,120,60.0,6.93,1,1,0,1,1
41239,52225,4,TCP,0.28,2,120,60.0,7.14,1,1,0,1,1
13109,52226,4,TCP,0.292,2,120,60.0,6.85,1,1,0,1,1
15554,52227,4,TCP,0.315,2,120,60.0,6.36,1,1,0,1,1
13034,52228,4,TCP,0.305,2,120,60.0,6.55,1,1,0,1,1
51137,52229,4,TCP,0.23,2,120,60.0,8.68,1,1,0,1,1
47273,52230,4,TCP,0.231,2,120,60.0,8.66,1,1,0,1,1
23222,52231,4,TCP,0.213,2,120,60.0,9.38,1,1,0,1,1
44861,52232,4,TCP,0.207,2,120,60.0,9.65,1,1,0,1,1
22856,52233,4,TCP,0.219,2,120,60.0,9.12,1,1,0,1,1
22391,52234,4,TCP,0.215,2,120,60.0,9.28,1,1,0,1,1
30628,52235,4,TCP,0.293,2,120,60.0,6.82,1,1,0,1,1
2738,52236,4,TCP,0.293,2,120,60.0,6.82,1,1,0,1,1
52861,52237,4,TCP,0.297,2,120,60.0,6.72,1,1,0,1,1
52604,52238,4,TCP,0.294,2,120,60.0,6.8,1,1,0,1,1
52879,52239,4,TCP,0.291,2,120,60.0,6.88,1,1,0,1,1
7804,52240,4,TCP,0.29,2,120,60.0,6.9,1,1,0,1,1
52808,52241,4,TCP,0.291,2,120,60.0,6.87,1,1,0,1,1
35797,52242,4,TCP,0.285,2,120,60.0,7.02,1,1,0,1,1
11483,52243,4,TCP,0.001,1,66,66.0,1000.0,1,0,0,0,1
6547,52997,4,TCP,0.001,1,66,66.0,1000.0,1,0,0,0,1
41903,53381,4,TCP,0.001,1,66,66.0,1000.0,1,0,0,0,1
6070,53895,4,TCP,0.001,1,66,66.0,1000.0,1,0,0,0,1
31705,54343,4,TCP,0.001,1,66,66.0,1000.0,1,0,0,0,1
35868,54727,4,TCP,0.001,1,66,66.0,1000.0,1,0,0,0,1
19345,55048,4,TCP,0.001,1,66,66.0,1000.0,1,0,0,0,1
14835,55438,4,TCP,0.001,1,66,66.0,1000.0,1,0,0,0,1
30617,55823,4,TCP,0.001,1,66,66.0,1000.0,1,0,0,0,1
47690,56272,4,TCP,0.001,1,66,66.0,1000.0,1,0,0,0,1
14434,56657,4,TCP,0.001,1,66,66.0,1000.0,1,0,0,0,1
57152,57041,4,TCP,0.001,1,66,66.0,1000.0,1,0,0,0,1
63484,57553,4,TCP,0.001,1,66,66.0,1000.0,1,0,0,0,1
55811,58193,4,TCP,0.001,1,66,66.0,1000.0,1,0,0,0,1
41905,58513,4,TCP,0.001,1,66,66.0,1000.0,1,0,0,0,1
18052,58897,4,TCP,0.001,1,66,66.0,1000.0,1,0,0,0,1
17926,59283,4,TCP,0.001,1,66,66.0,1000.0,1,0,0,0,1
54569,59666,4,TCP,0.001,1,66,66.0,1000.0,1,0,0,0,1
34406,60052,4,TCP,0.001,1,66,66.0,1000.0,1,0,0,0,1
42229,60564,4,TCP,0.001,1,66,66.0,1000.0,1,0,0,0,1
64646,60885,4,TCP,0.001,1,66,66.0,1000.0,1,0,0,0,1
53991,61270,4,TCP,0.001,1,66,66.0,1000.0,1,0,0,0,1
50606,61655,4,TCP,0.001,1,66,66.0,1000.0,1,0,0,0,1
2346,62040,4,TCP,0.001,1,66,66.0,1000.0,1,0,0,0,1
2788,62425,4,TCP,0.001,1,66,66.0,1000.0,1,0,0,0,1
38822,62809,4,TCP,0.001,1,66,66.0,1000.0,1,0,0,0,1
46886,63257,4,TCP,0.001,1,66,66.0,1000.0,1,0,0,0,1
32643,63705,4,TCP,0.001,1,66,66.0,1000.0,1,0,0,0,1
32463,64094,4,TCP,0.001,1,66,66.0,1000.0,1,0,0,0,1
51639,64480,4,TCP,0.001,1,66,66.0,1000.0,1,0,0,0,1
34915,64864,4,TCP,0.001,1,66,66.0,1000.0,1,0,0,0,1
21228,65248,4,TCP,0.001,1,66,66.0,1000.0,1,0,0,0,1
30347,1121,4,TCP,0.001,1,66,66.0,1000.0,1,0,0,0,1
42834,1505,4,TCP,0.001,1,66,66.0,1000.0,1,0,0,0,1
32879,1953,4,TCP,0.001,1,66,66.0,1000.0,1,0,0,0,1
23523,2337,4,TCP,0.001,1,66,66.0,1000.0,1,0,0,0,1
5361,2721,4,TCP,0.001,1,66,66.0,1000.0,1,0,0,0,1
56320,3105,4,TCP,0.001,1,66,66.0,1000.0,1,0,0,0,1
43650,3553,4,TCP,0.001,1,66,66.0,1000.0,1,0,0,0,1
23711,3937,4,TCP,0.001,1,66,66.0,1000.0,1,0,0,0,1
17515,4258,4,TCP,0.001,1,66,66.0,1000.0,1,0,0,0,1
20998,4708,4,TCP,0.001,1,66,66.0,1000.0,1,0,0,0,1
19299,5093,4,TCP,0.001,1,66,66.0,1000.0,1,0,0,0,1
52127,5478,4,TCP,0.001,1,66,66.0,1000.0,1,0,0,0,1
47781,5862,4,TCP,0.001,1,66,66.0,1000.0,1,0,0,0,1
16519,6310,4,TCP,0.001,1,66,66.0,1000.0,1,0,0,0,1
13326,6693,4,TCP,0.001,1,66,66.0,1000.0,1,0,0,0,1
10022,7269,4,TCP,0.001,1,66,66.0,1000.0,1,0,0,0,1
36109,7846,4,TCP,0.001,1,66,66.0,1000.0,1,0,0,0,1
59456,8230,4,TCP,0.001,1,66,66.0,1000.0,1,0,0,0,1
53240,8614,4,TCP,0.001,1,66,66.0,1000.0,1,0,0,0,1
29299,9062,4,TCP,0.001,1,66,66.0,1000.0,1,0,0,0,1
9924,9510,4,TCP,0.001,1,66,66.0,1000.0,1,0,0,0,1
51767,9894,4,TCP,0.001,1,66,66.0,1000.0,1,0,0,0,1
27503,10279,4,TCP,0.001,1,66,66.0,1000.0,1,0,0,0,1
53742,10535,4,TCP,0.001,1,66,66.0,1000.0,1,0,0,0,1
47140,10791,4,TCP,0.001,1,66,66.0,1000.0,1,0,0,0,1
12952,11111,4,TCP,0.001,1,66,66.0,1000.0,1,0,0,0,1
42783,11367,4,TCP,0.001,1,66,66.0,1000.0,1,0,0,0,1
62764,11623,4,TCP,0.001,1,66,66.0,1000.0,1,0,0,0,1
58675,11879,4,TCP,0.001,1,66,66.0,1000.0,1,0,0,0,1
56229,12199,4,TCP,0.001,1,66,66.0,1000.0,1,0,0,0,1
51241,12455,4,TCP,0.001,1,66,66.0,1000.0,1,0,0,0,1
14560,12711,4,TCP,0.001,1,66,66.0,1000.0,1,0,0,0,1
64416,12967,4,TCP,0.001,1,66,66.0,1000.0,1,0,0,0,1
46733,13223,4,TCP,0.001,1,66,66.0,1000.0,1,0,0,0,1
25674,13548,4,TCP,0.001,1,66,66.0,1000.0,1,0,0,0,1
7866,13804,4,TCP,0.001,1,66,66.0,1000.0,1,0,0,0,1
1552,14060,4,TCP,0.001,1,66,66.0,1000.0,1,0,0,0,1
12547,14316,4,TCP,0.001,1,66,66.0,1000.0,1,0,0,0,1
18409,14572,4,TCP,0.001,1,66,66.0,1000.0,1,0,0,0,1
49505,14828,4,TCP,0.001,1,66,66.0,1000.0,1,0,0,0,1
53110,15084,4,TCP,0.001,1,66,66.0,1000.0,1,0,0,0,1
708,15343,4,TCP,0.001,1,66,66.0,1000.0,1,0,0,0,1
31075,15663,4,TCP,0.001,1,66,66.0,1000.0,1,0,0,0,1
37767,15855,4,TCP,0.001,1,66,66.0,1000.0,1,0,0,0,1
19250,16495,4,TCP,0.001,1,66,66.0,1000.0,1,0,0,0,1
36673,16879,4,TCP,0.001,1,66,66.0,1000.0,1,0,0,0,1
55870,17263,4,TCP,0.001,1,66,66.0,1000.0,1,0,0,0,1
3041,17647,4,TCP,0.001,1,66,66.0,1000.0,1,0,0,0,1
11905,18031,4,TCP,0.001,1,66,66.0,1000.0,1,0,0,0,1
53437,18670,4,TCP,0.001,1,66,66.0,1000.0,1,0,0,0,1
44620,19118,4,TCP,0.001,1,66,66.0,1000.0,1,0,0,0,1
29245,19503,4,TCP,0.001,1,66,66.0,1000.0,1,0,0,0,1
54713,19887,4,TCP,0.001,1,66,66.0,1000.0,1,0,0,0,1
61107,20271,4,TCP,0.001,1,66,66.0,1000.0,1,0,0,0,1
60826,20655,4,TCP,0.001,1,66,66.0,1000.0,1,0,0,0,1
4896,21103,4,TCP,0.001,1,66,66.0,1000.0,1,0,0,0,1
14102,21487,4,TCP,0.001,1,66,66.0,1000.0,1,0,0,0,1
13797,22254,4,TCP,0.001,1,66,66.0,1000.0,1,0,0,0,1
36139,22891,4,TCP,0.001,1,66,66.0,1000.0,1,0,0,0,1
57915,23403,4,TCP,0.001,1,66,66.0,1000.0,1,0,0,0,1
34943,23787,4,TCP,0.001,1,66,66.0,1000.0,1,0,0,0,1
26753,24171,4,TCP,0.001,1,66,66.0,1000.0,1,0,0,0,1
20271,24555,4,TCP,0.001,1,66,66.0,1000.0,1,0,0,0,1
56796,24940,4,TCP,0.001,1,66,66.0,1000.0,1,0,0,0,1
31493,25388,4,TCP,0.001,1,66,66.0,1000.0,1,0,0,0,1
25699,25772,4,TCP,0.001,1,66,66.0,1000.0,1,0,0,0,1
42265,26156,4,TCP,0.001,1,66,66.0,1000.0,1,0,0,0,1
7224,26540,4,TCP,0.001,1,66,66.0,1000.0,1,0,0,0,1
16742,26988,4,TCP,0.001,1,66,66.0,1000.0,1,0,0,0,1
61501,27246,4,TCP,0.001,1,66,66.0,1000.0,1,0,0,0,1
62821,27629,4,TCP,0.001,1,66,66.0,1000.0,1,0,0,0,1
43878,28141,4,TCP,0.001,1,66,66.0,1000.0,1,0,0,0,1
50538,28524,4,TCP,0.001,1,66,66.0,1000.0,1,0,0,0,1
10927,28908,4,TCP,0.001,1,66,66.0,1000.0,1,0,0,0,1
1530,29483,4,TCP,0.001,1,66,66.0,1000.0,1,0,0,0,1
58666,30124,4,TCP,0.001,1,66,66.0,1000.0,1,0,0,0,1
25283,30508,4,TCP,0.001,1,66,66.0,1000.0,1,0,0,0,1
37995,30956,4,TCP,0.001,1,66,66.0,1000.0,1,0,0,0,1
40809,31276,4,TCP,0.001,1,66,66.0,1000.0,1,0,0,0,1
47634,31916,4,TCP,0.001,1,66,66.0,1000.0,1,0,0,0,1
43922,32364,4,TCP,0.001,1,66,66.0,1000.0,1,0,0,0,1
56745,33578,4,TCP,0.001,1,66,66.0,1000.0,1,0,0,0,1
63429,33898,4,TCP,0.001,1,66,66.0,1000.0,1,0,0,0,1
17514,34346,4,TCP,0.001,1,66,66.0,1000.0,1,0,0,0,1
1735,34730,4,TCP,0.001,1,66,66.0,1000.0,1,0,0,0,1
11659,35240,4,TCP,0.001,1,66,66.0,1000.0,1,0,0,0,1
19588,35560,4,TCP,0.001,1,66,66.0,1000.0,1,0,0,0,1
13675,35980,4,TCP,0.001,1,66,66.0,1000.0,1,0,0,0,1
14395,36364,4,TCP,0.001,1,66,66.0,1000.0,1,0,0,0,1
63607,36748,4,TCP,0.001,1,66,66.0,1000.0,1,0,0,0,1
18003,37132,4,TCP,0.001,1,66,66.0,1000.0,1,0,0,0,1
40207,37516,4,TCP,0.001,1,66,66.0,1000.0,1,0,0,0,1
65132,37963,4,TCP,0.001,1,66,66.0,1000.0,1,0,0,0,1
34243,38283,4,TCP,0.001,1,66,66.0,1000.0,1,0,0,0,1
1950,38731,4,TCP,0.001,1,66,66.0,1000.0,1,0,0,0,1
16026,39184,4,TCP,0.001,1,66,66.0,1000.0,1,0,0,0,1
47864,39568,4,TCP,0.001,1,66,66.0,1000.0,1,0,0,0,1
62135,40016,4,TCP,0.001,1,66,66.0,1000.0,1,0,0,0,1
62799,40400,4,TCP,0.001,1,66,66.0,1000.0,1,0,0,0,1
49584,40784,4,TCP,0.001,1,66,66.0,1000.0,1,0,0,0,1
7656,41231,4,TCP,0.001,1,66,66.0,1000.0,1,0,0,0,1
4291,41615,4,TCP,0.001,1,66,66.0,1000.0,1,0,0,0,1
46438,41999,4,TCP,0.001,1,66,66.0,1000.0,1,0,0,0,1
34098,42385,4,TCP,0.001,1,66,66.0,1000.0,1,0,0,0,1
225,42768,4,TCP,0.001,1,66,66.0,1000.0,1,0,0,0,1
11289,43152,4,TCP,0.001,1,66,66.0,1000.0,1,0,0,0,1
30881,43536,4,TCP,0.001,1,66,66.0,1000.0,1,0,0,0,1
18301,43984,4,TCP,0.001,1,66,66.0,1000.0,1,0,0,0,1
7811,45393,4,TCP,0.001,1,66,66.0,1000.0,1,0,0,0,1
51381,46033,4,TCP,0.001,1,66,66.0,1000.0,1,0,0,0,1
54122,46545,4,TCP,0.001,1,66,66.0,1000.0,1,0,0,0,1
39227,46996,4,TCP,0.001,1,66,66.0,1000.0,1,0,0,0,1
38852,47380,4,TCP,0.001,1,66,66.0,1000.0,1,0,0,0,1
26091,47828,4,TCP,0.001,1,66,66.0,1000.0,1,0,0,0,1
55651,48212,4,TCP,0.001,1,66,66.0,1000.0,1,0,0,0,1
1145,48596,4,TCP,0.001,1,66,66.0,1000.0,1,0,0,0,1
42507,48980,4,TCP,0.001,1,66,66.0,1000.0,1,0,0,0,1
10370,49695,4,TCP,0.001,1,66,66.0,1000.0,1,0,0,0,1
23005,50140,4,TCP,0.001,1,66,66.0,1000.0,1,0,0,0,1
31655,50653,4,TCP,0.001,1,66,66.0,1000.0,1,0,0,0,1
43191,51038,4,TCP,0.001,1,66,66.0,1000.0,1,0,0,0,1
39732,51422,4,TCP,0.001,1,66,66.0,1000.0,1,0,0,0,1
53564,51810,4,TCP,0.001,1,66,66.0,1000.0,1,0,0,0,1
27382,52194,4,TCP,0.001,1,66,66.0,1000.0,1,0,0,0,1
14481,52644,4,TCP,0.001,1,66,66.0,1000.0,1,0,0,0,1
58118,53028,4,TCP,0.001,1,66,66.0,1000.0,1,0,0,0,1
57147,53411,4,TCP,0.001,1,66,66.0,1000.0,1,0,0,0,1
993,53600,4,TCP,0.151,2,120,60.0,13.24,1,1,0,1,1
1723,53601,4,TCP,0.14,2,120,60.0,14.29,1,1,0,1,1
995,53602,4,TCP,0.154,2,120,60.0,12.95,1,1,0,1,1
443,53603,4,TCP,0.151,2,120,60.0,13.25,1,1,0,1,1
1025,53604,4,TCP,0.217,2,120,60.0,9.21,1,1,0,1,1
111,53605,4,TCP,0.22,2,120,60.0,9.1,1,1,0,1,1
587,53606,4,TCP,0.22,2,120,60.0,9.08,1,1,0,1,1
135,53607,4,TCP,0.225,2,120,60.0,8.9,1,1,0,1,1
199,53608,4,TCP,0.23,2,120,60.0,8.71,1,1,0,1,1
554,53609,4,TCP,0.228,2,120,60.0,8.76,1,1,0,1,1
1720,53610,4,TCP,0.273,2,120,60.0,7.31,1,1,0,1,1
445,53611,4,TCP,0.279,2,120,60.0,7.18,1,1,0,1,1
21,53612,4,TCP,0.278,2,120,60.0,7.19,1,1,0,1,1
8080,53613,4,TCP,0.274,2,120,60.0,7.31,1,1,0,1,1
3389,53614,4,TCP,0.273,2,120,60.0,7.32,1,1,0,1,1
5900,53615,4,TCP,0.279,2,120,60.0,7.16,1,1,0,1,1
3306,53616,4,TCP,0.279,2,120,60.0,7.18,1,1,0,1,1
143,53617,4,TCP,0.28,2,120,60.0,7.15,1,1,0,1,1
113,53618,4,TCP,0.292,2,120,60.0,6.84,1,1,0,1,1
23,53619,4,TCP,0.293,2,120,60.0,6.82,1,1,0,1,1
139,53620,4,TCP,0.281,2,120,60.0,7.13,1,1,0,1,1
25,53621,4,TCP,0.291,2,120,60.0,6.87,1,1,0,1,1
53,53622,4,TCP,0.286,2,120,60.0,6.99,1,1,0,1,1
110,53623,4,TCP,0.284,2,120,60.0,7.04,1,1,0,1,1
80,53624,4,TCP,0.278,2,120,60.0,7.19,1,1,0,1,1
256,53625,4,TCP,0.281,2,120,60.0,7.12,1,1,0,1,1
8888,53626,4,TCP,0.27,2,120,60.0,7.41,1,1,0,1,1
22,53627,4,TCP,1.666,4,252,63.0,2.4,2,3,0,1,1
13183,53628,4,TCP,0.273,2,120,60.0,7.33,1,1,0,1,1
63797,53629,4,TCP,0.273,2,120,60.0,7.33,1,1,0,1,1
30430,53630,4,TCP,0.286,2,120,60.0,6.99,1,1,0,1,1
65216,53631,4,TCP,0.292,2,120,60.0,6.84,1,1,0,1,1
63283,53632,4,TCP,0.285,2,120,60.0,7.02,1,1,0,1,1
18729,53633,4,TCP,0.281,2,120,60.0,7.11,1,1,0,1,1
35494,53634,4,TCP,0.281,2,120,60.0,7.12,1,1,0,1,1
46947,53635,4,TCP,0.284,2,120,60.0,7.05,1,1,0,1,1
18736,53636,4,TCP,0.283,2,120,60.0,7.08,1,1,0,1,1
41638,53637,4,TCP,0.247,2,120,60.0,8.09,1,1,0,1,1
14873,53638,4,TCP,0.242,2,120,60.0,8.27,1,1,0,1,1
58119,53639,4,TCP,0.242,2,120,60.0,8.26,1,1,0,1,1
4537,53640,4,TCP,0.237,2,120,60.0,8.42,1,1,0,1,1
8510,53641,4,TCP,0.31,2,120,60.0,6.44,1,1,0,1,1
41682,53642,4,TCP,0.314,2,120,60.0,6.37,1,1,0,1,1
54431,53643,4,TCP,0.305,2,120,60.0,6.56,1,1,0,1,1
30054,53644,4,TCP,0.305,2,120,60.0,6.56,1,1,0,1,1
32636,53645,4,TCP,0.295,2,120,60.0,6.79,1,1,0,1,1
51604,53646,4,TCP,0.276,2,120,60.0,7.24,1,1,0,1,1
39706,53647,4,TCP,0.271,2,120,60.0,7.38,1,1,0,1,1
41256,53648,4,TCP,0.268,2,120,60.0,7.46,1,1,0,1,1
28990,53649,4,TCP,0.187,2,120,60.0,10.71,1,1,0,1,1
57681,53650,4,TCP,0.145,2,120,60.0,13.79,1,1,0,1,1
34644,53651,4,TCP,0.138,2,120,60.0,14.46,1,1,0,1,1
14163,53652,4,TCP,0.132,2,120,60.0,15.12,1,1,0,1,1
38985,53653,4,TCP,0.133,2,120,60.0,15.08,1,1,0,1,1
53847,53654,4,TCP,0.133,2,120,60.0,14.99,1,1,0,1,1
27434,53655,4,TCP,0.215,2,120,60.0,9.31,1,1,0,1,1
58551,53656,4,TCP,0.228,2,120,60.0,8.77,1,1,0,1,1
43311,53657,4,TCP,0.24,2,120,60.0,8.32,1,1,0,1,1
26382,53658,4,TCP,0.247,2,120,60.0,8.09,1,1,0,1,1
17308,53659,4,TCP,0.243,2,120,60.0,8.25,1,1,0,1,1
36494,53660,4,TCP,0.239,2,120,60.0,8.38,1,1,0,1,1
55187,53661,4,TCP,0.239,2,120,60.0,8.38,1,1,0,1,1
17631,53662,4,TCP,0.227,2,120,60.0,8.83,1,1,0,1,1
28777,53663,4,TCP,0.226,2,120,60.0,8.84,1,1,0,1,1
33422,53664,4,TCP,0.001,1,66,66.0,1000.0,1,0,0,0,1
31752,53665,4,TCP,0.001,1,66,66.0,1000.0,1,0,0,0,1
62911,53667,4,TCP,0.001,1,66,66.0,1000.0,1,0,0,0,1
2680,53668,4,TCP,0.001,1,66,66.0,1000.0,1,0,0,0,1
60342,53669,4,TCP,0.001,1,66,66.0,1000.0,1,0,0,0,1
31366,53670,4,TCP,0.001,1,66,66.0,1000.0,1,0,0,0,1
54283,53671,4,TCP,0.001,1,66,66.0,1000.0,1,0,0,0,1
25684,54094,4,TCP,0.001,1,66,66.0,1000.0,1,0,0,0,1
40574,54606,4,TCP,0.001,1,66,66.0,1000.0,1,0,0,0,1
40577,54991,4,TCP,0.001,1,66,66.0,1000.0,1,0,0,0,1
37515,55445,4,TCP,0.001,1,66,66.0,1000.0,1,0,0,0,1
14130,55830,4,TCP,0.001,1,66,66.0,1000.0,1,0,0,0,1
5559,56215,4,TCP,0.001,1,66,66.0,1000.0,1,0,0,0,1
60981,56728,4,TCP,0.001,1,66,66.0,1000.0,1,0,0,0,1
63126,57112,4,TCP,0.001,1,66,66.0,1000.0,1,0,0,0,1
23413,57624,4,TCP,0.001,1,66,66.0,1000.0,1,0,0,0,1
45815,58008,4,TCP,0.001,1,66,66.0,1000.0,1,0,0,0,1
17355,58392,4,TCP,0.001,1,66,66.0,1000.0,1,0,0,0,1
49620,58776,4,TCP,0.001,1,66,66.0,1000.0,1,0,0,0,1
47794,59161,4,TCP,0.001,1,66,66.0,1000.0,1,0,0,0,1
42870,59546,4,TCP,0.001,1,66,66.0,1000.0,1,0,0,0,1
12097,59932,4,TCP,0.001,1,66,66.0,1000.0,1,0,0,0,1
50769,60316,4,TCP,0.001,1,66,66.0,1000.0,1,0,0,0,1
30902,60700,4,TCP,0.001,1,66,66.0,1000.0,1,0,0,0,1
59757,61085,4,TCP,0.001,1,66,66.0,1000.0,1,0,0,0,1
11412,61536,4,TCP,0.001,1,66,66.0,1000.0,1,0,0,0,1
60501,61921,4,TCP,0.001,1,66,66.0,1000.0,1,0,0,0,1
46529,62306,4,TCP,0.001,1,66,66.0,1000.0,1,0,0,0,1
330,62690,4,TCP,0.001,1,66,66.0,1000.0,1,0,0,0,1
37707,63074,4,TCP,0.001,1,66,66.0,1000.0,1,0,0,0,1
8935,63522,4,TCP,0.001,1,66,66.0,1000.0,1,0,0,0,1
23508,63907,4,TCP,0.001,1,66,66.0,1000.0,1,0,0,0,1
36000,64231,4,TCP,0.001,1,66,66.0,1000.0,1,0,0,0,1
16299,64617,4,TCP,0.001,1,66,66.0,1000.0,1,0,0,0,1
29031,64999,4,TCP,0.001,1,66,66.0,1000.0,1,0,0,0,1
38333,65383,4,TCP,0.001,1,66,66.0,1000.0,1,0,0,0,1
41159,1320,4,TCP,0.001,1,66,66.0,1000.0,1,0,0,0,1
22511,1704,4,TCP,0.001,1,66,66.0,1000.0,1,0,0,0,1
51277,2088,4,TCP,0.001,1,66,66.0,1000.0,1,0,0,0,1
13716,2472,4,TCP,0.001,1,66,66.0,1000.0,1,0,0,0,1
13236,2856,4,TCP,0.001,1,66,66.0,1000.0,1,0,0,0,1
56877,3240,4,TCP,0.001,1,66,66.0,1000.0,1,0,0,0,1
20879,3624,4,TCP,0.001,1,66,66.0,1000.0,1,0,0,0,1
1208,4008,4,TCP,0.001,1,66,66.0,1000.0,1,0,0,0,1
15044,4394,4,TCP,0.001,1,66,66.0,1000.0,1,0,0,0,1
59635,4907,4,TCP,0.001,1,66,66.0,1000.0,1,0,0,0,1
22937,5229,4,TCP,0.001,1,66,66.0,1000.0,1,0,0,0,1
36285,5677,4,TCP,0.001,1,66,66.0,1000.0,1,0,0,0,1
56219,6061,4,TCP,0.001,1,66,66.0,1000.0,1,0,0,0,1
30611,6445,4,TCP,0.001,1,66,66.0,1000.0,1,0,0,0,1
22143,6765,4,TCP,0.001,1,66,66.0,1000.0,1,0,0,0,1
59566,7213,4,TCP,0.001,1,66,66.0,1000.0,1,0,0,0,1
7951,7597,4,TCP,0.001,1,66,66.0,1000.0,1,0,0,0,1
53460,7982,4,TCP,0.001,1,66,66.0,1000.0,1,0,0,0,1
15792,8430,4,TCP,0.001,1,66,66.0,1000.0,1,0,0,0,1
33347,8814,4,TCP,0.001,1,66,66.0,1000.0,1,0,0,0,1
28503,9198,4,TCP,0.001,1,66,66.0,1000.0,1,0,0,0,1
47691,9582,4,TCP,0.001,1,66,66.0,1000.0,1,0,0,0,1
11358,9966,4,TCP,0.001,1,66,66.0,1000.0,1,0,0,0,1
44751,10478,4,TCP,0.001,1,66,66.0,1000.0,1,0,0,0,1
42871,10862,4,TCP,0.001,1,66,66.0,1000.0,1,0,0,0,1
8996,11246,4,TCP,0.001,1,66,66.0,1000.0,1,0,0,0,1
40272,11630,4,TCP,0.001,1,66,66.0,1000.0,1,0,0,0,1
626,11948,4,TCP,0.001,1,66,66.0,1000.0,1,0,0,0,1
6611,12268,4,TCP,0.001,1,66,66.0,1000.0,1,0,0,0,1
59933,12716,4,TCP,0.001,1,66,66.0,1000.0,1,0,0,0,1
23999,13164,4,TCP,0.001,1,66,66.0,1000.0,1,0,0,0,1
46010,13552,4,TCP,0.001,1,66,66.0,1000.0,1,0,0,0,1
24138,13936,4,TCP,0.001,1,66,66.0,1000.0,1,0,0,0,1
18107,14320,4,TCP,0.001,1,66,66.0,1000.0,1,0,0,0,1
53976,14704,4,TCP,0.001,1,66,66.0,1000.0,1,0,0,0,1
61829,15154,4,TCP,0.001,1,66,66.0,1000.0,1,0,0,0,1
30099,15539,4,TCP,0.001,1,66,66.0,1000.0,1,0,0,0,1
51634,15923,4,TCP,0.001,1,66,66.0,1000.0,1,0,0,0,1
37271,16307,4,TCP,0.001,1,66,66.0,1000.0,1,0,0,0,1
6379,16755,4,TCP,0.001,1,66,66.0,1000.0,1,0,0,0,1
44226,17139,4,TCP,0.001,1,66,66.0,1000.0,1,0,0,0,1
31261,17523,4,TCP,0.001,1,66,66.0,1000.0,1,0,0,0,1
35235,17907,4,TCP,0.001,1,66,66.0,1000.0,1,0,0,0,1
33743,18291,4,TCP,0.001,1,66,66.0,1000.0,1,0,0,0,1
54692,18739,4,TCP,0.001,1,66,66.0,1000.0,1,0,0,0,1
16382,19123,4,TCP,0.001,1,66,66.0,1000.0,1,0,0,0,1
38401,19572,4,TCP,0.001,1,66,66.0,1000.0,1,0,0,0,1
59475,19956,4,TCP,0.001,1,66,66.0,1000.0,1,0,0,0,1
53304,20404,4,TCP,0.001,1,66,66.0,1000.0,1,0,0,0,1
49367,20788,4,TCP,0.001,1,66,66.0,1000.0,1,0,0,0,1
46130,21172,4,TCP,0.001,1,66,66.0,1000.0,1,0,0,0,1
29897,21556,4,TCP,0.001,1,66,66.0,1000.0,1,0,0,0,1
12657,21940,4,TCP,0.001,1,66,66.0,1000.0,1,0,0,0,1
57906,22323,4,TCP,0.001,1,66,66.0,1000.0,1,0,0,0,1
32954,22707,4,TCP,0.001,1,66,66.0,1000.0,1,0,0,0,1
41442,23091,4,TCP,0.001,1,66,66.0,1000.0,1,0,0,0,1
9785,23531,4,TCP,0.001,1,66,66.0,1000.0,1,0,0,0,1
12038,23915,4,TCP,0.001,1,66,66.0,1000.0,1,0,0,0,1
27669,24427,4,TCP,0.001,1,66,66.0,1000.0,1,0,0,0,1
20137,25068,4,TCP,0.001,1,66,66.0,1000.0,1,0,0,0,1
33894,25516,4,TCP,0.001,1,66,66.0,1000.0,1,0,0,0,1
10003,25900,4,TCP,0.001,1,66,66.0,1000.0,1,0,0,0,1
28890,26284,4,TCP,0.001,1,66,66.0,1000.0,1,0,0,0,1
15516,26668,4,TCP,0.001,1,66,66.0,1000.0,1,0,0,0,1
23802,26988,4,TCP,0.001,1,66,66.0,1000.0,1,0,0,0,1
64702,27374,4,TCP,0.001,1,66,66.0,1000.0,1,0,0,0,1
52743,27758,4,TCP,0.001,1,66,66.0,1000.0,1,0,0,0,1
13750,28142,4,TCP,0.001,1,66,66.0,1000.0,1,0,0,0,1
9266,28526,4,TCP,0.001,1,66,66.0,1000.0,1,0,0,0,1
1903,28910,4,TCP,0.001,1,66,66.0,1000.0,1,0,0,0,1
65387,29420,4,TCP,0.001,1,66,66.0,1000.0,1,0,0,0,1
16003,29804,4,TCP,0.001,1,66,66.0,1000.0,1,0,0,0,1
30847,30189,4,TCP,0.001,1,66,66.0,1000.0,1,0,0,0,1
23024,30509,4,TCP,0.001,1,66,66.0,1000.0,1,0,0,0,1
42820,30829,4,TCP,0.001,1,66,66.0,1000.0,1,0,0,0,1
13580,31085,4,TCP,0.001,1,66,66.0,1000.0,1,0,0,0,1
30149,31341,4,TCP,0.001,1,66,66.0,1000.0,1,0,0,0,1
44275,31597,4,TCP,0.001,1,66,66.0,1000.0,1,0,0,0,1
6889,31853,4,TCP,0.001,1,66,66.0,1000.0,1,0,0,0,1
18689,32109,4,TCP,0.001,1,66,66.0,1000.0,1,0,0,0,1
57259,32365,4,TCP,0.001,1,66,66.0,1000.0,1,0,0,0,1
54911,32621,4,TCP,0.001,1,66,66.0,1000.0,1,0,0,0,1
45062,32878,4,TCP,0.001,1,66,66.0,1000.0,1,0,0,0,1
48577,33134,4,TCP,0.001,1,66,66.0,1000.0,1,0,0,0,1
18248,33390,4,TCP,0.001,1,66,66.0,1000.0,1,0,0,0,1
30212,33646,4,TCP,0.001,1,66,66.0,1000.0,1,0,0,0,1
16253,33902,4,TCP,0.001,1,66,66.0,1000.0,1,0,0,0,1
37829,34158,4,TCP,0.001,1,66,66.0,1000.0,1,0,0,0,1
17139,34414,4,TCP,0.001,1,66,66.0,1000.0,1,0,0,0,1
12468,34669,4,TCP,0.001,1,66,66.0,1000.0,1,0,0,0,1
44841,34987,4,TCP,0.001,1,66,66.0,1000.0,1,0,0,0,1
25555,35435,4,TCP,0.001,1,66,66.0,1000.0,1,0,0,0,1
34212,35820,4,TCP,0.001,1,66,66.0,1000.0,1,0,0,0,1
16313,36204,4,TCP,0.001,1,66,66.0,1000.0,1,0,0,0,1
13147,36524,4,TCP,0.001,1,66,66.0,1000.0,1,0,0,0,1
12084,36716,4,TCP,0.001,1,66,66.0,1000.0,1,0,0,0,1
13634,36972,4,TCP,0.001,1,66,66.0,1000.0,1,0,0,0,1
41665,37292,4,TCP,0.001,1,66,66.0,1000.0,1,0,0,0,1
13201,37484,4,TCP,0.001,1,66,66.0,1000.0,1,0,0,0,1
32793,37804,4,TCP,0.001,1,66,66.0,1000.0,1,0,0,0,1
61213,38252,4,TCP,0.001,1,66,66.0,1000.0,1,0,0,0,1
6797,38700,4,TCP,0.001,1,66,66.0,1000.0,1,0,0,0,1
2762,38959,4,TCP,0.001,1,66,66.0,1000.0,1,0,0,0,1
36478,39217,4,TCP,0.001,1,66,66.0,1000.0,1,0,0,0,1
59925,39473,4,TCP,0.001,1,66,66.0,1000.0,1,0,0,0,1
18160,39729,4,TCP,0.001,1,66,66.0,1000.0,1,0,0,0,1
48944,39985,4,TCP,0.001,1,66,66.0,1000.0,1,0,0,0,1
4146,40305,4,TCP,0.001,1,66,66.0,1000.0,1,0,0,0,1
2868,40561,4,TCP,0.001,1,66,66.0,1000.0,1,0,0,0,1
40542,40817,4,TCP,0.001,1,66,66.0,1000.0,1,0,0,0,1
15699,41073,4,TCP,0.001,1,66,66.0,1000.0,1,0,0,0,1
62825,41393,4,TCP,0.001,1,66,66.0,1000.0,1,0,0,0,1
748,41777,4,TCP,0.001,1,66,66.0,1000.0,1,0,0,0,1
39157,42033,4,TCP,0.001,1,66,66.0,1000.0,1,0,0,0,1
46393,42291,4,TCP,0.001,1,66,66.0,1000.0,1,0,0,0,1
27561,42611,4,TCP,0.001,1,66,66.0,1000.0,1,0,0,0,1
59434,42867,4,TCP,0.001,1,66,66.0,1000.0,1,0,0,0,1
34348,43123,4,TCP,0.001,1,66,66.0,1000.0,1,0,0,0,1
3460,43379,4,TCP,0.001,1,66,66.0,1000.0,1,0,0,0,1
10415,43635,4,TCP,0.001,1,66,66.0,1000.0,1,0,0,0,1
19920,43891,4,TCP,0.001,1,66,66.0,1000.0,1,0,0,0,1
54045,44147,4,TCP,0.001,1,66,66.0,1000.0,1,0,0,0,1
56501,44403,4,TCP,0.001,1,66,66.0,1000.0,1,0,0,0,1
17010,44659,4,TCP,0.001,1,66,66.0,1000.0,1,0,0,0,1
942,45043,4,TCP,0.001,1,66,66.0,1000.0,1,0,0,0,1
16627,45428,4,TCP,0.001,1,66,66.0,1000.0,1,0,0,0,1
54218,46068,4,TCP,0.001,1,66,66.0,1000.0,1,0,0,0,1
55057,46836,4,TCP,0.001,1,66,66.0,1000.0,1,0,0,0,1
47902,47669,4,TCP,0.001,1,66,66.0,1000.0,1,0,0,0,1
13199,48309,4,TCP,0.001,1,66,66.0,1000.0,1,0,0,0,1
63853,49269,4,TCP,0.001,1,66,66.0,1000.0,1,0,0,0,1
11741,50238,4,TCP,0.001,1,66,66.0,1000.0,1,0,0,0,1
13474,51008,4,TCP,0.001,1,66,66.0,1000.0,1,0,0,0,1
25794,51391,4,TCP,0.001,1,66,66.0,1000.0,1,0,0,0,1
42807,51775,4,TCP,0.001,1,66,66.0,1000.0,1,0,0,0,1
13325,52099,4,TCP,0.001,1,66,66.0,1000.0,1,0,0,0,1
2295,52549,4,TCP,0.001,1,66,66.0,1000.0,1,0,0,0,1
1007,52869,4,TCP,0.001,1,66,66.0,1000.0,1,0,0,0,1
59317,53189,4,TCP,0.001,1,66,66.0,1000.0,1,0,0,0,1
50435,53445,4,TCP,0.001,1,66,66.0,1000.0,1,0,0,0,1
49528,53959,4,TCP,0.001,1,66,66.0,1000.0,1,0,0,0,1
61771,54215,4,TCP,0.001,1,66,66.0,1000.0,1,0,0,0,1
30777,54471,4,TCP,0.001,1,66,66.0,1000.0,1,0,0,0,1
33648,54727,4,TCP,0.001,1,66,66.0,1000.0,1,0,0,0,1
16065,54984,4,TCP,0.001,1,66,66.0,1000.0,1,0,0,0,1
113,55025,4,TCP,0.295,2,120,60.0,6.79,1,1,0,1,1
1025,55026,4,TCP,0.284,2,120,60.0,7.05,1,1,0,1,1
993,55027,4,TCP,0.282,2,120,60.0,7.1,1,1,0,1,1
3306,55028,4,TCP,0.279,2,120,60.0,7.17,1,1,0,1,1
111,55029,4,TCP,0.28,2,120,60.0,7.14,1,1,0,1,1
443,55030,4,TCP,0.296,2,120,60.0,6.75,1,1,0,1,1
1720,55031,4,TCP,0.292,2,120,60.0,6.84,1,1,0,1,1
22,55032,4,TCP,0.981,4,252,63.0,4.08,2,3,0,1,1
143,55033,4,TCP,0.275,2,120,60.0,7.27,1,1,0,1,1
23,55034,4,TCP,0.272,2,120,60.0,7.35,1,1,0,1,1
110,55035,4,TCP,0.273,2,120,60.0,7.32,1,1,0,1,1
25,55036,4,TCP,0.278,2,120,60.0,7.2,1,1,0,1,1
135,55037,4,TCP,0.28,2,120,60.0,7.15,1,1,0,1,1
445,55038,4,TCP,0.282,2,120,60.0,7.09,1,1,0,1,1
5900,55039,4,TCP,0.274,2,120,60.0,7.29,1,1,0,1,1
3389,55040,4,TCP,0.278,2,120,60.0,7.19,1,1,0,1,1
199,55041,4,TCP,0.162,2,120,60.0,12.33,1,1,0,1,1
80,55042,4,TCP,0.168,2,120,60.0,11.89,1,1,0,1,1
8888,55043,4,TCP,0.139,2,120,60.0,14.38,1,1,0,1,1
554,55044,4,TCP,0.139,2,120,60.0,14.41,1,1,0,1,1
8080,55045,4,TCP,0.316,2,120,60.0,6.32,1,1,0,1,1
139,55046,4,TCP,0.315,2,120,60.0,6.35,1,1,0,1,1
1723,55047,4,TCP,0.319,2,120,60.0,6.27,1,1,0,1,1
256,55048,4,TCP,0.311,2,120,60.0,6.42,1,1,0,1,1
21,55049,4,TCP,0.302,2,120,60.0,6.61,1,1,0,1,1
53,55050,4,TCP,0.291,2,120,60.0,6.88,1,1,0,1,1
587,55051,4,TCP,0.262,2,120,60.0,7.63,1,1,0,1,1
995,55054,4,TCP,0.231,2,120,60.0,8.67,1,1,0,1,1
59775,55055,4,TCP,0.237,2,120,60.0,8.44,1,1,0,1,1
46535,55059,4,TCP,0.248,2,120,60.0,8.07,1,1,0,1,1
31880,55060,4,TCP,0.26,2,120,60.0,7.7,1,1,0,1,1
30281,55061,4,TCP,0.259,2,120,60.0,7.71,1,1,0,1,1
2951,55062,4,TCP,0.26,2,120,60.0,7.68,1,1,0,1,1
32155,55063,4,TCP,0.256,2,120,60.0,7.82,1,1,0,1,1
61757,55064,4,TCP,0.239,2,120,60.0,8.37,1,1,0,1,1
2695,55065,4,TCP,0.234,2,120,60.0,8.56,1,1,0,1,1
13389,55066,4,TCP,0.205,2,120,60.0,9.78,1,1,0,1,1
37321,55067,4,TCP,0.193,2,120,60.0,10.34,1,1,0,1,1
8689,55068,4,TCP,0.194,2,120,60.0,10.34,1,1,0,1,1
18371,55069,4,TCP,0.187,2,120,60.0,10.69,1,1,0,1,1
27174,55070,4,TCP,0.185,2,120,60.0,10.79,1,1,0,1,1
25868,55071,4,TCP,0.186,2,120,60.0,10.74,1,1,0,1,1
30852,55072,4,TCP,0.187,2,120,60.0,10.68,1,1,0,1,1
31136,55073,4,TCP,0.189,2,120,60.0,10.6,1,1,0,1,1
15097,55075,4,TCP,0.19,2,120,60.0,10.54,1,1,0,1,1
28692,55076,4,TCP,0.195,2,120,60.0,10.24,1,1,0,1,1
8954,55077,4,TCP,0.193,2,120,60.0,10.39,1,1,0,1,1
36910,55078,4,TCP,0.189,2,120,60.0,10.56,1,1,0,1,1
60725,55079,4,TCP,0.191,2,120,60.0,10.46,1,1,0,1,1
34603,55080,4,TCP,0.189,2,120,60.0,10.59,1,1,0,1,1
19586,55081,4,TCP,0.208,2,120,60.0,9.6,1,1,0,1,1
55459,55082,4,TCP,0.219,2,120,60.0,9.15,1,1,0,1,1
33927,55083,4,TCP,0.241,2,120,60.0,8.31,1,1,0,1,1
17252,55084,4,TCP,0.256,2,120,60.0,7.81,1,1,0,1,1
59120,55085,4,TCP,0.256,2,120,60.0,7.8,1,1,0,1,1
17336,55086,4,TCP,0.258,2,120,60.0,7.75,1,1,0,1,1
30925,55087,4,TCP,0.231,2,120,60.0,8.67,1,1,0,1,1
34886,55088,4,TCP,0.227,2,120,60.0,8.81,1,1,0,1,1
20002,55089,4,TCP,0.189,2,120,60.0,10.6,1,1,0,1,1
55530,55090,4,TCP,0.199,2,120,60.0,10.04,1,1,0,1,1
36765,55091,4,TCP,0.2,2,120,60.0,10.02,1,1,0,1,1
56378,55092,4,TCP,0.19,2,120,60.0,10.54,1,1,0,1,1
12794,55093,4,TCP,0.191,2,120,60.0,10.48,1,1,0,1,1
12182,55094,4,TCP,0.19,2,120,60.0,10.5,1,1,0,1,1
16147,55095,4,TCP,0.192,2,120,60.0,10.42,1,1,0,1,1
25471,55096,4,TCP,0.193,2,120,60.0,10.35,1,1,0,1,1
35307,55097,4,TCP,0.001,1,66,66.0,1000.0,1,0,0,0,1
58975,55098,4,TCP,0.001,1,66,66.0,1000.0,1,0,0,0,1
64498,55099,4,TCP,0.001,1,66,66.0,1000.0,1,0,0,0,1
806,55858,4,TCP,0.001,1,66,66.0,1000.0,1,0,0,0,1
8339,56372,4,TCP,0.001,1,66,66.0,1000.0,1,0,0,0,1
43502,56820,4,TCP,0.001,1,66,66.0,1000.0,1,0,0,0,1
11667,57202,4,TCP,0.001,1,66,66.0,1000.0,1,0,0,0,1
32256,57586,4,TCP,0.001,1,66,66.0,1000.0,1,0,0,0,1
11585,57906,4,TCP,0.001,1,66,66.0,1000.0,1,0,0,0,1
26029,58354,4,TCP,0.001,1,66,66.0,1000.0,1,0,0,0,1
23456,58866,4,TCP,0.001,1,66,66.0,1000.0,1,0,0,0,1
34129,59252,4,TCP,0.001,1,66,66.0,1000.0,1,0,0,0,1
5810,59636,4,TCP,0.001,1,66,66.0,1000.0,1,0,0,0,1
25695,60022,4,TCP,0.001,1,66,66.0,1000.0,1,0,0,0,1
15860,60406,4,TCP,0.001,1,66,66.0,1000.0,1,0,0,0,1
2368,60791,4,TCP,0.001,1,66,66.0,1000.0,1,0,0,0,1
37230,61240,4,TCP,0.001,1,66,66.0,1000.0,1,0,0,0,1
8662,61625,4,TCP,0.001,1,66,66.0,1000.0,1,0,0,0,1
19536,62074,4,TCP,0.001,1,66,66.0,1000.0,1,0,0,0,1
28373,62459,4,TCP,0.001,1,66,66.0,1000.0,1,0,0,0,1
54401,62843,4,TCP,0.001,1,66,66.0,1000.0,1,0,0,0,1
14327,63227,4,TCP,0.001,1,66,66.0,1000.0,1,0,0,0,1
57089,63611,4,TCP,0.001,1,66,66.0,1000.0,1,0,0,0,1
36694,63996,4,TCP,0.001,1,66,66.0,1000.0,1,0,0,0,1
32449,64386,4,TCP,0.001,1,66,66.0,1000.0,1,0,0,0,1
1413,64770,4,TCP,0.001,1,66,66.0,1000.0,1,0,0,0,1
51154,65218,4,TCP,0.001,1,66,66.0,1000.0,1,0,0,0,1
63863,1091,4,TCP,0.001,1,66,66.0,1000.0,1,0,0,0,1
7696,1475,4,TCP,0.001,1,66,66.0,1000.0,1,0,0,0,1
29111,1859,4,TCP,0.001,1,66,66.0,1000.0,1,0,0,0,1
42204,2307,4,TCP,0.001,1,66,66.0,1000.0,1,0,0,0,1
14649,2691,4,TCP,0.001,1,66,66.0,1000.0,1,0,0,0,1
36963,3075,4,TCP,0.001,1,66,66.0,1000.0,1,0,0,0,1
31244,3395,4,TCP,0.001,1,66,66.0,1000.0,1,0,0,0,1
27489,3843,4,TCP,0.001,1,66,66.0,1000.0,1,0,0,0,1
14233,4226,4,TCP,0.001,1,66,66.0,1000.0,1,0,0,0,1
24224,4676,4,TCP,0.001,1,66,66.0,1000.0,1,0,0,0,1
13787,5061,4,TCP,0.001,1,66,66.0,1000.0,1,0,0,0,1
51208,5382,4,TCP,0.001,1,66,66.0,1000.0,1,0,0,0,1
2008,5766,4,TCP,0.001,1,66,66.0,1000.0,1,0,0,0,1
51660,6150,4,TCP,0.001,1,66,66.0,1000.0,1,0,0,0,1
63938,6534,4,TCP,0.001,1,66,66.0,1000.0,1,0,0,0,1
37728,6982,4,TCP,0.001,1,66,66.0,1000.0,1,0,0,0,1
58196,7366,4,TCP,0.001,1,66,66.0,1000.0,1,0,0,0,1
16288,7751,4,TCP,0.001,1,66,66.0,1000.0,1,0,0,0,1
14967,8135,4,TCP,0.001,1,66,66.0,1000.0,1,0,0,0,1
8023,8519,4,TCP,0.001,1,66,66.0,1000.0,1,0,0,0,1
50654,8839,4,TCP,0.001,1,66,66.0,1000.0,1,0,0,0,1
47867,9287,4,TCP,0.001,1,66,66.0,1000.0,1,0,0,0,1
28435,9735,4,TCP,0.001,1,66,66.0,1000.0,1,0,0,0,1
37505,10120,4,TCP,0.001,1,66,66.0,1000.0,1,0,0,0,1
21926,10696,4,TCP,0.001,1,66,66.0,1000.0,1,0,0,0,1
46136,11336,4,TCP,0.001,1,66,66.0,1000.0,1,0,0,0,1
21887,11720,4,TCP,0.001,1,66,66.0,1000.0,1,0,0,0,1
35235,12104,4,TCP,0.001,1,66,66.0,1000.0,1,0,0,0,1
203,12488,4,TCP,0.001,1,66,66.0,1000.0,1,0,0,0,1
8236,12872,4,TCP,0.001,1,66,66.0,1000.0,1,0,0,0,1
31157,13192,4,TCP,0.001,1,66,66.0,1000.0,1,0,0,0,1
13575,13452,4,TCP,0.001,1,66,66.0,1000.0,1,0,0,0,1
578,13708,4,TCP,0.001,1,66,66.0,1000.0,1,0,0,0,1
41700,13964,4,TCP,0.001,1,66,66.0,1000.0,1,0,0,0,1
33460,14220,4,TCP,0.001,1,66,66.0,1000.0,1,0,0,0,1
34623,14540,4,TCP,0.001,1,66,66.0,1000.0,1,0,0,0,1
11834,14796,4,TCP,0.001,1,66,66.0,1000.0,1,0,0,0,1
32815,15052,4,TCP,0.001,1,66,66.0,1000.0,1,0,0,0,1
47152,15311,4,TCP,0.001,1,66,66.0,1000.0,1,0,0,0,1
43600,15567,4,TCP,0.001,1,66,66.0,1000.0,1,0,0,0,1
23613,16013,4,TCP,0.001,1,66,66.0,1000.0,1,0,0,0,1
22318,16397,4,TCP,0.001,1,66,66.0,1000.0,1,0,0,0,1
55690,16845,4,TCP,0.001,1,66,66.0,1000.0,1,0,0,0,1
35294,17293,4,TCP,0.001,1,66,66.0,1000.0,1,0,0,0,1
55525,17677,4,TCP,0.001,1,66,66.0,1000.0,1,0,0,0,1
11207,17933,4,TCP,0.001,1,66,66.0,1000.0,1,0,0,0,1
30604,18189,4,TCP,0.001,1,66,66.0,1000.0,1,0,0,0,1
28077,18445,4,TCP,0.001,1,66,66.0,1000.0,1,0,0,0,1
42998,18701,4,TCP,0.001,1,66,66.0,1000.0,1,0,0,0,1
34018,19021,4,TCP,0.001,1,66,66.0,1000.0,1,0,0,0,1
28126,19277,4,TCP,0.001,1,66,66.0,1000.0,1,0,0,0,1
27050,19662,4,TCP,0.001,1,66,66.0,1000.0,1,0,0,0,1
29533,19918,4,TCP,0.001,1,66,66.0,1000.0,1,0,0,0,1
35113,20238,4,TCP,0.001,1,66,66.0,1000.0,1,0,0,0,1
50918,20494,4,TCP,0.001,1,66,66.0,1000.0,1,0,0,0,1
39506,20750,4,TCP,0.001,1,66,66.0,1000.0,1,0,0,0,1
3852,21006,4,TCP,0.001,1,66,66.0,1000.0,1,0,0,0,1
40118,21262,4,TCP,0.001,1,66,66.0,1000.0,1,0,0,0,1
51139,21518,4,TCP,0.001,1,66,66.0,1000.0,1,0,0,0,1
41527,21838,4,TCP,0.001,1,66,66.0,1000.0,1,0,0,0,1
882,22094,4,TCP,0.001,1,66,66.0,1000.0,1,0,0,0,1
61409,22350,4,TCP,0.001,1,66,66.0,1000.0,1,0,0,0,1
59421,22606,4,TCP,0.001,1,66,66.0,1000.0,1,0,0,0,1
619,22862,4,TCP,0.001,1,66,66.0,1000.0,1,0,0,0,1
10277,23118,4,TCP,0.001,1,66,66.0,1000.0,1,0,0,0,1
63415,23374,4,TCP,0.001,1,66,66.0,1000.0,1,0,0,0,1
39730,23630,4,TCP,0.001,1,66,66.0,1000.0,1,0,0,0,1
18989,23886,4,TCP,0.001,1,66,66.0,1000.0,1,0,0,0,1
56642,24206,4,TCP,0.001,1,66,66.0,1000.0,1,0,0,0,1
60285,24462,4,TCP,0.001,1,66,66.0,1000.0,1,0,0,0,1
63476,24719,4,TCP,0.001,1,66,66.0,1000.0,1,0,0,0,1
10062,25039,4,TCP,0.001,1,66,66.0,1000.0,1,0,0,0,1
29899,25231,4,TCP,0.001,1,66,66.0,1000.0,1,0,0,0,1
39965,25487,4,TCP,0.001,1,66,66.0,1000.0,1,0,0,0,1
4482,25743,4,TCP,0.001,1,66,66.0,1000.0,1,0,0,0,1
55065,26063,4,TCP,0.001,1,66,66.0,1000.0,1,0,0,0,1
37102,26319,4,TCP,0.001,1,66,66.0,1000.0,1,0,0,0,1
28930,26575,4,TCP,0.001,1,66,66.0,1000.0,1,0,0,0,1
58318,26831,4,TCP,0.001,1,66,66.0,1000.0,1,0,0,0,1
13313,27150,4,TCP,0.001,1,66,66.0,1000.0,1,0,0,0,1
46698,27534,4,TCP,0.001,1,66,66.0,1000.0,1,0,0,0,1
50947,27918,4,TCP,0.001,1,66,66.0,1000.0,1,0,0,0,1
59699,28494,4,TCP,0.001,1,66,66.0,1000.0,1,0,0,0,1
4162,28750,4,TCP,0.001,1,66,66.0,1000.0,1,0,0,0,1
19033,29134,4,TCP,0.001,1,66,66.0,1000.0,1,0,0,0,1
18266,29453,4,TCP,0.001,1,66,66.0,1000.0,1,0,0,0,1
43050,29965,4,TCP,0.001,1,66,66.0,1000.0,1,0,0,0,1
13501,30222,4,TCP,0.001,1,66,66.0,1000.0,1,0,0,0,1
37693,30670,4,TCP,0.001,1,66,66.0,1000.0,1,0,0,0,1
28098,31180,4,TCP,0.001,1,66,66.0,1000.0,1,0,0,0,1
27353,31628,4,TCP,0.001,1,66,66.0,1000.0,1,0,0,0,1
4269,32012,4,TCP,0.001,1,66,66.0,1000.0,1,0,0,0,1
22043,32332,4,TCP,0.001,1,66,66.0,1000.0,1,0,0,0,1
9005,32442,4,TCP,0.001,1,66,66.0,1000.0,1,0,0,0,1
14894,32570,4,TCP,0.001,1,66,66.0,1000.0,1,0,0,0,1
46277,32723,4,TCP,0.001,1,66,66.0,1000.0,1,0,0,0,1
36362,33010,4,TCP,0.001,1,66,66.0,1000.0,1,0,0,0,1
43475,33266,4,TCP,0.001,1,66,66.0,1000.0,1,0,0,0,1
19849,33650,4,TCP,0.001,1,66,66.0,1000.0,1,0,0,0,1
43119,33906,4,TCP,0.001,1,66,66.0,1000.0,1,0,0,0,1
20148,34162,4,TCP,0.001,1,66,66.0,1000.0,1,0,0,0,1
65299,34418,4,TCP,0.001,1,66,66.0,1000.0,1,0,0,0,1
30653,34674,4,TCP,0.001,1,66,66.0,1000.0,1,0,0,0,1
58637,34930,4,TCP,0.001,1,66,66.0,1000.0,1,0,0,0,1
22805,35442,4,TCP,0.001,1,66,66.0,1000.0,1,0,0,0,1
39399,35698,4,TCP,0.001,1,66,66.0,1000.0,1,0,0,0,1
46194,35955,4,TCP,0.001,1,66,66.0,1000.0,1,0,0,0,1
56480,36209,4,TCP,0.001,1,66,66.0,1000.0,1,0,0,0,1
34177,36465,4,TCP,0.001,1,66,66.0,1000.0,1,0,0,0,1
6406,36721,4,TCP,0.001,1,66,66.0,1000.0,1,0,0,0,1
21133,36977,4,TCP,0.001,1,66,66.0,1000.0,1,0,0,0,1
5469,37233,4,TCP,0.001,1,66,66.0,1000.0,1,0,0,0,1
23093,37489,4,TCP,0.001,1,66,66.0,1000.0,1,0,0,0,1
36022,37809,4,TCP,0.001,1,66,66.0,1000.0,1,0,0,0,1
5990,38065,4,TCP,0.001,1,66,66.0,1000.0,1,0,0,0,1
61363,38321,4,TCP,0.001,1,66,66.0,1000.0,1,0,0,0,1
9583,38577,4,TCP,0.001,1,66,66.0,1000.0,1,0,0,0,1
51549,38833,4,TCP,0.001,1,66,66.0,1000.0,1,0,0,0,1
15069,39158,4,TCP,0.001,1,66,66.0,1000.0,1,0,0,0,1
13510,39414,4,TCP,0.001,1,66,66.0,1000.0,1,0,0,0,1
32866,39670,4,TCP,0.001,1,66,66.0,1000.0,1,0,0,0,1
64903,39926,4,TCP,0.001,1,66,66.0,1000.0,1,0,0,0,1
2155,40182,4,TCP,0.001,1,66,66.0,1000.0,1,0,0,0,1
63589,40501,4,TCP,0.001,1,66,66.0,1000.0,1,0,0,0,1
62503,41013,4,TCP,0.001,1,66,66.0,1000.0,1,0,0,0,1
23663,41397,4,TCP,0.001,1,66,66.0,1000.0,1,0,0,0,1
8997,41653,4,TCP,0.001,1,66,66.0,1000.0,1,0,0,0,1
13567,41907,4,TCP,0.001,1,66,66.0,1000.0,1,0,0,0,1
64729,42293,4,TCP,0.001,1,66,66.0,1000.0,1,0,0,0,1
4526,42549,4,TCP,0.001,1,66,66.0,1000.0,1,0,0,0,1
43625,42805,4,TCP,0.001,1,66,66.0,1000.0,1,0,0,0,1
6935,43061,4,TCP,0.001,1,66,66.0,1000.0,1,0,0,0,1
23116,43381,4,TCP,0.001,1,66,66.0,1000.0,1,0,0,0,1
41551,43893,4,TCP,0.001,1,66,66.0,1000.0,1,0,0,0,1
26529,44149,4,TCP,0.001,1,66,66.0,1000.0,1,0,0,0,1
64380,44405,4,TCP,0.001,1,66,66.0,1000.0,1,0,0,0,1
9030,44725,4,TCP,0.001,1,66,66.0,1000.0,1,0,0,0,1
51963,44981,4,TCP,0.001,1,66,66.0,1000.0,1,0,0,0,1
12226,45237,4,TCP,0.001,1,66,66.0,1000.0,1,0,0,0,1
2960,45622,4,TCP,0.001,1,66,66.0,1000.0,1,0,0,0,1
20795,45878,4,TCP,0.001,1,66,66.0,1000.0,1,0,0,0,1
20673,46134,4,TCP,0.001,1,66,66.0,1000.0,1,0,0,0,1
51205,46390,4,TCP,0.001,1,66,66.0,1000.0,1,0,0,0,1
29408,46646,4,TCP,0.001,1,66,66.0,1000.0,1,0,0,0,1
20642,46904,4,TCP,0.001,1,66,66.0,1000.0,1,0,0,0,1
312,47161,4,TCP,0.001,1,66,66.0,1000.0,1,0,0,0,1
56798,47417,4,TCP,0.001,1,66,66.0,1000.0,1,0,0,0,1
8304,47673,4,TCP,0.001,1,66,66.0,1000.0,1,0,0,0,1
51061,47929,4,TCP,0.001,1,66,66.0,1000.0,1,0,0,0,1
49476,48249,4,TCP,0.001,1,66,66.0,1000.0,1,0,0,0,1
1744,48505,4,TCP,0.001,1,66,66.0,1000.0,1,0,0,0,1
3592,48697,4,TCP,0.001,1,66,66.0,1000.0,1,0,0,0,1
11508,49017,4,TCP,0.001,1,66,66.0,1000.0,1,0,0,0,1
14336,49273,4,TCP,0.001,1,66,66.0,1000.0,1,0,0,0,1
60475,49797,4,TCP,0.001,1,66,66.0,1000.0,1,0,0,0,1
22957,50114,4,TCP,0.001,1,66,66.0,1000.0,1,0,0,0,1
25708,50370,4,TCP,0.001,1,66,66.0,1000.0,1,0,0,0,1
8153,50627,4,TCP,0.001,1,66,66.0,1000.0,1,0,0,0,1
19014,50884,4,TCP,0.001,1,66,66.0,1000.0,1,0,0,0,1
51758,51140,4,TCP,0.001,1,66,66.0,1000.0,1,0,0,0,1
38248,51396,4,TCP,0.001,1,66,66.0,1000.0,1,0,0,0,1
46271,51716,4,TCP,0.001,1,66,66.0,1000.0,1,0,0,0,1
26849,51976,4,TCP,0.001,1,66,66.0,1000.0,1,0,0,0,1
5325,52295,4,TCP,0.001,1,66,66.0,1000.0,1,0,0,0,1
836,52681,4,TCP,0.001,1,66,66.0,1000.0,1,0,0,0,1
16802,53065,4,TCP,0.001,1,66,66.0,1000.0,1,0,0,0,1
40909,53449,4,TCP,0.001,1,66,66.0,1000.0,1,0,0,0,1
3612,53706,4,TCP,0.001,1,66,66.0,1000.0,1,0,0,0,1
19942,53963,4,TCP,0.001,1,66,66.0,1000.0,1,0,0,0,1
433,54219,4,TCP,0.001,1,66,66.0,1000.0,1,0,0,0,1
26492,54475,4,TCP,0.001,1,66,66.0,1000.0,1,0,0,0,1
58615,54731,4,TCP,0.001,1,66,66.0,1000.0,1,0,0,0,1
48499,54988,4,TCP,0.001,1,66,66.0,1000.0,1,0,0,0,1
35011,55250,4,TCP,0.001,1,66,66.0,1000.0,1,0,0,0,1
58869,55570,4,TCP,0.001,1,66,66.0,1000.0,1,0,0,0,1
6787,55826,4,TCP,0.001,1,66,66.0,1000.0,1,0,0,0,1
26171,56083,4,TCP,0.001,1,66,66.0,1000.0,1,0,0,0,1
12198,56339,4,TCP,0.001,1,66,66.0,1000.0,1,0,0,0,1
8080,56455,4,TCP,0.137,2,120,60.0,14.58,1,1,0,1,1
3389,56456,4,TCP,0.138,2,120,60.0,14.5,1,1,0,1,1
143,56457,4,TCP,0.138,2,120,60.0,14.49,1,1,0,1,1
25,56458,4,TCP,0.145,2,120,60.0,13.76,1,1,0,1,1
1723,56459,4,TCP,0.326,2,120,60.0,6.13,1,1,0,1,1
587,56460,4,TCP,0.327,2,120,60.0,6.12,1,1,0,1,1
21,56461,4,TCP,0.325,2,120,60.0,6.15,1,1,0,1,1
995,56462,4,TCP,0.299,2,120,60.0,6.68,1,1,0,1,1
554,56463,4,TCP,0.291,2,120,60.0,6.88,1,1,0,1,1
53,56464,4,TCP,0.295,2,120,60.0,6.79,1,1,0,1,1
8888,56465,4,TCP,0.299,2,120,60.0,6.68,1,1,0,1,1
111,56466,4,TCP,0.292,2,120,60.0,6.85,1,1,0,1,1
113,56467,4,TCP,0.234,2,120,60.0,8.54,1,1,0,1,1
1720,56468,4,TCP,0.232,2,120,60.0,8.61,1,1,0,1,1
22,56469,4,TCP,1.454,4,252,63.0,2.75,2,3,0,1,1
443,56470,4,TCP,0.213,2,120,60.0,9.41,1,1,0,1,1
1025,56471,4,TCP,0.205,2,120,60.0,9.77,1,1,0,1,1
256,56472,4,TCP,0.205,2,120,60.0,9.73,1,1,0,1,1
110,56473,4,TCP,0.239,2,120,60.0,8.38,1,1,0,1,1
135,56474,4,TCP,0.201,2,120,60.0,9.96,1,1,0,1,1
199,56475,4,TCP,0.201,2,120,60.0,9.96,1,1,0,1,1
993,56476,4,TCP,0.214,2,120,60.0,9.36,1,1,0,1,1
5900,56477,4,TCP,0.205,2,120,60.0,9.75,1,1,0,1,1
3306,56478,4,TCP,0.199,2,120,60.0,10.05,1,1,0,1,1
139,56479,4,TCP,0.27,2,120,60.0,7.4,1,1,0,1,1
23,56480,4,TCP,0.271,2,120,60.0,7.37,1,1,0,1,1
445,56481,4,TCP,0.266,2,120,60.0,7.52,1,1,0,1,1
80,56482,4,TCP,0.267,2,120,60.0,7.5,1,1,0,1,1
56619,56483,4,TCP,0.266,2,120,60.0,7.51,1,1,0,1,1
56014,56484,4,TCP,0.265,2,120,60.0,7.54,1,1,0,1,1
55343,56485,4,TCP,0.272,2,120,60.0,7.36,1,1,0,1,1
31750,56486,4,TCP,0.277,2,120,60.0,7.22,1,1,0,1,1
14552,56487,4,TCP,0.274,2,120,60.0,7.29,1,1,0,1,1
22023,56488,4,TCP,0.268,2,120,60.0,7.45,1,1,0,1,1
17260,56489,4,TCP,0.233,2,120,60.0,8.57,1,1,0,1,1
30588,56490,4,TCP,0.22,2,120,60.0,9.09,1,1,0,1,1
23440,56491,4,TCP,0.213,2,120,60.0,9.37,1,1,0,1,1
9157,56492,4,TCP,0.2,2,120,60.0,9.98,1,1,0,1,1
61022,56493,4,TCP,0.189,2,120,60.0,10.6,1,1,0,1,1
45128,56494,4,TCP,0.202,2,120,60.0,9.89,1,1,0,1,1
720,56495,4,TCP,0.243,2,120,60.0,8.23,1,1,0,1,1
25786,56496,4,TCP,0.249,2,120,60.0,8.05,1,1,0,1,1
36931,56497,4,TCP,0.248,2,120,60.0,8.08,1,1,0,1,1
43673,56498,4,TCP,0.244,2,120,60.0,8.21,1,1,0,1,1
34340,56499,4,TCP,0.249,2,120,60.0,8.04,1,1,0,1,1
28428,56500,4,TCP,0.222,2,120,60.0,9.02,1,1,0,1,1
2524,56501,4,TCP,0.192,2,120,60.0,10.42,1,1,0,1,1
35599,56502,4,TCP,0.191,2,120,60.0,10.46,1,1,0,1,1
24730,56503,4,TCP,0.183,2,120,60.0,10.93,1,1,0,1,1
17390,56504,4,TCP,0.184,2,120,60.0,10.87,1,1,0,1,1
57660,56505,4,TCP,0.189,2,120,60.0,10.6,1,1,0,1,1
62150,56506,4,TCP,0.19,2,120,60.0,10.51,1,1,0,1,1
46235,56507,4,TCP,0.188,2,120,60.0,10.63,1,1,0,1,1
10105,56508,4,TCP,0.198,2,120,60.0,10.11,1,1,0,1,1
36853,56509,4,TCP,0.28,2,120,60.0,7.15,1,1,0,1,1
61706,56510,4,TCP,0.27,2,120,60.0,7.42,1,1,0,1,1
51767,56511,4,TCP,0.254,2,120,60.0,7.86,1,1,0,1,1
54288,56512,4,TCP,0.224,2,120,60.0,8.91,1,1,0,1,1
39185,56513,4,TCP,0.213,2,120,60.0,9.41,1,1,0,1,1
32200,56514,4,TCP,0.191,2,120,60.0,10.5,1,1,0,1,1
14460,56515,4,TCP,0.191,2,120,60.0,10.47,1,1,0,1,1
47088,56516,4,TCP,0.18,2,120,60.0,11.11,1,1,0,1,1
18001,56517,4,TCP,0.184,2,120,60.0,10.88,1,1,0,1,1
40900,56518,4,TCP,0.184,2,120,60.0,10.85,1,1,0,1,1
49647,56519,4,TCP,0.186,2,120,60.0,10.74,1,1,0,1,1
33336,56520,4,TCP,0.178,2,120,60.0,11.22,1,1,0,1,1
24381,56521,4,TCP,0.001,1,66,66.0,1000.0,1,0,0,0,1
2948,56522,4,TCP,0.001,1,66,66.0,1000.0,1,0,0,0,1
31430,56523,4,TCP,0.001,1,66,66.0,1000.0,1,0,0,0,1
26521,57115,4,TCP,0.001,1,66,66.0,1000.0,1,0,0,0,1
39528,57499,4,TCP,0.001,1,66,66.0,1000.0,1,0,0,0,1
40585,57883,4,TCP,0.001,1,66,66.0,1000.0,1,0,0,0,1
31787,58267,4,TCP,0.001,1,66,66.0,1000.0,1,0,0,0,1
49464,58715,4,TCP,0.001,1,66,66.0,1000.0,1,0,0,0,1
64856,59100,4,TCP,0.001,1,66,66.0,1000.0,1,0,0,0,1
9110,59485,4,TCP,0.001,1,66,66.0,1000.0,1,0,0,0,1
12811,59935,4,TCP,0.001,1,66,66.0,1000.0,1,0,0,0,1
11804,60319,4,TCP,0.001,1,66,66.0,1000.0,1,0,0,0,1
52647,60705,4,TCP,0.001,1,66,66.0,1000.0,1,0,0,0,1
261,61091,4,TCP,0.001,1,66,66.0,1000.0,1,0,0,0,1
36857,61735,4,TCP,0.001,1,66,66.0,1000.0,1,0,0,0,1
57043,62184,4,TCP,0.001,1,66,66.0,1000.0,1,0,0,0,1
26547,62567,4,TCP,0.001,1,66,66.0,1000.0,1,0,0,0,1
59775,62951,4,TCP,0.001,1,66,66.0,1000.0,1,0,0,0,1
49376,63335,4,TCP,0.001,1,66,66.0,1000.0,1,0,0,0,1
19168,63719,4,TCP,0.001,1,66,66.0,1000.0,1,0,0,0,1
5508,64108,4,TCP,0.001,1,66,66.0,1000.0,1,0,0,0,1
26985,64494,4,TCP,0.001,1,66,66.0,1000.0,1,0,0,0,1
8613,64878,4,TCP,0.001,1,66,66.0,1000.0,1,0,0,0,1
64988,65262,4,TCP,0.001,1,66,66.0,1000.0,1,0,0,0,1
26692,1135,4,TCP,0.001,1,66,66.0,1000.0,1,0,0,0,1
61613,1582,4,TCP,0.001,1,66,66.0,1000.0,1,0,0,0,1
43275,1966,4,TCP,0.001,1,66,66.0,1000.0,1,0,0,0,1
15409,2350,4,TCP,0.001,1,66,66.0,1000.0,1,0,0,0,1
33595,2734,4,TCP,0.001,1,66,66.0,1000.0,1,0,0,0,1
57414,3118,4,TCP,0.001,1,66,66.0,1000.0,1,0,0,0,1
24437,3502,4,TCP,0.001,1,66,66.0,1000.0,1,0,0,0,1
30266,4206,4,TCP,0.001,1,66,66.0,1000.0,1,0,0,0,1
57921,4593,4,TCP,0.001,1,66,66.0,1000.0,1,0,0,0,1
57311,4977,4,TCP,0.001,1,66,66.0,1000.0,1,0,0,0,1
30544,5363,4,TCP,0.001,1,66,66.0,1000.0,1,0,0,0,1
49846,5747,4,TCP,0.001,1,66,66.0,1000.0,1,0,0,0,1
64507,6195,4,TCP,0.001,1,66,66.0,1000.0,1,0,0,0,1
62013,6579,4,TCP,0.001,1,66,66.0,1000.0,1,0,0,0,1
54757,6963,4,TCP,0.001,1,66,66.0,1000.0,1,0,0,0,1
7478,7347,4,TCP,0.001,1,66,66.0,1000.0,1,0,0,0,1
13186,7732,4,TCP,0.001,1,66,66.0,1000.0,1,0,0,0,1
55810,8116,4,TCP,0.001,1,66,66.0,1000.0,1,0,0,0,1
21804,8500,4,TCP,0.001,1,66,66.0,1000.0,1,0,0,0,1
65260,8884,4,TCP,0.001,1,66,66.0,1000.0,1,0,0,0,1
15812,9331,4,TCP,0.001,1,66,66.0,1000.0,1,0,0,0,1
23292,9715,4,TCP,0.001,1,66,66.0,1000.0,1,0,0,0,1
34007,10036,4,TCP,0.001,1,66,66.0,1000.0,1,0,0,0,1
65053,10420,4,TCP,0.001,1,66,66.0,1000.0,1,0,0,0,1
8285,10804,4,TCP,0.001,1,66,66.0,1000.0,1,0,0,0,1
53388,11316,4,TCP,0.001,1,66,66.0,1000.0,1,0,0,0,1
40975,11700,4,TCP,0.001,1,66,66.0,1000.0,1,0,0,0,1
31014,12020,4,TCP,0.001,1,66,66.0,1000.0,1,0,0,0,1
57647,12468,4,TCP,0.001,1,66,66.0,1000.0,1,0,0,0,1
58828,12980,4,TCP,0.001,1,66,66.0,1000.0,1,0,0,0,1
37169,13432,4,TCP,0.001,1,66,66.0,1000.0,1,0,0,0,1
2778,13816,4,TCP,0.001,1,66,66.0,1000.0,1,0,0,0,1
59769,14200,4,TCP,0.001,1,66,66.0,1000.0,1,0,0,0,1
31938,14584,4,TCP,0.001,1,66,66.0,1000.0,1,0,0,0,1
3381,14968,4,TCP,0.001,1,66,66.0,1000.0,1,0,0,0,1
16537,15355,4,TCP,0.001,1,66,66.0,1000.0,1,0,0,0,1
20833,15739,4,TCP,0.001,1,66,66.0,1000.0,1,0,0,0,1
48071,16123,4,TCP,0.001,1,66,66.0,1000.0,1,0,0,0,1
29591,16507,4,TCP,0.001,1,66,66.0,1000.0,1,0,0,0,1
33818,16891,4,TCP,0.001,1,66,66.0,1000.0,1,0,0,0,1
44453,17275,4,TCP,0.001,1,66,66.0,1000.0,1,0,0,0,1
34762,17659,4,TCP,0.001,1,66,66.0,1000.0,1,0,0,0,1
37512,18107,4,TCP,0.001,1,66,66.0,1000.0,1,0,0,0,1
27133,18555,4,TCP,0.001,1,66,66.0,1000.0,1,0,0,0,1
16765,18939,4,TCP,0.001,1,66,66.0,1000.0,1,0,0,0,1
3065,19323,4,TCP,0.001,1,66,66.0,1000.0,1,0,0,0,1
34608,19708,4,TCP,0.001,1,66,66.0,1000.0,1,0,0,0,1
43996,20092,4,TCP,0.001,1,66,66.0,1000.0,1,0,0,0,1
45165,20476,4,TCP,0.001,1,66,66.0,1000.0,1,0,0,0,1
40413,20860,4,TCP,0.001,1,66,66.0,1000.0,1,0,0,0,1
6115,21243,4,TCP,0.001,1,66,66.0,1000.0,1,0,0,0,1
49556,21627,4,TCP,0.001,1,66,66.0,1000.0,1,0,0,0,1
42603,22011,4,TCP,0.001,1,66,66.0,1000.0,1,0,0,0,1
30323,22331,4,TCP,0.001,1,66,66.0,1000.0,1,0,0,0,1
24838,22651,4,TCP,0.001,1,66,66.0,1000.0,1,0,0,0,1
959,22907,4,TCP,0.001,1,66,66.0,1000.0,1,0,0,0,1
16732,23227,4,TCP,0.001,1,66,66.0,1000.0,1,0,0,0,1
5920,23483,4,TCP,0.001,1,66,66.0,1000.0,1,0,0,0,1
29432,23739,4,TCP,0.001,1,66,66.0,1000.0,1,0,0,0,1
30531,23995,4,TCP,0.001,1,66,66.0,1000.0,1,0,0,0,1
62642,24251,4,TCP,0.001,1,66,66.0,1000.0,1,0,0,0,1
19260,24507,4,TCP,0.001,1,66,66.0,1000.0,1,0,0,0,1
43828,24764,4,TCP,0.001,1,66,66.0,1000.0,1,0,0,0,1
10084,25084,4,TCP,0.001,1,66,66.0,1000.0,1,0,0,0,1
21960,25340,4,TCP,0.001,1,66,66.0,1000.0,1,0,0,0,1
11843,25916,4,TCP,0.001,1,66,66.0,1000.0,1,0,0,0,1
25559,26300,4,TCP,0.001,1,66,66.0,1000.0,1,0,0,0,1
18443,27004,4,TCP,0.001,1,66,66.0,1000.0,1,0,0,0,1
41099,27326,4,TCP,0.001,1,66,66.0,1000.0,1,0,0,0,1
1835,27582,4,TCP,0.001,1,66,66.0,1000.0,1,0,0,0,1
25315,27838,4,TCP,0.001,1,66,66.0,1000.0,1,0,0,0,1
49434,28155,4,TCP,0.001,1,66,66.0,1000.0,1,0,0,0,1
24661,28411,4,TCP,0.001,1,66,66.0,1000.0,1,0,0,0,1
38017,28667,4,TCP,0.001,1,66,66.0,1000.0,1,0,0,0,1
15195,28923,4,TCP,0.001,1,66,66.0,1000.0,1,0,0,0,1
19371,29243,4,TCP,0.001,1,66,66.0,1000.0,1,0,0,0,1
60903,29499,4,TCP,0.001,1,66,66.0,1000.0,1,0,0,0,1
12248,29755,4,TCP,0.001,1,66,66.0,1000.0,1,0,0,0,1
58741,30011,4,TCP,0.001,1,66,66.0,1000.0,1,0,0,0,1
13832,30268,4,TCP,0.001,1,66,66.0,1000.0,1,0,0,0,1
2037,30524,4,TCP,0.001,1,66,66.0,1000.0,1,0,0,0,1
22922,30780,4,TCP,0.001,1,66,66.0,1000.0,1,0,0,0,1
32041,31036,4,TCP,0.001,1,66,66.0,1000.0,1,0,0,0,1
35718,31292,4,TCP,0.001,1,66,66.0,1000.0,1,0,0,0,1
50075,31548,4,TCP,0.001,1,66,66.0,1000.0,1,0,0,0,1
14710,31868,4,TCP,0.001,1,66,66.0,1000.0,1,0,0,0,1
1803,32124,4,TCP,0.001,1,66,66.0,1000.0,1,0,0,0,1
17440,32380,4,TCP,0.001,1,66,66.0,1000.0,1,0,0,0,1
667,32761,4,TCP,0.001,1,66,66.0,1000.0,1,0,0,0,1
47099,33146,4,TCP,0.001,1,66,66.0,1000.0,1,0,0,0,1
1238,33530,4,TCP,0.001,1,66,66.0,1000.0,1,0,0,0,1
53732,33914,4,TCP,0.001,1,66,66.0,1000.0,1,0,0,0,1
60526,34426,4,TCP,0.001,1,66,66.0,1000.0,1,0,0,0,1
60890,34810,4,TCP,0.001,1,66,66.0,1000.0,1,0,0,0,1
17150,35258,4,TCP,0.001,1,66,66.0,1000.0,1,0,0,0,1
39928,35514,4,TCP,0.001,1,66,66.0,1000.0,1,0,0,0,1
21303,35770,4,TCP,0.001,1,66,66.0,1000.0,1,0,0,0,1
2647,36155,4,TCP,0.001,1,66,66.0,1000.0,1,0,0,0,1
45135,36411,4,TCP,0.001,1,66,66.0,1000.0,1,0,0,0,1
15282,36667,4,TCP,0.001,1,66,66.0,1000.0,1,0,0,0,1
61945,36923,4,TCP,0.001,1,66,66.0,1000.0,1,0,0,0,1
20115,37179,4,TCP,0.001,1,66,66.0,1000.0,1,0,0,0,1
12520,37435,4,TCP,0.001,1,66,66.0,1000.0,1,0,0,0,1
47048,37691,4,TCP,0.001,1,66,66.0,1000.0,1,0,0,0,1
65361,37947,4,TCP,0.001,1,66,66.0,1000.0,1,0,0,0,1
25883,38203,4,TCP,0.001,1,66,66.0,1000.0,1,0,0,0,1
64180,38459,4,TCP,0.001,1,66,66.0,1000.0,1,0,0,0,1
11639,38779,4,TCP,0.001,1,66,66.0,1000.0,1,0,0,0,1
17424,39104,4,TCP,0.001,1,66,66.0,1000.0,1,0,0,0,1
38627,39488,4,TCP,0.001,1,66,66.0,1000.0,1,0,0,0,1
5705,39808,4,TCP,0.001,1,66,66.0,1000.0,1,0,0,0,1
45211,40064,4,TCP,0.001,1,66,66.0,1000.0,1,0,0,0,1
22647,40320,4,TCP,0.001,1,66,66.0,1000.0,1,0,0,0,1
65529,40576,4,TCP,0.001,1,66,66.0,1000.0,1,0,0,0,1
55151,40896,4,TCP,0.001,1,66,66.0,1000.0,1,0,0,0,1
38045,41152,4,TCP,0.001,1,66,66.0,1000.0,1,0,0,0,1
23391,41408,4,TCP,0.001,1,66,66.0,1000.0,1,0,0,0,1
18246,41664,4,TCP,0.001,1,66,66.0,1000.0,1,0,0,0,1
61905,41920,4,TCP,0.001,1,66,66.0,1000.0,1,0,0,0,1
37329,42177,4,TCP,0.001,1,66,66.0,1000.0,1,0,0,0,1
41743,42434,4,TCP,0.001,1,66,66.0,1000.0,1,0,0,0,1
6287,42690,4,TCP,0.001,1,66,66.0,1000.0,1,0,0,0,1
60213,42946,4,TCP,0.001,1,66,66.0,1000.0,1,0,0,0,1
21743,43202,4,TCP,0.001,1,66,66.0,1000.0,1,0,0,0,1
19251,43522,4,TCP,0.001,1,66,66.0,1000.0,1,0,0,0,1
52306,43778,4,TCP,0.001,1,66,66.0,1000.0,1,0,0,0,1
56208,44225,4,TCP,0.001,1,66,66.0,1000.0,1,0,0,0,1
22318,44609,4,TCP,0.001,1,66,66.0,1000.0,1,0,0,0,1
60918,45057,4,TCP,0.001,1,66,66.0,1000.0,1,0,0,0,1
13302,45313,4,TCP,0.001,1,66,66.0,1000.0,1,0,0,0,1
13095,45634,4,TCP,0.001,1,66,66.0,1000.0,1,0,0,0,1
17688,45890,4,TCP,0.001,1,66,66.0,1000.0,1,0,0,0,1
32596,46146,4,TCP,0.001,1,66,66.0,1000.0,1,0,0,0,1
62633,46402,4,TCP,0.001,1,66,66.0,1000.0,1,0,0,0,1
9408,46658,4,TCP,0.001,1,66,66.0,1000.0,1,0,0,0,1
31328,46981,4,TCP,0.001,1,66,66.0,1000.0,1,0,0,0,1
28258,47237,4,TCP,0.001,1,66,66.0,1000.0,1,0,0,0,1
64537,47493,4,TCP,0.001,1,66,66.0,1000.0,1,0,0,0,1
55034,47749,4,TCP,0.001,1,66,66.0,1000.0,1,0,0,0,1
56852,48005,4,TCP,0.001,1,66,66.0,1000.0,1,0,0,0,1
39208,48261,4,TCP,0.001,1,66,66.0,1000.0,1,0,0,0,1
33359,48517,4,TCP,0.001,1,66,66.0,1000.0,1,0,0,0,1
21545,48837,4,TCP,0.001,1,66,66.0,1000.0,1,0,0,0,1
50554,49093,4,TCP,0.001,1,66,66.0,1000.0,1,0,0,0,1
57171,49349,4,TCP,0.001,1,66,66.0,1000.0,1,0,0,0,1
64068,49874,4,TCP,0.001,1,66,66.0,1000.0,1,0,0,0,1
2343,50190,4,TCP,0.001,1,66,66.0,1000.0,1,0,0,0,1
1932,50446,4,TCP,0.001,1,66,66.0,1000.0,1,0,0,0,1
36604,50703,4,TCP,0.001,1,66,66.0,1000.0,1,0,0,0,1
52233,50896,4,TCP,0.001,1,66,66.0,1000.0,1,0,0,0,1
3361,51216,4,TCP,0.001,1,66,66.0,1000.0,1,0,0,0,1
4787,51472,4,TCP,0.001,1,66,66.0,1000.0,1,0,0,0,1
14805,51728,4,TCP,0.001,1,66,66.0,1000.0,1,0,0,0,1
22990,51988,4,TCP,0.001,1,66,66.0,1000.0,1,0,0,0,1
59553,52244,4,TCP,0.001,1,66,66.0,1000.0,1,0,0,0,1
36266,52501,4,TCP,0.001,1,66,66.0,1000.0,1,0,0,0,1
62852,52758,4,TCP,0.001,1,66,66.0,1000.0,1,0,0,0,1
23449,53014,4,TCP,0.001,1,66,66.0,1000.0,1,0,0,0,1
34288,53334,4,TCP,0.001,1,66,66.0,1000.0,1,0,0,0,1
11377,53590,4,TCP,0.001,1,66,66.0,1000.0,1,0,0,0,1
31204,53847,4,TCP,0.001,1,66,66.0,1000.0,1,0,0,0,1
52426,54103,4,TCP,0.001,1,66,66.0,1000.0,1,0,0,0,1
34838,54359,4,TCP,0.001,1,66,66.0,1000.0,1,0,0,0,1
60803,54615,4,TCP,0.001,1,66,66.0,1000.0,1,0,0,0,1
999,54872,4,TCP,0.001,1,66,66.0,1000.0,1,0,0,0,1
30548,55134,4,TCP,0.001,1,66,66.0,1000.0,1,0,0,0,1
41644,55390,4,TCP,0.001,1,66,66.0,1000.0,1,0,0,0,1
49347,55646,4,TCP,0.001,1,66,66.0,1000.0,1,0,0,0,1
63824,56030,4,TCP,0.001,1,66,66.0,1000.0,1,0,0,0,1
53746,56415,4,TCP,0.001,1,66,66.0,1000.0,1,0,0,0,1
25795,56799,4,TCP,0.001,1,66,66.0,1000.0,1,0,0,0,1
51337,57119,4,TCP,0.001,1,66,66.0,1000.0,1,0,0,0,1
2108,57503,4,TCP,0.001,1,66,66.0,1000.0,1,0,0,0,1
56528,1900,4,UDP,3.003,4,848,212.0,1.33,0,0,0,0,1
56530,1900,4,UDP,3.002,4,848,212.0,1.33,0,0,0,0,1
60809,22,4,TCP,18.483,30,5585,186.17,1.62,2,29,0,1,2
60810,22,4,TCP,14.191,30,5585,186.17,2.11,2,29,0,1,2
15861,22,4,TCP,10.421,30,5585,186.17,2.88,2,29,0,1,2
15862,22,4,TCP,11.652,30,5585,186.17,2.57,2,29,0,1,2
59999,22,4,TCP,1.945,23,9000,391.3,11.83,2,22,2,0,2
60000,22,4,TCP,3.781,21,7420,353.33,5.55,2,20,2,0,2
60001,22,4,TCP,3.791,23,9000,391.3,6.07,2,22,2,0,2
60002,22,4,TCP,3.789,23,9000,391.3,6.07,2,22,2,0,2
60003,22,4,TCP,3.796,23,9000,391.3,6.06,2,22,2,0,2
60004,22,4,TCP,1.953,23,9000,391.3,11.78,2,22,2,0,2
60005,22,4,TCP,3.779,21,7420,353.33,5.56,2,20,2,0,2
60006,22,4,TCP,1.94,23,9000,391.3,11.86,2,22,2,0,2
60007,22,4,TCP,0.005,7,462,66.0,1281.21,2,6,0,1,2
60008,22,4,TCP,0.006,7,462,66.0,1172.01,2,6,0,1,2
60009,22,4,TCP,0.006,7,462,66.0,1131.72,2,6,0,1,2
60010,22,4,TCP,0.007,7,462,66.0,1046.67,2,6,0,1,2
60011,22,4,TCP,0.006,7,462,66.0,1168.79,2,6,0,1,2
60012,22,4,TCP,0.005,7,462,66.0,1388.05,2,6,0,1,2
60013,22,4,TCP,0.005,7,462,66.0,1544.78,2,6,0,1,2
60014,22,4,TCP,0.006,7,462,66.0,1200.04,2,6,0,1,2
60015,22,4,TCP,0.005,7,462,66.0,1301.94,2,6,0,1,2
60016,22,4,TCP,0.004,7,462,66.0,1581.82,2,6,0,1,2
60017,22,4,TCP,0.004,7,462,66.0,1964.02,2,6,0,1,2
60018,22,4,TCP,0.002,7,462,66.0,3118.77,2,6,0,1,2
60019,22,4,TCP,0.004,7,462,66.0,1837.07,2,6,0,1,2
60020,22,4,TCP,0.003,7,462,66.0,2438.75,2,6,0,1,2
60021,22,4,TCP,0.002,7,462,66.0,3219.31,2,6,0,1,2
60022,22,4,TCP,0.002,7,462,66.0,2962.98,2,6,0,1,2
60023,22,4,TCP,0.004,7,462,66.0,1793.53,2,6,0,1,2
60024,22,4,TCP,0.004,7,462,66.0,1785.79,2,6,0,1,2
60025,22,4,TCP,0.004,7,462,66.0,1800.68,2,6,0,1,2
60026,22,4,TCP,0.005,7,462,66.0,1524.57,2,6,0,1,2
60027,22,4,TCP,0.002,7,462,66.0,3344.36,2,6,0,1,2
60028,22,4,TCP,0.002,7,462,66.0,3201.76,2,6,0,1,2
60029,22,4,TCP,0.006,7,462,66.0,1268.97,2,6,0,1,2
60030,22,4,TCP,0.003,7,462,66.0,2236.11,2,6,0,1,2
60031,22,4,TCP,0.006,7,462,66.0,1172.39,2,6,0,1,2
60032,22,4,TCP,0.002,7,462,66.0,3066.01,2,6,0,1,2
60033,22,4,TCP,0.005,7,462,66.0,1325.27,2,6,0,1,2
60034,22,4,TCP,0.002,7,462,66.0,2892.62,2,6,0,1,2
60035,22,4,TCP,0.006,7,462,66.0,1216.34,2,6,0,1,2
60036,22,4,TCP,0.002,7,462,66.0,3320.91,2,6,0,1,2
60037,22,4,TCP,0.002,7,462,66.0,3052.94,2,6,0,1,2
60038,22,4,TCP,0.003,7,462,66.0,2704.26,2,6,0,1,2
60039,22,4,TCP,0.004,7,462,66.0,1953.69,2,6,0,1,2
60040,22,4,TCP,0.004,7,462,66.0,1914.96,2,6,0,1,2
60041,22,4,TCP,0.003,7,462,66.0,2753.72,2,6,0,1,2
60042,22,4,TCP,0.004,7,462,66.0,1964.41,2,6,0,1,2
60043,22,4,TCP,0.002,7,462,66.0,2870.0,2,6,0,1,2
60044,22,4,TCP,0.004,7,462,66.0,1767.94,2,6,0,1,2
60045,22,4,TCP,0.003,7,462,66.0,2376.18,2,6,0,1,2
60046,22,4,TCP,0.002,7,462,66.0,3337.9,2,6,0,1,2
60047,22,4,TCP,0.002,7,462,66.0,3430.72,2,6,0,1,2
60048,22,4,TCP,0.003,7,462,66.0,2181.13,2,6,0,1,2
60049,22,4,TCP,0.005,7,462,66.0,1550.57,2,6,0,1,2
60050,22,4,TCP,0.003,7,462,66.0,2238.16,2,6,0,1,2
60051,22,4,TCP,0.002,7,462,66.0,3373.56,2,6,0,1,2
60052,22,4,TCP,0.003,7,462,66.0,2208.52,2,6,0,1,2
60053,22,4,TCP,0.002,7,462,66.0,3295.56,2,6,0,1,2
60054,22,4,TCP,0.005,7,462,66.0,1354.19,2,6,0,1,2
60055,22,4,TCP,0.003,7,462,66.0,2294.84,2,6,0,1,2
60056,22,4,TCP,0.004,7,462,66.0,1829.29,2,6,0,1,2
60057,22,4,TCP,0.004,7,462,66.0,1995.12,2,6,0,1,2
60058,22,4,TCP,0.004,7,462,66.0,1618.71,2,6,0,1,2
60059,22,4,TCP,0.006,7,462,66.0,1126.77,2,6,0,1,2
60060,22,4,TCP,0.005,7,462,66.0,1419.6,2,6,0,1,2
60061,22,4,TCP,0.006,7,462,66.0,1166.84,2,6,0,1,2
60062,22,4,TCP,0.005,7,462,66.0,1490.66,2,6,0,1,2
60063,22,4,TCP,0.003,7,462,66.0,2281.11,2,6,0,1,2
60064,22,4,TCP,0.002,7,462,66.0,3232.78,2,6,0,1,2
60065,22,4,TCP,0.003,7,462,66.0,2091.62,2,6,0,1,2
60066,22,4,TCP,0.002,7,462,66.0,3410.4,2,6,0,1,2
60067,22,4,TCP,0.002,7,462,66.0,3561.39,2,6,0,1,2
60068,22,4,TCP,0.004,7,462,66.0,1721.09,2,6,0,1,2
60069,22,4,TCP,0.005,7,462,66.0,1365.91,2,6,0,1,2
60070,22,4,TCP,0.002,7,462,66.0,3441.58,2,6,0,1,2
60071,22,4,TCP,0.003,7,462,66.0,2689.15,2,6,0,1,2
60072,22,4,TCP,0.004,7,462,66.0,1887.5,2,6,0,1,2
60073,22,4,TCP,0.002,7,462,66.0,3503.18,2,6,0,1,2
60074,22,4,TCP,0.003,7,462,66.0,2476.81,2,6,0,1,2
60075,22,4,TCP,0.002,7,462,66.0,3102.62,2,6,0,1,2
60076,22,4,TCP,0.004,7,462,66.0,1927.66,2,6,0,1,2
60077,22,4,TCP,0.004,7,462,66.0,1640.87,2,6,0,1,2
60078,22,4,TCP,0.003,7,462,66.0,2292.51,2,6,0,1,2
60079,22,4,TCP,0.005,7,462,66.0,1501.26,2,6,0,1,2
60080,22,4,TCP,0.003,7,462,66.0,2032.83,2,6,0,1,2
60081,22,4,TCP,0.004,7,462,66.0,1597.48,2,6,0,1,2
60082,22,4,TCP,0.003,7,462,66.0,2553.72,2,6,0,1,2
60083,22,4,TCP,0.004,7,462,66.0,1708.37,2,6,0,1,2
60084,22,4,TCP,0.003,7,462,66.0,2694.58,2,6,0,1,2
60085,22,4,TCP,0.004,7,462,66.0,1636.3,2,6,0,1,2
60086,22,4,TCP,0.003,7,462,66.0,2170.48,2,6,0,1,2
60087,22,4,TCP,0.003,7,462,66.0,2732.7,2,6,0,1,2
60088,22,4,TCP,0.004,7,462,66.0,1817.74,2,6,0,1,2
60089,22,4,TCP,0.005,7,462,66.0,1535.81,2,6,0,1,2
60090,22,4,TCP,0.003,7,462,66.0,2257.43,2,6,0,1,2
60091,22,4,TCP,0.003,7,462,66.0,2779.0,2,6,0,1,2
60092,22,4,TCP,0.002,7,462,66.0,3499.0,2,6,0,1,2
60093,22,4,TCP,0.002,7,462,66.0,3163.13,2,6,0,1,2
60094,22,4,TCP,0.002,7,462,66.0,2988.92,2,6,0,1,2
60095,22,4,TCP,0.004,7,462,66.0,1559.22,2,6,0,1,2
60096,22,4,TCP,0.004,7,462,66.0,1682.34,2,6,0,1,2
60097,22,4,TCP,0.004,7,462,66.0,1909.6,2,6,0,1,2
60098,22,4,TCP,0.004,7,462,66.0,1985.67,2,6,0,1,2
